Frame,Time,GSensor.X,GSensor.Y,GSensor.Z
0,0.000,3.6,-1.2,114.0
1,0.010,3.7,-1.2,114.0
2,0.020,3.7,-1.2,114.0
3,0.030,3.7,-1.1,114.0
4,0.040,3.7,-1.1,114.0
5,0.050,3.7,-1.1,114.0
6,0.060,3.7,-1.1,114.0
7,0.070,3.7,-1.2,114.0
8,0.080,3.7,-1.2,114.0
9,0.090,3.7,-1.2,114.0
10,0.100,3.7,-1.2,114.0
11,0.110,3.7,-1.2,114.0
12,0.120,3.7,-1.2,114.0
13,0.130,3.7,-1.2,114.0
14,0.140,3.7,-1.2,114.0
15,0.150,3.7,-1.2,114.0
16,0.160,3.7,-1.2,114.0
17,0.170,3.7,-1.2,114.0
18,0.180,3.7,-1.2,114.0
19,0.190,3.7,-1.2,114.0
20,0.200,3.7,-1.2,114.0
21,0.210,3.7,-1.2,114.0
22,0.220,3.7,-1.2,114.0
23,0.230,3.6,-1.2,114.0
24,0.240,3.6,-1.2,114.0
25,0.250,3.6,-1.2,114.0
26,0.260,3.6,-1.2,114.0
27,0.270,3.6,-1.2,114.0
28,0.280,3.6,-1.2,114.0
29,0.290,3.6,-1.2,114.0
30,0.300,3.6,-1.2,114.0
31,0.310,3.6,-1.2,113.9
32,0.320,3.6,-1.2,113.9
33,0.330,3.6,-1.2,113.9
34,0.340,3.6,-1.1,113.9
35,0.350,3.6,-1.1,113.9
36,0.360,3.5,-1.1,113.9
37,0.370,3.5,-1.1,113.9
38,0.380,3.4,-1.1,113.9
39,0.390,3.4,-1.1,113.9
40,0.400,3.4,-1.1,113.9
41,0.410,3.4,-1.1,113.9
42,0.420,3.4,-1.1,113.9
43,0.430,3.4,-1.1,113.9
44,0.440,3.4,-1.1,113.9
45,0.450,3.4,-1.1,113.9
46,0.460,3.4,-1.1,113.9
47,0.470,3.4,-1.1,113.9
48,0.480,3.4,-1.1,113.9
49,0.490,3.4,-1.1,113.9
50,0.500,3.4,-1.1,113.9
51,0.510,3.4,-1.1,113.9
52,0.520,3.5,-1.1,113.9
53,0.530,3.5,-1.1,113.9
54,0.540,3.5,-1.1,113.9
55,0.550,3.5,-1.1,113.9
56,0.560,3.5,-1.1,113.9
57,0.570,3.5,-1.1,113.9
58,0.580,3.5,-1.1,113.9
59,0.590,3.5,-1.1,113.9
60,0.600,3.5,-1.1,113.9
61,0.610,3.4,-1.1,113.9
62,0.620,3.4,-1.1,113.9
63,0.630,3.4,-1.1,113.8
64,0.640,3.4,-1.1,113.8
65,0.650,3.4,-1.1,113.8
66,0.660,3.4,-1.1,113.8
67,0.670,3.4,-1.1,113.8
68,0.680,3.4,-1.1,113.8
69,0.690,3.4,-1.1,113.8
70,0.700,3.4,-1.1,113.8
71,0.710,3.4,-1.1,113.8
72,0.720,3.4,-1.1,113.8
73,0.730,3.4,-1.1,113.8
74,0.740,3.4,-1.1,113.8
75,0.750,3.4,-1.1,113.8
76,0.760,3.4,-1.1,113.8
77,0.770,3.4,-1.1,113.8
78,0.780,3.4,-1.1,113.8
79,0.790,3.4,-1.1,113.8
80,0.800,3.5,-1.1,113.8
81,0.810,3.5,-1.1,113.8
82,0.820,3.5,-1.1,113.8
83,0.830,3.5,-1.1,113.8
84,0.840,3.5,-1.1,113.8
85,0.850,3.5,-1.1,113.8
86,0.860,3.6,-1.1,113.8
87,0.870,3.6,-1.1,113.8
88,0.880,3.6,-1.2,113.8
89,0.890,3.6,-1.2,113.8
90,0.900,3.6,-1.2,113.8
91,0.910,3.7,-1.2,113.8
92,0.920,3.7,-1.2,113.8
93,0.930,3.7,-1.2,113.8
94,0.940,3.7,-1.2,113.8
95,0.950,3.7,-1.2,113.8
96,0.960,3.7,-1.2,113.8
97,0.970,3.7,-1.2,113.8
98,0.980,3.7,-1.2,113.8
99,0.990,3.7,-1.2,113.8
100,1.000,3.6,-1.3,113.8
101,1.010,3.6,-1.3,113.8
102,1.020,3.6,-1.3,113.8
103,1.030,3.6,-1.3,113.8
104,1.040,3.6,-1.3,113.8
105,1.050,3.6,-1.3,113.8
106,1.060,3.5,-1.4,113.8
107,1.070,3.5,-1.4,113.8
108,1.080,3.5,-1.4,113.8
109,1.090,3.5,-1.4,113.8
110,1.100,3.5,-1.4,113.8
111,1.110,3.5,-1.4,113.8
112,1.120,3.5,-1.4,113.8
113,1.130,3.4,-1.4,113.8
114,1.140,3.4,-1.4,113.8
115,1.150,3.4,-1.4,113.8
116,1.160,3.4,-1.4,113.8
117,1.170,3.4,-1.4,113.8
118,1.180,3.4,-1.3,113.8
119,1.190,3.4,-1.3,113.8
120,1.200,3.4,-1.3,113.8
121,1.210,3.4,-1.3,113.8
122,1.220,3.4,-1.4,113.8
123,1.230,3.4,-1.4,113.8
124,1.240,3.4,-1.4,113.8
125,1.250,3.4,-1.4,113.8
126,1.260,3.4,-1.4,113.8
127,1.270,3.4,-1.4,113.8
128,1.280,3.4,-1.4,113.8
129,1.290,3.4,-1.4,113.8
130,1.300,3.4,-1.4,113.8
131,1.310,3.4,-1.4,113.8
132,1.320,3.4,-1.4,113.8
133,1.330,3.5,-1.4,113.8
134,1.340,3.5,-1.4,113.8
135,1.350,3.5,-1.4,113.8
136,1.360,3.5,-1.4,113.8
137,1.370,3.5,-1.4,113.8
138,1.380,3.5,-1.4,113.8
139,1.390,3.5,-1.4,113.8
140,1.400,3.5,-1.4,113.8
141,1.410,3.5,-1.4,113.8
142,1.420,3.6,-1.4,113.8
143,1.430,3.6,-1.4,113.8
144,1.440,3.6,-1.4,113.8
145,1.450,3.6,-1.3,113.8
146,1.460,3.6,-1.3,113.8
147,1.470,3.6,-1.3,113.8
148,1.480,3.6,-1.3,113.8
149,1.490,3.6,-1.3,113.8
150,1.500,3.6,-1.3,113.8
151,1.510,3.6,-1.3,113.8
152,1.520,3.6,-1.3,113.8
153,1.530,3.6,-1.3,113.8
154,1.540,3.6,-1.3,113.8
155,1.550,3.6,-1.3,113.8
156,1.560,3.6,-1.3,113.8
157,1.570,3.7,-1.3,113.8
158,1.580,3.7,-1.3,113.8
159,1.590,3.7,-1.3,113.8
160,1.600,3.6,-1.3,113.8
161,1.610,3.6,-1.3,113.8
162,1.620,3.6,-1.3,113.8
163,1.630,3.6,-1.3,113.8
164,1.640,3.6,-1.3,113.8
165,1.650,3.6,-1.3,113.8
166,1.660,3.6,-1.3,113.8
167,1.670,3.6,-1.3,113.8
168,1.680,3.6,-1.3,113.8
169,1.690,3.6,-1.3,113.8
170,1.700,3.6,-1.3,113.8
171,1.710,3.6,-1.3,113.8
172,1.720,3.6,-1.3,113.8
173,1.730,3.6,-1.3,113.8
174,1.740,3.6,-1.3,113.8
175,1.750,3.6,-1.3,113.8
176,1.760,3.6,-1.3,113.8
177,1.770,3.6,-1.3,113.8
178,1.780,3.6,-1.2,113.8
179,1.790,3.6,-1.2,113.8
180,1.800,3.6,-1.2,113.8
181,1.810,3.6,-1.2,113.8
182,1.820,3.6,-1.2,113.8
183,1.830,3.6,-1.2,113.8
184,1.840,3.6,-1.2,113.8
185,1.850,3.6,-1.2,113.8
186,1.860,3.6,-1.2,113.8
187,1.870,3.6,-1.2,113.8
188,1.880,3.6,-1.2,113.8
189,1.890,3.6,-1.2,113.8
190,1.900,3.6,-1.2,113.8
191,1.910,3.6,-1.2,113.8
192,1.920,3.6,-1.2,113.8
193,1.930,3.6,-1.2,113.8
194,1.940,3.6,-1.2,113.8
195,1.950,3.6,-1.2,113.8
196,1.960,3.6,-1.2,113.8
197,1.970,3.6,-1.2,113.8
198,1.980,3.6,-1.2,113.8
199,1.990,3.6,-1.2,113.8
200,2.000,3.6,-1.2,113.8
201,2.010,3.6,-1.2,113.8
202,2.020,3.6,-1.2,113.8
203,2.030,3.6,-1.2,113.8
204,2.040,3.6,-1.2,113.8
205,2.050,3.6,-1.2,113.8
206,2.060,3.6,-1.2,113.8
207,2.070,3.6,-1.2,113.8
208,2.080,3.6,-1.2,113.8
209,2.090,3.6,-1.2,113.8
210,2.100,3.6,-1.2,113.8
211,2.110,3.6,-1.2,113.8
212,2.120,3.6,-1.2,113.8
213,2.130,3.6,-1.2,113.8
214,2.140,3.5,-1.2,113.8
215,2.150,3.5,-1.2,113.8
216,2.160,3.5,-1.2,113.8
217,2.170,3.5,-1.3,113.8
218,2.180,3.5,-1.3,113.8
219,2.190,3.5,-1.3,113.8
220,2.200,3.5,-1.3,113.8
221,2.210,3.5,-1.3,113.8
222,2.220,3.5,-1.3,113.8
223,2.230,3.5,-1.3,113.8
224,2.240,3.5,-1.3,113.8
225,2.250,3.5,-1.3,113.8
226,2.260,3.5,-1.3,113.8
227,2.270,3.5,-1.3,113.8
228,2.280,3.5,-1.3,113.8
229,2.290,3.5,-1.3,113.8
230,2.300,3.5,-1.3,113.8
231,2.310,3.5,-1.3,113.8
232,2.320,3.5,-1.3,113.8
233,2.330,3.5,-1.3,113.8
234,2.340,3.5,-1.3,113.8
235,2.350,3.5,-1.3,113.8
236,2.360,3.5,-1.3,113.8
237,2.370,3.5,-1.3,113.8
238,2.380,3.4,-1.2,113.8
239,2.390,3.4,-1.2,113.8
240,2.400,3.4,-1.2,113.8
241,2.410,3.4,-1.2,113.8
242,2.420,3.4,-1.2,113.8
243,2.430,3.4,-1.2,113.8
244,2.440,3.4,-1.2,113.8
245,2.450,3.4,-1.2,113.8
246,2.460,3.4,-1.2,113.8
247,2.470,3.4,-1.2,113.8
248,2.480,3.3,-1.2,113.8
249,2.490,3.3,-1.2,113.8
250,2.500,3.3,-1.2,113.8
251,2.510,3.3,-1.2,113.8
252,2.520,3.3,-1.2,113.8
253,2.530,3.3,-1.2,113.8
254,2.540,3.3,-1.2,113.8
255,2.550,3.3,-1.2,113.8
256,2.560,3.3,-1.2,113.8
257,2.570,3.3,-1.2,113.8
258,2.580,3.3,-1.2,113.8
259,2.590,3.2,-1.2,113.8
260,2.600,3.2,-1.2,113.8
261,2.610,3.2,-1.2,113.8
262,2.620,3.1,-1.2,113.8
263,2.630,3.1,-1.2,113.8
264,2.640,3.1,-1.1,113.8
265,2.650,3.1,-1.1,113.8
266,2.660,3.1,-1.1,113.8
267,2.670,3.1,-1.1,113.8
268,2.680,3.1,-1.2,113.8
269,2.690,3.1,-1.2,113.8
270,2.700,3.1,-1.2,113.8
271,2.710,3.1,-1.2,113.8
272,2.720,3.1,-1.2,113.8
273,2.730,3.2,-1.2,113.8
274,2.740,3.2,-1.2,113.8
275,2.750,3.2,-1.2,113.8
276,2.760,3.2,-1.2,113.8
277,2.770,3.2,-1.2,113.8
278,2.780,3.2,-1.2,113.8
279,2.790,3.2,-1.2,113.8
280,2.800,3.2,-1.2,113.8
281,2.810,3.2,-1.2,113.8
282,2.820,3.2,-1.2,113.8
283,2.830,3.2,-1.2,113.8
284,2.840,3.2,-1.2,113.8
285,2.850,3.2,-1.2,113.8
286,2.860,3.2,-1.2,113.8
287,2.870,3.2,-1.2,113.8
288,2.880,3.1,-1.2,113.8
289,2.890,3.1,-1.2,113.8
290,2.900,3.1,-1.2,113.8
291,2.910,3.1,-1.2,113.8
292,2.920,3.1,-1.2,113.8
293,2.930,3.1,-1.2,113.8
294,2.940,3.1,-1.2,113.8
295,2.950,3.1,-1.2,113.8
296,2.960,3.1,-1.2,113.8
297,2.970,3.1,-1.2,113.8
298,2.980,3.0,-1.2,113.8
299,2.990,3.0,-1.2,113.8
300,3.000,3.0,-1.2,113.8
301,3.010,3.0,-1.2,113.8
302,3.020,3.0,-1.2,113.8
303,3.030,3.0,-1.2,113.8
304,3.040,3.0,-1.2,113.8
305,3.050,3.0,-1.2,113.8
306,3.060,3.0,-1.2,113.8
307,3.070,3.0,-1.2,113.8
308,3.080,3.0,-1.2,113.8
309,3.090,3.0,-1.2,113.8
310,3.100,3.0,-1.2,113.8
311,3.110,3.0,-1.2,113.8
312,3.120,3.0,-1.2,113.8
313,3.130,3.0,-1.2,113.8
314,3.140,3.0,-1.2,113.8
315,3.150,3.0,-1.2,113.8
316,3.160,3.0,-1.2,113.8
317,3.170,3.0,-1.2,113.8
318,3.180,3.0,-1.2,113.8
319,3.190,3.0,-1.2,113.8
320,3.200,3.0,-1.2,113.8
321,3.210,3.0,-1.2,113.8
322,3.220,3.0,-1.2,113.8
323,3.230,3.0,-1.2,113.8
324,3.240,3.0,-1.2,113.8
325,3.250,3.0,-1.2,113.8
326,3.260,3.0,-1.2,113.8
327,3.270,3.0,-1.3,113.8
328,3.280,3.0,-1.3,113.8
329,3.290,3.0,-1.3,113.8
330,3.300,3.0,-1.3,113.8
331,3.310,2.9,-1.3,113.8
332,3.320,2.9,-1.3,113.8
333,3.330,2.9,-1.3,113.8
334,3.340,2.9,-1.3,113.8
335,3.350,2.9,-1.3,113.8
336,3.360,2.9,-1.2,113.8
337,3.370,2.9,-1.2,113.8
338,3.380,2.9,-1.2,113.8
339,3.390,2.9,-1.2,113.8
340,3.400,2.9,-1.2,113.8
341,3.410,2.9,-1.2,113.8
342,3.420,2.9,-1.2,113.8
343,3.430,2.9,-1.2,113.8
344,3.440,2.9,-1.2,113.8
345,3.450,3.0,-1.2,113.8
346,3.460,3.0,-1.2,113.8
347,3.470,3.0,-1.2,113.8
348,3.480,3.0,-1.2,113.8
349,3.490,3.0,-1.3,113.8
350,3.500,3.0,-1.3,113.8
351,3.510,3.0,-1.3,113.8
352,3.520,3.0,-1.3,113.8
353,3.530,3.0,-1.3,113.8
354,3.540,3.0,-1.3,113.8
355,3.550,3.0,-1.3,113.8
356,3.560,3.0,-1.3,113.8
357,3.570,3.0,-1.3,113.8
358,3.580,3.0,-1.3,113.8
359,3.590,3.0,-1.3,113.8
360,3.600,3.1,-1.3,113.8
361,3.610,3.1,-1.3,113.8
362,3.620,3.1,-1.3,113.8
363,3.630,3.1,-1.3,113.8
364,3.640,3.1,-1.3,113.8
365,3.650,3.1,-1.3,113.8
366,3.660,3.2,-1.3,113.8
367,3.670,3.2,-1.3,113.8
368,3.680,3.3,-1.3,113.8
369,3.690,3.4,-1.3,113.8
370,3.700,3.6,-1.2,113.8
371,3.710,3.7,-1.2,113.8
372,3.720,3.9,-1.2,113.8
373,3.730,4.2,-1.2,113.8
374,3.740,4.5,-1.1,113.8
375,3.750,4.9,-1.1,113.8
376,3.760,5.3,-1.0,113.8
377,3.770,5.8,-1.0,113.8
378,3.780,6.4,-0.9,113.8
379,3.790,7.0,-0.8,113.8
380,3.800,7.6,-0.6,113.8
381,3.810,8.2,-0.5,113.8
382,3.820,8.9,-0.4,113.8
383,3.830,9.6,-0.2,113.7
384,3.840,10.4,-0.0,113.7
385,3.850,11.1,0.2,113.7
386,3.860,11.8,0.4,113.7
387,3.870,12.5,0.7,113.7
388,3.880,13.2,1.1,113.7
389,3.890,13.9,1.4,113.7
390,3.900,14.6,1.8,113.8
391,3.910,15.3,2.2,113.8
392,3.920,16.0,2.7,113.9
393,3.930,16.6,3.1,113.9
394,3.940,17.3,3.6,114.0
395,3.950,17.9,4.0,114.1
396,3.960,18.5,4.5,114.1
397,3.970,19.1,4.9,114.2
398,3.980,19.8,5.4,114.3
399,3.990,20.4,5.9,114.4
400,4.000,21.0,6.4,114.5
401,4.010,21.6,7.0,114.6
402,4.020,22.3,7.6,114.6
403,4.030,22.9,8.2,114.7
404,4.040,23.6,8.8,114.8
405,4.050,24.2,9.4,114.9
406,4.060,24.9,10.0,115.0
407,4.070,25.6,10.7,115.1
408,4.080,26.3,11.3,115.2
409,4.090,27.0,12.0,115.3
410,4.100,27.7,12.6,115.5
411,4.110,28.4,13.2,115.6
412,4.120,29.1,13.7,115.8
413,4.130,29.8,14.2,115.9
414,4.140,30.4,14.7,116.1
415,4.150,31.1,15.2,116.3
416,4.160,31.7,15.6,116.6
417,4.170,32.4,15.9,116.8
418,4.180,33.1,16.3,117.1
419,4.190,33.9,16.6,117.3
420,4.200,34.5,16.9,117.6
421,4.210,35.2,17.2,117.9
422,4.220,35.8,17.4,118.3
423,4.230,36.3,17.7,118.6
424,4.240,36.8,17.9,119.0
425,4.250,37.4,18.1,119.3
426,4.260,38.0,18.3,119.7
427,4.270,38.6,18.4,120.1
428,4.280,39.2,18.6,120.4
429,4.290,39.7,18.7,120.8
430,4.300,40.3,18.8,121.2
431,4.310,40.8,19.0,121.7
432,4.320,41.1,19.1,122.1
433,4.330,41.5,19.3,122.5
434,4.340,41.9,19.5,123.0
435,4.350,42.3,19.7,123.4
436,4.360,42.8,20.0,123.8
437,4.370,43.2,20.3,124.3
438,4.380,43.6,20.6,124.7
439,4.390,43.9,20.9,125.2
440,4.400,44.2,21.2,125.7
441,4.410,44.5,21.6,126.1
442,4.420,44.9,21.9,126.6
443,4.430,45.3,22.3,127.0
444,4.440,45.7,22.6,127.5
445,4.450,46.0,23.0,127.9
446,4.460,46.3,23.4,128.4
447,4.470,46.5,23.7,128.8
448,4.480,46.9,24.2,129.3
449,4.490,47.2,24.6,129.7
450,4.500,47.6,25.0,130.2
451,4.510,48.0,25.3,130.7
452,4.520,48.4,25.7,131.1
453,4.530,48.9,26.1,131.5
454,4.540,49.3,26.5,131.9
455,4.550,49.8,26.9,132.4
456,4.560,50.3,27.3,132.8
457,4.570,50.9,27.7,133.3
458,4.580,51.5,28.1,133.7
459,4.590,52.2,28.5,134.2
460,4.600,53.1,29.1,134.7
461,4.610,53.9,29.6,135.3
462,4.620,54.7,30.3,135.8
463,4.630,55.5,30.9,136.4
464,4.640,56.3,31.6,137.1
465,4.650,56.9,32.3,137.7
466,4.660,57.6,33.1,138.4
467,4.670,58.3,33.8,139.0
468,4.680,59.1,34.6,139.7
469,4.690,59.8,35.4,140.5
470,4.700,60.5,36.2,141.2
471,4.710,61.2,37.0,142.0
472,4.720,61.9,37.9,142.9
473,4.730,62.7,38.7,143.7
474,4.740,63.5,39.6,144.5
475,4.750,64.4,40.4,145.4
476,4.760,65.4,41.2,146.3
477,4.770,66.2,42.1,147.1
478,4.780,67.0,43.0,147.9
479,4.790,67.7,43.8,148.7
480,4.800,68.1,44.8,149.3
481,4.810,68.3,45.7,149.9
482,4.820,68.4,46.8,150.3
483,4.830,68.5,47.8,150.7
484,4.840,68.5,48.9,151.0
485,4.850,68.5,50.1,151.1
486,4.860,68.4,51.2,151.2
487,4.870,68.5,52.2,151.5
488,4.880,68.5,53.2,151.7
489,4.890,68.4,54.2,151.9
490,4.900,68.3,55.2,152.1
491,4.910,68.1,56.1,152.1
492,4.920,67.9,57.1,152.0
493,4.930,67.8,58.1,151.7
494,4.940,67.8,59.0,151.4
495,4.950,68.2,59.8,151.0
496,4.960,68.9,60.6,150.7
497,4.970,70.0,61.3,150.5
498,4.980,71.2,62.0,150.4
499,4.990,72.4,62.7,150.4
500,5.000,73.4,63.4,150.4
501,5.010,74.3,64.0,150.3
502,5.020,74.9,64.6,150.2
503,5.030,75.3,65.3,149.9
504,5.040,75.5,65.9,149.4
505,5.050,75.6,66.5,148.8
506,5.060,75.7,67.1,148.2
507,5.070,75.8,67.7,147.6
508,5.080,75.7,68.2,146.8
509,5.090,75.6,68.7,146.0
510,5.100,75.3,69.1,145.2
511,5.110,75.1,69.5,144.3
512,5.120,74.9,69.9,143.4
513,5.130,74.7,70.3,142.5
514,5.140,74.6,70.7,141.6
515,5.150,74.3,71.1,140.7
516,5.160,73.8,71.4,139.7
517,5.170,73.3,71.8,138.7
518,5.180,72.7,72.2,137.7
519,5.190,72.2,72.6,136.7
520,5.200,71.4,73.0,135.5
521,5.210,70.7,73.5,134.3
522,5.220,69.9,73.9,133.1
523,5.230,69.0,74.3,131.9
524,5.240,67.9,74.8,130.6
525,5.250,66.7,75.2,129.3
526,5.260,65.2,75.7,127.7
527,5.270,63.6,76.1,125.9
528,5.280,61.8,76.6,123.9
529,5.290,59.9,77.0,121.8
530,5.300,58.0,77.3,119.6
531,5.310,55.9,77.5,117.3
532,5.320,53.4,77.7,114.8
533,5.330,51.0,77.8,112.2
534,5.340,48.5,77.9,109.5
535,5.350,46.2,77.9,106.9
536,5.360,43.9,78.0,104.2
537,5.370,41.5,77.9,101.7
538,5.380,39.1,77.8,99.1
539,5.390,36.7,77.6,96.7
540,5.400,34.2,77.3,94.1
541,5.410,31.9,77.0,91.8
542,5.420,29.6,76.7,89.4
543,5.430,27.4,76.4,87.2
544,5.440,25.3,76.0,85.0
545,5.450,23.3,75.6,83.0
546,5.460,21.5,75.1,81.2
547,5.470,19.9,74.6,79.6
548,5.480,18.3,74.0,78.1
549,5.490,16.7,73.4,76.6
550,5.500,15.1,72.8,75.1
551,5.510,13.5,72.2,73.6
552,5.520,12.2,71.5,72.2
553,5.530,10.9,70.8,71.0
554,5.540,9.7,70.2,69.9
555,5.550,8.5,69.4,68.9
556,5.560,7.3,68.7,67.8
557,5.570,6.2,67.9,66.8
558,5.580,5.2,67.1,65.8
559,5.590,4.3,66.2,64.8
560,5.600,3.5,65.3,64.0
561,5.610,2.9,64.4,63.3
562,5.620,2.1,63.5,62.7
563,5.630,1.5,62.5,62.2
564,5.640,1.0,61.5,61.7
565,5.650,0.6,60.5,61.2
566,5.660,0.2,59.4,60.8
567,5.670,-0.1,58.2,60.4
568,5.680,-0.3,57.1,60.1
569,5.690,-0.6,55.9,59.8
570,5.700,-0.8,54.7,59.6
571,5.710,-1.1,53.5,59.5
572,5.720,-1.4,52.2,59.4
573,5.730,-1.7,50.8,59.2
574,5.740,-2.0,49.5,59.1
575,5.750,-2.2,48.1,59.0
576,5.760,-2.4,46.6,58.9
577,5.770,-2.4,45.1,58.9
578,5.780,-2.3,43.4,59.0
579,5.790,-2.1,41.7,59.1
580,5.800,-1.8,39.9,59.2
581,5.810,-1.4,38.1,59.3
582,5.820,-0.9,36.2,59.5
583,5.830,-0.4,34.2,59.7
584,5.840,0.2,32.2,59.9
585,5.850,1.0,30.0,60.1
586,5.860,1.9,27.7,60.3
587,5.870,3.0,25.2,60.5
588,5.880,4.3,22.7,60.7
589,5.890,6.0,20.2,60.9
590,5.900,7.9,17.7,61.1
591,5.910,10.0,15.2,61.4
592,5.920,12.1,12.6,61.6
593,5.930,14.5,10.0,61.8
594,5.940,16.9,7.5,62.1
595,5.950,19.4,5.0,62.4
596,5.960,21.9,2.6,62.7
597,5.970,24.3,0.2,63.1
598,5.980,26.4,-2.2,63.5
599,5.990,28.1,-4.7,64.0
600,6.000,29.5,-7.0,64.6
601,6.010,30.8,-9.4,65.3
602,6.020,31.4,-11.7,66.1
603,6.030,31.8,-14.0,67.0
604,6.040,32.2,-16.3,67.9
605,6.050,32.3,-18.6,68.9
606,6.060,32.1,-20.8,70.1
607,6.070,32.1,-23.1,71.3
608,6.080,31.8,-25.3,72.7
609,6.090,31.2,-27.4,74.2
610,6.100,30.8,-29.5,75.8
611,6.110,31.0,-31.6,77.3
612,6.120,31.2,-33.6,78.7
613,6.130,31.5,-35.6,80.1
614,6.140,31.7,-37.6,81.6
615,6.150,32.4,-39.7,83.2
616,6.160,33.4,-41.8,84.7
617,6.170,34.6,-43.8,86.1
618,6.180,35.6,-45.8,87.5
619,6.190,36.2,-47.6,88.7
620,6.200,36.5,-49.3,90.1
621,6.210,36.5,-50.9,91.6
622,6.220,36.4,-52.3,93.2
623,6.230,36.1,-53.6,94.9
624,6.240,35.5,-54.8,96.6
625,6.250,34.6,-55.8,98.4
626,6.260,33.6,-56.7,100.2
627,6.270,32.4,-57.4,102.2
628,6.280,31.1,-58.0,104.3
629,6.290,29.7,-58.5,106.5
630,6.300,28.4,-58.9,108.6
631,6.310,27.0,-59.2,110.8
632,6.320,25.4,-59.5,112.9
633,6.330,23.7,-59.8,115.1
634,6.340,22.1,-59.9,117.3
635,6.350,20.6,-60.1,119.5
636,6.360,19.2,-60.2,121.6
637,6.370,17.8,-60.2,123.5
638,6.380,16.4,-60.2,125.6
639,6.390,14.8,-60.2,127.7
640,6.400,13.1,-60.1,129.8
641,6.410,11.4,-60.0,131.9
642,6.420,9.8,-59.9,133.9
643,6.430,8.3,-59.7,136.0
644,6.440,6.8,-59.4,138.0
645,6.450,5.4,-59.1,139.9
646,6.460,3.9,-58.7,141.8
647,6.470,2.6,-58.3,143.7
648,6.480,1.5,-57.8,145.5
649,6.490,0.6,-57.4,147.2
650,6.500,-0.2,-57.0,148.8
651,6.510,-1.0,-56.6,150.3
652,6.520,-1.6,-56.1,151.7
653,6.530,-2.2,-55.5,153.0
654,6.540,-2.7,-54.9,154.3
655,6.550,-3.1,-54.3,155.5
656,6.560,-3.3,-53.7,156.6
657,6.570,-3.5,-53.0,157.6
658,6.580,-3.6,-52.2,158.6
659,6.590,-3.7,-51.4,159.4
660,6.600,-3.6,-50.5,160.1
661,6.610,-3.6,-49.6,160.7
662,6.620,-3.4,-48.6,161.3
663,6.630,-3.1,-47.5,161.7
664,6.640,-2.6,-46.4,162.1
665,6.650,-2.1,-45.3,162.4
666,6.660,-1.4,-44.0,162.7
667,6.670,-0.6,-42.7,162.8
668,6.680,0.2,-41.3,162.9
669,6.690,1.1,-39.9,162.9
670,6.700,2.1,-38.3,162.8
671,6.710,3.3,-36.7,162.7
672,6.720,4.7,-35.0,162.6
673,6.730,6.2,-33.3,162.4
674,6.740,7.9,-31.4,162.2
675,6.750,9.8,-29.5,162.0
676,6.760,11.8,-27.4,161.8
677,6.770,13.9,-25.4,161.6
678,6.780,16.3,-23.3,161.4
679,6.790,18.8,-21.3,161.2
680,6.800,21.4,-19.3,161.0
681,6.810,24.0,-17.2,160.8
682,6.820,26.7,-15.2,160.7
683,6.830,29.5,-13.1,160.5
684,6.840,32.3,-11.0,160.3
685,6.850,35.1,-8.9,160.1
686,6.860,37.5,-6.7,160.0
687,6.870,39.8,-4.4,159.8
688,6.880,42.0,-2.1,159.6
689,6.890,44.2,0.3,159.5
690,6.900,46.0,2.8,159.4
691,6.910,47.5,5.5,159.2
692,6.920,48.8,8.2,159.1
693,6.930,49.9,11.0,159.0
694,6.940,50.9,13.9,158.9
695,6.950,51.8,16.9,158.7
696,6.960,52.6,20.0,158.4
697,6.970,53.1,23.1,158.0
698,6.980,53.4,26.3,157.6
699,6.990,53.7,29.4,157.0
700,7.000,53.9,32.5,156.1
701,7.010,54.1,35.6,155.0
702,7.020,54.8,38.4,153.6
703,7.030,56.1,40.8,152.4
704,7.040,57.5,43.1,151.3
705,7.050,58.4,45.3,150.0
706,7.060,58.8,47.4,148.6
707,7.070,58.7,49.3,147.1
708,7.080,58.6,51.1,145.6
709,7.090,58.5,52.8,144.1
710,7.100,58.6,54.5,142.8
711,7.110,58.5,56.0,141.4
712,7.120,58.0,57.5,139.9
713,7.130,57.5,58.9,138.6
714,7.140,56.7,60.3,137.2
715,7.150,55.9,61.6,135.7
716,7.160,54.8,62.9,134.1
717,7.170,53.4,64.0,132.0
718,7.180,51.6,65.0,129.6
719,7.190,49.7,65.9,127.2
720,7.200,47.5,66.8,124.7
721,7.210,45.1,67.6,122.1
722,7.220,42.7,68.3,119.2
723,7.230,40.0,68.8,116.1
724,7.240,37.2,69.2,113.0
725,7.250,34.1,69.5,109.7
726,7.260,30.8,69.7,106.3
727,7.270,27.4,69.9,102.8
728,7.280,23.9,70.0,99.2
729,7.290,20.6,70.0,95.7
730,7.300,17.5,69.9,92.3
731,7.310,14.4,69.7,89.1
732,7.320,11.4,69.4,85.8
733,7.330,8.4,69.1,82.7
734,7.340,5.3,68.9,79.5
735,7.350,2.1,68.6,76.3
736,7.360,-0.8,68.2,73.1
737,7.370,-3.2,67.8,70.2
738,7.380,-5.5,67.4,67.5
739,7.390,-7.9,66.9,64.9
740,7.400,-10.2,66.3,62.2
741,7.410,-12.5,65.8,59.6
742,7.420,-14.8,65.2,57.1
743,7.430,-17.1,64.6,54.7
744,7.440,-19.1,63.9,52.3
745,7.450,-20.9,63.1,50.1
746,7.460,-22.4,62.2,48.2
747,7.470,-23.8,61.3,46.5
748,7.480,-25.0,60.4,44.9
749,7.490,-26.1,59.4,43.5
750,7.500,-27.1,58.4,42.1
751,7.510,-28.0,57.3,40.9
752,7.520,-28.8,56.3,39.8
753,7.530,-29.4,55.1,38.8
754,7.540,-30.0,53.9,38.0
755,7.550,-30.3,52.7,37.4
756,7.560,-30.4,51.3,36.9
757,7.570,-30.4,50.0,36.5
758,7.580,-30.1,48.5,36.3
759,7.590,-29.6,47.0,36.2
760,7.600,-28.8,45.4,36.4
761,7.610,-27.7,43.6,36.6
762,7.620,-26.3,41.8,37.0
763,7.630,-24.6,40.0,37.5
764,7.640,-22.6,38.1,38.1
765,7.650,-20.4,36.2,38.8
766,7.660,-18.1,34.4,39.5
767,7.670,-15.7,32.4,40.3
768,7.680,-13.3,30.4,41.2
769,7.690,-10.8,28.4,42.2
770,7.700,-8.3,26.3,43.2
771,7.710,-5.6,24.2,44.3
772,7.720,-2.9,22.1,45.5
773,7.730,-0.1,20.0,46.8
774,7.740,2.9,17.8,48.2
775,7.750,5.9,15.6,49.7
776,7.760,8.8,13.2,51.3
777,7.770,11.5,10.7,52.9
778,7.780,13.9,8.2,54.6
779,7.790,16.1,5.7,56.5
780,7.800,18.1,3.2,58.4
781,7.810,20.0,0.5,60.4
782,7.820,21.3,-2.3,62.5
783,7.830,21.8,-5.1,64.7
784,7.840,22.1,-8.1,67.1
785,7.850,23.0,-11.3,69.5
786,7.860,24.3,-14.4,72.0
787,7.870,26.3,-17.7,74.2
788,7.880,28.0,-20.9,76.3
789,7.890,29.6,-24.4,78.2
790,7.900,30.9,-28.1,80.1
791,7.910,32.1,-31.7,82.1
792,7.920,33.1,-35.3,84.0
793,7.930,33.4,-38.7,85.9
794,7.940,33.7,-41.9,87.7
795,7.950,33.9,-44.9,89.5
796,7.960,33.8,-47.6,91.5
797,7.970,33.7,-50.0,93.6
798,7.980,33.4,-52.1,95.7
799,7.990,32.7,-53.8,97.9
800,8.000,31.9,-55.3,100.1
801,8.010,30.8,-56.4,102.5
802,8.020,29.2,-57.2,105.2
803,8.030,27.5,-57.9,108.1
804,8.040,26.0,-58.3,110.9
805,8.050,24.2,-58.6,113.8
806,8.060,22.4,-58.9,116.7
807,8.070,20.7,-59.0,119.3
808,8.080,18.9,-59.2,122.0
809,8.090,16.8,-59.2,124.7
810,8.100,14.7,-59.2,127.5
811,8.110,12.5,-59.0,130.2
812,8.120,10.2,-58.8,133.0
813,8.130,8.0,-58.6,135.7
814,8.140,5.8,-58.2,138.2
815,8.150,3.9,-57.8,140.6
816,8.160,2.2,-57.3,142.9
817,8.170,0.5,-56.8,145.0
818,8.180,-1.2,-56.2,147.1
819,8.190,-3.0,-55.6,149.2
820,8.200,-4.7,-54.8,151.2
821,8.210,-6.3,-53.9,153.2
822,8.220,-7.8,-52.8,155.0
823,8.230,-9.2,-51.7,156.6
824,8.240,-10.3,-50.6,158.1
825,8.250,-11.2,-49.4,159.4
826,8.260,-11.9,-48.2,160.7
827,8.270,-12.4,-46.9,161.9
828,8.280,-12.9,-45.6,163.0
829,8.290,-13.1,-44.2,163.9
830,8.300,-13.2,-42.8,164.8
831,8.310,-13.1,-41.3,165.6
832,8.320,-12.7,-39.7,166.4
833,8.330,-12.2,-38.1,167.0
834,8.340,-11.6,-36.5,167.5
835,8.350,-10.7,-34.8,168.0
836,8.360,-9.7,-33.1,168.3
837,8.370,-8.7,-31.3,168.6
838,8.380,-7.6,-29.5,168.9
839,8.390,-6.2,-27.6,169.1
840,8.400,-4.7,-25.7,169.2
841,8.410,-2.9,-23.8,169.2
842,8.420,-0.9,-22.0,169.2
843,8.430,1.5,-20.3,169.1
844,8.440,4.2,-18.6,168.9
845,8.450,7.0,-16.9,168.6
846,8.460,10.0,-15.2,168.4
847,8.470,12.9,-13.5,168.1
848,8.480,15.9,-11.8,167.7
849,8.490,18.8,-10.0,167.3
850,8.500,21.4,-8.2,166.9
851,8.510,23.7,-6.5,166.4
852,8.520,25.6,-4.6,165.9
853,8.530,27.2,-2.6,165.5
854,8.540,28.5,-0.5,165.0
855,8.550,29.5,1.8,164.5
856,8.560,30.5,4.0,163.9
857,8.570,31.9,6.2,163.2
858,8.580,33.5,8.3,162.4
859,8.590,35.3,10.5,161.6
860,8.600,36.9,12.7,160.7
861,8.610,38.4,15.0,159.7
862,8.620,39.7,17.4,158.7
863,8.630,40.8,19.8,157.6
864,8.640,41.6,22.3,156.5
865,8.650,42.0,24.9,155.3
866,8.660,42.4,27.6,153.8
867,8.670,42.8,30.3,152.2
868,8.680,43.6,32.8,150.3
869,8.690,44.9,35.1,148.5
870,8.700,45.9,37.2,146.9
871,8.710,46.5,39.5,145.6
872,8.720,46.5,41.9,144.3
873,8.730,46.0,44.5,142.9
874,8.740,45.3,46.9,141.1
875,8.750,44.7,49.3,139.3
876,8.760,44.0,51.5,137.6
877,8.770,43.5,53.6,136.0
878,8.780,43.2,55.7,134.5
879,8.790,42.7,57.7,133.0
880,8.800,41.5,59.6,131.1
881,8.810,40.0,61.1,129.0
882,8.820,38.0,62.5,126.8
883,8.830,35.5,63.8,124.2
884,8.840,32.8,64.9,121.6
885,8.850,29.9,65.9,118.8
886,8.860,26.7,66.8,115.6
887,8.870,23.3,67.3,112.0
888,8.880,20.2,67.6,108.3
889,8.890,17.4,67.7,104.8
890,8.900,14.5,67.7,101.5
891,8.910,11.3,67.6,98.0
892,8.920,8.0,67.4,94.7
893,8.930,4.6,67.2,91.3
894,8.940,1.2,66.8,88.0
895,8.950,-1.9,66.3,84.7
896,8.960,-4.6,65.6,81.8
897,8.970,-6.8,64.9,79.1
898,8.980,-9.0,64.1,76.6
899,8.990,-11.2,63.3,74.2
900,9.000,-13.4,62.5,71.7
901,9.010,-15.4,61.7,69.5
902,9.020,-17.3,61.0,67.3
903,9.030,-19.6,60.2,65.0
904,9.040,-21.7,59.3,62.7
905,9.050,-23.5,58.4,60.6
906,9.060,-25.1,57.5,58.7
907,9.070,-26.8,56.6,56.8
908,9.080,-28.7,55.7,55.0
909,9.090,-30.7,54.6,53.2
910,9.100,-32.7,53.6,51.4
911,9.110,-34.6,52.5,49.7
912,9.120,-36.4,51.4,48.1
913,9.130,-38.4,50.3,46.5
914,9.140,-40.1,49.1,45.0
915,9.150,-41.6,47.7,43.6
916,9.160,-42.9,46.3,42.4
917,9.170,-43.8,44.7,41.4
918,9.180,-44.5,43.1,40.6
919,9.190,-44.9,41.4,39.9
920,9.200,-44.9,39.6,39.5
921,9.210,-44.4,37.7,39.2
922,9.220,-43.4,35.9,39.2
923,9.230,-42.0,34.0,39.3
924,9.240,-40.3,32.0,39.6
925,9.250,-38.3,30.0,40.1
926,9.260,-36.0,27.9,40.7
927,9.270,-33.5,25.8,41.4
928,9.280,-30.8,23.6,42.3
929,9.290,-27.9,21.4,43.3
930,9.300,-24.8,19.1,44.4
931,9.310,-21.4,16.6,45.6
932,9.320,-17.8,14.2,46.9
933,9.330,-13.9,11.7,48.3
934,9.340,-9.7,9.1,49.8
935,9.350,-5.3,6.5,51.4
936,9.360,-0.8,3.9,53.0
937,9.370,3.6,1.3,54.6
938,9.380,7.4,-1.3,56.3
939,9.390,10.7,-3.8,58.0
940,9.400,13.6,-6.4,59.9
941,9.410,16.1,-9.0,61.7
942,9.420,18.2,-11.5,63.7
943,9.430,19.7,-14.1,65.8
944,9.440,21.6,-16.5,67.9
945,9.450,24.5,-19.0,69.9
946,9.460,27.3,-21.4,71.7
947,9.470,29.3,-23.7,73.4
948,9.480,30.6,-26.1,75.2
949,9.490,31.5,-28.5,76.9
950,9.500,32.1,-30.9,78.7
951,9.510,32.7,-33.5,80.5
952,9.520,33.4,-36.0,82.3
953,9.530,34.3,-38.4,84.1
954,9.540,34.7,-40.8,85.8
955,9.550,34.7,-42.9,87.7
956,9.560,34.3,-44.9,89.7
957,9.570,33.5,-46.8,91.9
958,9.580,32.3,-48.6,94.2
959,9.590,31.0,-50.1,96.7
960,9.600,29.5,-51.5,99.3
961,9.610,27.8,-52.8,102.0
962,9.620,25.8,-53.8,104.9
963,9.630,23.5,-54.7,107.8
964,9.640,21.0,-55.3,110.8
965,9.650,18.3,-55.9,113.9
966,9.660,15.6,-56.3,117.1
967,9.670,13.1,-56.5,120.2
968,9.680,10.7,-56.6,123.2
969,9.690,8.4,-56.7,126.0
970,9.700,6.0,-56.6,128.8
971,9.710,3.6,-56.3,131.5
972,9.720,1.1,-56.0,134.2
973,9.730,-1.3,-55.5,136.8
974,9.740,-3.6,-55.0,139.3
975,9.750,-5.7,-54.4,141.7
976,9.760,-7.5,-53.7,144.0
977,9.770,-9.2,-53.0,146.2
978,9.780,-10.7,-52.2,148.2
979,9.790,-12.0,-51.4,150.0
980,9.800,-13.2,-50.4,151.6
981,9.810,-14.2,-49.4,153.1
982,9.820,-15.0,-48.2,154.6
983,9.830,-15.8,-47.0,155.9
984,9.840,-16.3,-45.7,157.0
985,9.850,-16.6,-44.4,158.1
986,9.860,-16.7,-42.9,159.0
987,9.870,-16.5,-41.4,159.8
988,9.880,-16.0,-39.8,160.6
989,9.890,-15.2,-38.1,161.1
990,9.900,-14.1,-36.4,161.6
991,9.910,-12.8,-34.7,162.0
992,9.920,-11.2,-32.9,162.3
993,9.930,-9.7,-31.1,162.4
994,9.940,-8.2,-29.3,162.5
995,9.950,-6.6,-27.5,162.5
996,9.960,-4.8,-25.6,162.4
997,9.970,-2.7,-23.7,162.3
998,9.980,-0.2,-21.9,162.1
999,9.990,2.5,-20.1,161.8
1000,10.000,5.5,-18.2,161.5
1001,10.010,8.5,-16.4,161.1
1002,10.020,11.6,-14.7,160.6
1003,10.030,14.4,-12.8,160.1
1004,10.040,17.0,-11.0,159.6
1005,10.050,19.6,-9.1,159.1
1006,10.060,22.1,-7.1,158.5
1007,10.070,24.5,-5.1,157.9
1008,10.080,26.8,-2.9,157.2
1009,10.090,29.2,-0.7,156.6
1010,10.100,31.5,1.5,155.8
1011,10.110,33.7,3.9,155.1
1012,10.120,35.8,6.3,154.3
1013,10.130,37.7,8.9,153.5
1014,10.140,39.5,11.4,152.6
1015,10.150,41.4,14.0,151.6
1016,10.160,43.4,16.5,150.6
1017,10.170,45.1,19.3,149.6
1018,10.180,46.5,22.1,148.5
1019,10.190,47.5,25.1,147.4
1020,10.200,48.2,28.2,146.1
1021,10.210,48.9,31.2,144.7
1022,10.220,49.3,34.2,143.1
1023,10.230,50.3,37.0,141.5
1024,10.240,51.4,39.7,140.0
1025,10.250,52.4,42.4,138.7
1026,10.260,52.9,45.1,137.6
1027,10.270,53.0,47.8,136.4
1028,10.280,52.6,50.4,134.9
1029,10.290,52.1,52.9,133.3
1030,10.300,51.3,55.1,131.5
1031,10.310,50.4,57.2,129.6
1032,10.320,49.6,59.3,128.0
1033,10.330,48.6,61.2,126.2
1034,10.340,47.5,63.0,124.2
1035,10.350,45.9,64.6,121.9
1036,10.360,44.1,66.0,119.4
1037,10.370,41.8,67.3,116.6
1038,10.380,38.9,68.4,113.4
1039,10.390,35.6,69.5,110.0
1040,10.400,32.1,70.4,106.5
1041,10.410,28.3,71.3,102.6
1042,10.420,24.3,71.8,98.3
1043,10.430,20.3,72.3,94.0
1044,10.440,16.5,72.5,89.9
1045,10.450,12.5,72.7,85.7
1046,10.460,8.0,72.7,81.3
1047,10.470,3.4,72.7,76.8
1048,10.480,-1.2,72.5,72.3
1049,10.490,-5.6,72.3,68.1
1050,10.500,-9.8,71.9,63.9
1051,10.510,-13.8,71.3,60.0
1052,10.520,-17.3,70.6,56.5
1053,10.530,-20.4,69.9,53.4
1054,10.540,-23.4,69.1,50.4
1055,10.550,-26.4,68.2,47.7
1056,10.560,-29.2,67.2,45.0
1057,10.570,-31.7,66.2,42.6
1058,10.580,-34.2,65.2,40.4
1059,10.590,-36.6,64.2,38.3
1060,10.600,-38.8,63.1,36.4
1061,10.610,-40.8,61.9,34.7
1062,10.620,-42.4,60.7,33.3
1063,10.630,-44.0,59.4,32.0
1064,10.640,-45.2,58.0,31.0
1065,10.650,-46.1,56.6,30.2
1066,10.660,-46.9,55.1,29.6
1067,10.670,-47.6,53.5,29.2
1068,10.680,-48.1,51.9,29.0
1069,10.690,-48.2,50.2,29.0
1070,10.700,-48.0,48.5,29.1
1071,10.710,-47.5,46.7,29.5
1072,10.720,-46.6,44.9,30.0
1073,10.730,-45.3,43.0,30.6
1074,10.740,-43.6,41.0,31.4
1075,10.750,-41.6,39.1,32.3
1076,10.760,-39.4,37.1,33.3
1077,10.770,-36.8,35.0,34.4
1078,10.780,-33.9,32.9,35.5
1079,10.790,-30.7,30.7,36.8
1080,10.800,-27.3,28.5,38.0
1081,10.810,-23.8,26.2,39.3
1082,10.820,-20.2,23.8,40.7
1083,10.830,-16.6,21.4,42.0
1084,10.840,-13.0,19.0,43.4
1085,10.850,-9.2,16.6,44.9
1086,10.860,-5.4,14.1,46.3
1087,10.870,-1.7,11.5,47.8
1088,10.880,1.7,8.8,49.4
1089,10.890,5.0,6.2,50.9
1090,10.900,8.3,3.6,52.5
1091,10.910,11.6,0.9,54.1
1092,10.920,14.7,-1.7,55.7
1093,10.930,17.4,-4.4,57.4
1094,10.940,19.3,-7.0,59.1
1095,10.950,20.8,-9.7,61.0
1096,10.960,22.0,-12.4,62.9
1097,10.970,22.9,-15.0,65.0
1098,10.980,23.6,-17.7,67.2
1099,10.990,24.9,-20.3,69.4
1100,11.000,27.0,-23.0,71.5
1101,11.010,29.0,-25.7,73.4
1102,11.020,30.4,-28.4,75.3
1103,11.030,30.7,-31.0,77.2
1104,11.040,30.3,-33.6,79.3
1105,11.050,29.7,-36.3,81.3
1106,11.060,29.0,-38.8,83.5
1107,11.070,28.7,-41.1,85.7
1108,11.080,28.3,-43.3,87.8
1109,11.090,27.9,-45.3,90.0
1110,11.100,27.0,-47.1,92.3
1111,11.110,25.6,-48.8,94.6
1112,11.120,23.9,-50.2,97.2
1113,11.130,22.1,-51.2,99.9
1114,11.140,20.3,-52.1,102.6
1115,11.150,18.5,-52.9,105.4
1116,11.160,16.6,-53.4,108.1
1117,11.170,14.6,-53.7,110.9
1118,11.180,12.5,-54.0,113.7
1119,11.190,10.2,-54.1,116.4
1120,11.200,8.0,-54.0,119.2
1121,11.210,6.0,-53.7,121.8
1122,11.220,4.2,-53.3,124.2
1123,11.230,2.4,-52.9,126.5
1124,11.240,0.8,-52.4,128.7
1125,11.250,-1.0,-51.8,130.7
1126,11.260,-2.7,-51.2,132.7
1127,11.270,-4.4,-50.5,134.7
1128,11.280,-6.0,-49.7,136.6
1129,11.290,-7.4,-48.8,138.3
1130,11.300,-8.7,-47.9,139.9
1131,11.310,-10.0,-47.0,141.5
1132,11.320,-11.0,-46.1,143.0
1133,11.330,-12.0,-45.1,144.4
1134,11.340,-12.9,-44.0,145.7
1135,11.350,-13.8,-42.9,147.0
1136,11.360,-14.6,-41.6,148.1
1137,11.370,-15.2,-40.3,149.2
1138,11.380,-15.7,-38.9,150.3
1139,11.390,-15.8,-37.4,151.2
1140,11.400,-15.7,-35.9,152.1
1141,11.410,-15.2,-34.3,152.9
1142,11.420,-14.6,-32.6,153.6
1143,11.430,-13.6,-30.9,154.1
1144,11.440,-12.5,-29.1,154.6
1145,11.450,-11.1,-27.2,155.1
1146,11.460,-9.5,-25.4,155.5
1147,11.470,-7.6,-23.6,155.8
1148,11.480,-5.7,-21.8,156.0
1149,11.490,-3.7,-19.9,156.2
1150,11.500,-1.5,-18.1,156.4
1151,11.510,1.0,-16.2,156.5
1152,11.520,3.8,-14.5,156.5
1153,11.530,6.7,-12.7,156.5
1154,11.540,9.8,-10.9,156.5
1155,11.550,12.9,-9.2,156.4
1156,11.560,16.1,-7.4,156.2
1157,11.570,19.2,-5.6,156.0
1158,11.580,22.1,-3.8,155.8
1159,11.590,24.8,-1.8,155.5
1160,11.600,27.1,0.2,155.2
1161,11.610,29.1,2.2,154.8
1162,11.620,30.7,4.4,154.4
1163,11.630,32.3,6.8,154.0
1164,11.640,33.9,9.2,153.5
1165,11.650,35.6,11.6,152.9
1166,11.660,37.5,14.1,152.3
1167,11.670,39.6,16.5,151.6
1168,11.680,41.7,19.0,150.9
1169,11.690,43.6,21.6,150.1
1170,11.700,45.0,24.2,149.3
1171,11.710,46.2,27.0,148.3
1172,11.720,47.3,29.7,147.3
1173,11.730,48.5,32.5,146.0
1174,11.740,49.5,35.3,144.6
1175,11.750,50.7,38.0,142.9
1176,11.760,52.6,40.5,141.3
1177,11.770,54.3,42.8,139.8
1178,11.780,55.5,45.1,138.4
1179,11.790,55.8,47.4,137.2
1180,11.800,55.4,49.7,135.8
1181,11.810,54.5,52.1,134.2
1182,11.820,53.7,54.5,132.6
1183,11.830,52.8,56.6,130.8
1184,11.840,52.0,58.6,129.0
1185,11.850,50.8,60.5,127.2
1186,11.860,49.3,62.3,125.2
1187,11.870,47.5,63.9,123.2
1188,11.880,45.1,65.5,120.8
1189,11.890,42.1,66.9,117.9
1190,11.900,38.8,68.0,114.5
1191,11.910,35.2,68.9,110.8
1192,11.920,31.3,69.6,106.9
1193,11.930,27.3,70.2,102.8
1194,11.940,23.2,70.6,98.6
1195,11.950,19.0,70.9,94.5
1196,11.960,14.9,71.2,90.3
1197,11.970,10.6,71.2,86.1
1198,11.980,6.6,71.2,82.1
1199,11.990,2.5,71.0,78.1
1200,12.000,-1.7,70.7,74.2
1201,12.010,-5.8,70.3,70.4
1202,12.020,-9.8,69.8,66.7
1203,12.030,-13.6,69.1,63.2
1204,12.040,-17.3,68.4,59.9
1205,12.050,-20.5,67.5,56.8
1206,12.060,-23.6,66.7,53.9
1207,12.070,-26.5,65.7,51.2
1208,12.080,-29.3,64.6,48.7
1209,12.090,-31.8,63.5,46.5
1210,12.100,-34.2,62.3,44.4
1211,12.110,-36.5,61.1,42.5
1212,12.120,-38.5,59.8,40.7
1213,12.130,-40.3,58.5,39.2
1214,12.140,-41.8,57.2,37.9
1215,12.150,-43.2,55.8,36.8
1216,12.160,-44.3,54.3,35.7
1217,12.170,-45.4,52.8,34.8
1218,12.180,-46.2,51.2,34.1
1219,12.190,-46.5,49.5,33.6
1220,12.200,-46.4,47.8,33.3
1221,12.210,-46.0,46.2,33.2
1222,12.220,-45.4,44.4,33.2
1223,12.230,-44.6,42.6,33.3
1224,12.240,-43.4,40.7,33.7
1225,12.250,-41.8,38.8,34.2
1226,12.260,-39.9,36.8,34.8
1227,12.270,-37.7,34.8,35.5
1228,12.280,-35.3,32.8,36.4
1229,12.290,-32.5,30.7,37.2
1230,12.300,-29.4,28.5,38.2
1231,12.310,-26.1,26.3,39.1
1232,12.320,-22.6,24.0,40.1
1233,12.330,-19.1,21.7,41.1
1234,12.340,-15.4,19.3,42.2
1235,12.350,-11.7,17.0,43.3
1236,12.360,-7.9,14.7,44.4
1237,12.370,-3.9,12.3,45.6
1238,12.380,0.0,9.8,46.8
1239,12.390,3.8,7.3,48.0
1240,12.400,7.3,4.7,49.3
1241,12.410,10.7,2.1,50.6
1242,12.420,14.1,-0.4,51.9
1243,12.430,17.7,-3.0,53.3
1244,12.440,21.1,-5.7,54.6
1245,12.450,23.8,-8.3,56.1
1246,12.460,25.5,-11.0,57.7
1247,12.470,26.7,-13.6,59.4
1248,12.480,27.4,-16.2,61.2
1249,12.490,27.8,-18.9,63.1
1250,12.500,28.0,-21.5,65.2
1251,12.510,29.3,-24.1,67.3
1252,12.520,31.2,-26.7,69.2
1253,12.530,33.1,-29.3,70.9
1254,12.540,34.4,-32.0,72.7
1255,12.550,35.0,-34.5,74.5
1256,12.560,35.3,-37.1,76.4
1257,12.570,35.5,-39.8,78.3
1258,12.580,35.6,-42.3,80.3
1259,12.590,35.7,-44.7,82.3
1260,12.600,35.3,-46.9,84.4
1261,12.610,34.6,-48.9,86.5
1262,12.620,33.4,-50.6,88.8
1263,12.630,31.9,-52.2,91.2
1264,12.640,30.1,-53.7,93.7
1265,12.650,28.2,-54.8,96.6
1266,12.660,26.1,-55.8,99.5
1267,12.670,23.7,-56.5,102.4
1268,12.680,21.2,-57.0,105.4
1269,12.690,18.7,-57.4,108.4
1270,12.700,16.2,-57.6,111.3
1271,12.710,13.5,-57.6,114.3
1272,12.720,10.8,-57.6,117.3
1273,12.730,8.2,-57.3,120.2
1274,12.740,5.8,-56.9,122.9
1275,12.750,3.6,-56.5,125.4
1276,12.760,1.4,-56.0,127.8
1277,12.770,-0.7,-55.4,130.1
1278,12.780,-2.7,-54.8,132.2
1279,12.790,-4.8,-54.1,134.3
1280,12.800,-7.1,-53.4,136.4
1281,12.810,-9.4,-52.6,138.5
1282,12.820,-11.7,-51.7,140.5
1283,12.830,-13.7,-50.9,142.3
1284,12.840,-15.4,-50.0,144.0
1285,12.850,-17.1,-49.0,145.7
1286,12.860,-18.8,-47.9,147.3
1287,12.870,-20.4,-46.7,148.9
1288,12.880,-21.9,-45.5,150.4
1289,12.890,-23.2,-44.2,151.8
1290,12.900,-24.4,-42.8,153.1
1291,12.910,-25.3,-41.4,154.4
1292,12.920,-26.0,-40.0,155.5
1293,12.930,-26.3,-38.5,156.6
1294,12.940,-26.1,-37.0,157.5
1295,12.950,-25.6,-35.5,158.3
1296,12.960,-24.8,-34.0,159.0
1297,12.970,-23.8,-32.5,159.6
1298,12.980,-22.5,-31.0,160.0
1299,12.990,-21.1,-29.5,160.4
1300,13.000,-19.3,-28.0,160.6
1301,13.010,-17.2,-26.4,160.7
1302,13.020,-14.8,-24.9,160.7
1303,13.030,-12.2,-23.4,160.6
1304,13.040,-9.6,-21.9,160.4
1305,13.050,-7.1,-20.4,160.1
1306,13.060,-4.5,-18.9,159.7
1307,13.070,-1.8,-17.4,159.3
1308,13.080,1.0,-15.9,158.7
1309,13.090,3.9,-14.4,158.1
1310,13.100,6.8,-12.9,157.5
1311,13.110,9.8,-11.3,156.7
1312,13.120,12.6,-9.7,155.9
1313,13.130,15.2,-8.0,155.0
1314,13.140,17.5,-6.2,154.1
1315,13.150,19.8,-4.3,153.1
1316,13.160,22.1,-2.3,152.1
1317,13.170,24.3,-0.3,151.1
1318,13.180,26.6,1.9,150.0
1319,13.190,29.0,4.2,148.8
1320,13.200,31.4,6.5,147.6
1321,13.210,34.1,8.9,146.4
1322,13.220,36.8,11.3,145.1
1323,13.230,39.4,14.0,143.8
1324,13.240,41.8,16.9,142.5
1325,13.250,43.9,19.9,141.2
1326,13.260,45.8,23.0,139.7
1327,13.270,47.2,26.3,138.3
1328,13.280,48.3,29.6,136.8
1329,13.290,49.5,33.0,135.1
1330,13.300,51.2,36.1,133.6
1331,13.310,52.8,39.1,132.2
1332,13.320,54.1,42.1,130.9
1333,13.330,54.8,45.0,129.6
1334,13.340,54.7,47.9,128.1
1335,13.350,54.4,50.8,126.6
1336,13.360,53.6,53.6,124.9
1337,13.370,52.9,56.1,123.0
1338,13.380,52.0,58.4,121.2
1339,13.390,50.8,60.5,119.2
1340,13.400,49.2,62.3,117.1
1341,13.410,47.1,64.0,114.6
1342,13.420,44.5,65.6,111.9
1343,13.430,41.4,66.9,108.5
1344,13.440,38.1,67.8,104.8
1345,13.450,34.6,68.6,101.0
1346,13.460,31.1,69.2,97.1
1347,13.470,27.5,69.7,93.2
1348,13.480,24.0,70.0,89.2
1349,13.490,20.3,70.2,85.3
1350,13.500,16.6,70.4,81.3
1351,13.510,13.0,70.4,77.4
1352,13.520,9.5,70.3,73.7
1353,13.530,6.0,70.1,70.0
1354,13.540,2.4,69.8,66.4
1355,13.550,-1.0,69.4,63.0
1356,13.560,-4.4,69.0,59.6
1357,13.570,-7.7,68.5,56.3
1358,13.580,-10.9,67.9,53.3
1359,13.590,-14.0,67.3,50.3
1360,13.600,-17.0,66.6,47.5
1361,13.610,-19.7,65.8,44.9
1362,13.620,-22.4,64.9,42.5
1363,13.630,-24.8,63.9,40.3
1364,13.640,-27.1,62.9,38.4
1365,13.650,-29.2,61.8,36.6
1366,13.660,-31.1,60.6,35.0
1367,13.670,-32.8,59.4,33.6
1368,13.680,-34.2,58.1,32.4
1369,13.690,-35.3,56.7,31.4
1370,13.700,-36.2,55.3,30.5
1371,13.710,-37.0,53.8,29.7
1372,13.720,-37.5,52.2,29.1
1373,13.730,-37.8,50.7,28.6
1374,13.740,-38.0,49.0,28.3
1375,13.750,-37.9,47.3,28.0
1376,13.760,-37.8,45.6,27.9
1377,13.770,-37.5,43.9,27.8
1378,13.780,-37.0,42.1,27.9
1379,13.790,-36.4,40.3,28.0
1380,13.800,-35.6,38.4,28.2
1381,13.810,-34.6,36.6,28.5
1382,13.820,-33.5,34.8,28.9
1383,13.830,-32.1,32.9,29.4
1384,13.840,-30.4,31.0,29.9
1385,13.850,-28.5,29.1,30.5
1386,13.860,-26.4,27.2,31.1
1387,13.870,-24.1,25.2,31.9
1388,13.880,-21.6,23.1,32.7
1389,13.890,-18.9,21.0,33.5
1390,13.900,-15.9,18.9,34.5
1391,13.910,-12.7,16.8,35.5
1392,13.920,-9.4,14.6,36.7
1393,13.930,-5.9,12.3,37.9
1394,13.940,-2.5,10.0,39.2
1395,13.950,0.8,7.6,40.6
1396,13.960,4.2,5.1,42.1
1397,13.970,7.6,2.7,43.6
1398,13.980,10.7,0.3,45.3
1399,13.990,13.4,-2.2,47.0
1400,14.000,15.7,-4.7,48.8
1401,14.010,17.7,-7.2,50.7
1402,14.020,19.2,-9.8,52.8
1403,14.030,20.1,-12.2,54.9
1404,14.040,20.4,-14.7,57.2
1405,14.050,21.6,-17.0,59.4
1406,14.060,23.9,-19.4,61.5
1407,14.070,26.2,-21.7,63.5
1408,14.080,27.9,-24.1,65.3
1409,14.090,29.1,-26.5,67.2
1410,14.100,30.1,-28.8,69.1
1411,14.110,31.1,-31.3,70.9
1412,14.120,32.2,-33.7,72.8
1413,14.130,33.6,-35.9,74.5
1414,14.140,34.7,-38.1,76.3
1415,14.150,35.2,-40.1,78.1
1416,14.160,35.2,-41.9,80.0
1417,14.170,34.5,-43.5,82.0
1418,14.180,33.7,-44.9,84.2
1419,14.190,32.8,-46.2,86.6
1420,14.200,31.8,-47.2,89.0
1421,14.210,30.6,-48.2,91.5
1422,14.220,29.2,-49.1,94.0
1423,14.230,27.7,-49.8,96.7
1424,14.240,25.8,-50.4,99.3
1425,14.250,23.8,-50.9,102.0
1426,14.260,21.8,-51.2,104.8
1427,14.270,19.9,-51.4,107.5
1428,14.280,17.9,-51.5,110.2
1429,14.290,15.9,-51.5,112.9
1430,14.300,13.9,-51.4,115.5
1431,14.310,12.1,-51.3,117.9
1432,14.320,10.3,-51.1,120.4
1433,14.330,8.6,-50.7,122.8
1434,14.340,6.9,-50.3,125.1
1435,14.350,5.5,-49.8,127.3
1436,14.360,4.1,-49.3,129.3
1437,14.370,2.6,-48.7,131.4
1438,14.380,1.1,-48.1,133.4
1439,14.390,-0.3,-47.3,135.3
1440,14.400,-1.7,-46.6,137.2
1441,14.410,-3.0,-45.7,139.0
1442,14.420,-4.3,-44.8,140.8
1443,14.430,-5.5,-43.8,142.5
1444,14.440,-6.5,-42.7,144.1
1445,14.450,-7.2,-41.5,145.6
1446,14.460,-7.8,-40.3,147.0
1447,14.470,-8.1,-39.0,148.3
1448,14.480,-8.2,-37.7,149.5
1449,14.490,-8.0,-36.2,150.7
1450,14.500,-7.5,-34.7,151.7
1451,14.510,-6.7,-33.2,152.5
1452,14.520,-5.6,-31.6,153.3
1453,14.530,-4.5,-30.1,153.9
1454,14.540,-3.2,-28.6,154.5
1455,14.550,-2.0,-27.0,154.9
1456,14.560,-0.6,-25.5,155.2
1457,14.570,0.9,-23.9,155.5
1458,14.580,2.6,-22.3,155.7
1459,14.590,4.5,-20.7,155.8
1460,14.600,6.7,-19.2,155.8
1461,14.610,9.0,-17.6,155.8
1462,14.620,11.4,-16.1,155.6
1463,14.630,13.9,-14.5,155.4
1464,14.640,16.4,-12.9,155.1
1465,14.650,19.0,-11.3,154.8
1466,14.660,21.6,-9.6,154.3
1467,14.670,24.1,-7.9,153.8
1468,14.680,26.5,-6.1,153.2
1469,14.690,28.8,-4.3,152.6
1470,14.700,31.0,-2.3,151.9
1471,14.710,32.8,-0.2,151.1
1472,14.720,34.4,2.0,150.3
1473,14.730,35.8,4.4,149.5
1474,14.740,37.3,6.8,148.6
1475,14.750,38.9,9.3,147.6
1476,14.760,40.2,12.0,146.5
1477,14.770,41.4,14.8,145.4
1478,14.780,42.4,17.7,144.2
1479,14.790,43.2,20.7,142.9
1480,14.800,43.9,23.8,141.5
1481,14.810,44.2,26.9,139.9
1482,14.820,45.2,29.8,138.1
1483,14.830,47.0,32.5,136.5
1484,14.840,48.8,34.9,135.0
1485,14.850,50.2,37.2,133.6
1486,14.860,51.1,39.7,132.3
1487,14.870,51.6,42.1,131.0
1488,14.880,51.7,44.6,129.8
1489,14.890,51.5,47.0,128.3
1490,14.900,51.3,49.1,126.8
1491,14.910,50.9,51.1,125.4
1492,14.920,50.2,52.9,123.8
1493,14.930,49.4,54.6,122.2
1494,14.940,48.4,56.3,120.5
1495,14.950,46.9,57.8,118.6
1496,14.960,44.9,59.3,116.3
1497,14.970,42.5,60.5,113.8
1498,14.980,40.0,61.5,111.2
1499,14.990,37.3,62.3,108.4
1500,15.000,34.4,63.0,105.4
1501,15.010,31.5,63.6,102.4
1502,15.020,28.6,64.1,99.4
1503,15.030,25.4,64.5,96.2
1504,15.040,22.3,64.7,93.0
1505,15.050,19.3,64.8,89.9
1506,15.060,16.3,64.7,86.9
1507,15.070,13.3,64.6,83.9
1508,15.080,10.1,64.3,80.9
1509,15.090,7.0,64.0,77.8
1510,15.100,4.0,63.5,74.9
1511,15.110,1.1,63.1,72.1
1512,15.120,-1.6,62.5,69.4
1513,15.130,-4.2,61.8,66.9
1514,15.140,-6.7,61.1,64.4
1515,15.150,-9.1,60.4,62.0
1516,15.160,-11.5,59.5,59.7
1517,15.170,-13.9,58.6,57.6
1518,15.180,-16.1,57.6,55.5
1519,15.190,-18.1,56.6,53.6
1520,15.200,-20.1,55.5,51.8
1521,15.210,-21.9,54.5,50.1
1522,15.220,-23.7,53.4,48.4
1523,15.230,-25.4,52.2,46.9
1524,15.240,-27.1,51.0,45.4
1525,15.250,-28.6,49.7,44.0
1526,15.260,-29.9,48.2,42.8
1527,15.270,-31.0,46.7,41.7
1528,15.280,-31.7,45.2,40.8
1529,15.290,-32.1,43.6,40.1
1530,15.300,-32.3,41.9,39.6
1531,15.310,-32.3,40.0,39.2
1532,15.320,-31.9,38.1,39.0
1533,15.330,-31.1,36.1,38.9
1534,15.340,-30.0,34.0,39.0
1535,15.350,-28.5,31.9,39.3
1536,15.360,-26.7,29.7,39.7
1537,15.370,-24.7,27.5,40.1
1538,15.380,-22.4,25.2,40.6
1539,15.390,-20.1,22.9,41.2
1540,15.400,-17.6,20.5,41.8
1541,15.410,-14.8,18.0,42.5
1542,15.420,-11.8,15.6,43.3
1543,15.430,-8.6,13.1,44.1
1544,15.440,-5.4,10.6,44.9
1545,15.450,-2.2,8.1,45.9
1546,15.460,0.7,5.4,46.9
1547,15.470,3.6,2.6,48.0
1548,15.480,6.7,-0.2,49.1
1549,15.490,9.9,-3.0,50.4
1550,15.500,13.3,-5.8,51.6
1551,15.510,16.4,-8.6,52.9
1552,15.520,18.7,-11.5,54.4
1553,15.530,20.2,-14.3,55.9
1554,15.540,21.4,-17.1,57.6
1555,15.550,22.2,-19.8,59.4
1556,15.560,22.8,-22.5,61.4
1557,15.570,24.0,-25.1,63.3
1558,15.580,25.5,-27.5,65.3
1559,15.590,27.1,-29.8,67.1
1560,15.600,28.4,-32.0,69.0
1561,15.610,28.8,-34.1,70.9
1562,15.620,28.6,-36.0,73.1
1563,15.630,28.1,-37.9,75.3
1564,15.640,27.8,-39.7,77.5
1565,15.650,27.5,-41.5,79.9
1566,15.660,27.3,-43.0,82.2
1567,15.670,27.1,-44.5,84.5
1568,15.680,26.5,-45.8,86.8
1569,15.690,25.3,-47.0,89.1
1570,15.700,23.7,-48.0,91.6
1571,15.710,21.8,-48.9,94.1
1572,15.720,19.7,-49.7,96.9
1573,15.730,17.7,-50.2,99.6
1574,15.740,15.6,-50.7,102.4
1575,15.750,13.5,-51.1,105.2
1576,15.760,11.1,-51.3,107.9
1577,15.770,8.5,-51.4,110.7
1578,15.780,5.9,-51.4,113.4
1579,15.790,3.4,-51.3,116.1
1580,15.800,1.0,-51.0,118.7
1581,15.810,-1.2,-50.7,121.3
1582,15.820,-3.3,-50.3,123.7
1583,15.830,-5.3,-49.8,126.0
1584,15.840,-7.3,-49.2,128.2
1585,15.850,-9.1,-48.6,130.3
1586,15.860,-10.8,-47.8,132.3
1587,15.870,-12.3,-47.0,134.1
1588,15.880,-13.5,-46.2,135.9
1589,15.890,-14.6,-45.3,137.6
1590,15.900,-15.7,-44.3,139.1
1591,15.910,-16.7,-43.3,140.6
1592,15.920,-17.7,-42.1,142.0
1593,15.930,-18.4,-40.8,143.4
1594,15.940,-18.9,-39.6,144.6
1595,15.950,-19.2,-38.3,145.8
1596,15.960,-19.1,-36.9,146.9
1597,15.970,-18.7,-35.6,147.9
1598,15.980,-18.2,-34.2,148.8
1599,15.990,-17.5,-32.9,149.6
1600,16.000,-16.6,-31.5,150.4
1601,16.010,-15.7,-30.1,151.1
1602,16.020,-14.7,-28.7,151.7
1603,16.030,-13.4,-27.3,152.3
1604,16.040,-12.0,-25.9,152.7
1605,16.050,-10.4,-24.5,153.0
1606,16.060,-8.7,-23.2,153.2
1607,16.070,-6.9,-21.8,153.3
1608,16.080,-5.1,-20.4,153.3
1609,16.090,-3.1,-18.9,153.2
1610,16.100,-1.1,-17.5,153.0
1611,16.110,0.9,-16.1,152.7
1612,16.120,3.0,-14.6,152.4
1613,16.130,5.2,-13.2,151.9
1614,16.140,7.6,-11.8,151.3
1615,16.150,10.0,-10.3,150.7
1616,16.160,12.4,-8.7,150.0
1617,16.170,14.7,-7.0,149.2
1618,16.180,16.8,-5.2,148.3
1619,16.190,18.5,-3.3,147.4
1620,16.200,20.2,-1.3,146.4
1621,16.210,21.7,0.8,145.4
1622,16.220,23.0,3.1,144.3
1623,16.230,24.3,5.5,143.1
1624,16.240,25.7,8.0,141.9
1625,16.250,27.2,10.6,140.7
1626,16.260,28.7,13.4,139.4
1627,16.270,29.9,16.2,138.0
1628,16.280,30.7,19.2,136.6
1629,16.290,31.3,22.2,135.1
1630,16.300,31.8,25.1,133.3
1631,16.310,32.9,27.8,131.6
1632,16.320,34.5,30.4,129.9
1633,16.330,35.8,33.0,128.3
1634,16.340,37.1,35.4,126.6
1635,16.350,38.2,37.8,125.0
1636,16.360,38.9,40.3,123.4
1637,16.370,39.3,42.8,121.8
1638,16.380,39.3,45.2,120.3
1639,16.390,39.2,47.6,118.8
1640,16.400,38.6,49.8,117.1
1641,16.410,37.8,51.8,115.3
1642,16.420,36.9,53.6,113.5
1643,16.430,35.5,55.4,111.7
1644,16.440,33.8,56.9,109.6
1645,16.450,31.9,58.3,107.3
1646,16.460,29.7,59.6,104.8
1647,16.470,27.1,60.6,102.0
1648,16.480,24.4,61.5,99.1
1649,16.490,21.7,62.3,96.1
1650,16.500,19.0,62.9,93.1
1651,16.510,16.2,63.3,90.0
1652,16.520,13.3,63.6,86.9
1653,16.530,10.5,63.9,83.8
1654,16.540,7.6,63.9,80.7
1655,16.550,4.6,63.9,77.5
1656,16.560,1.5,63.8,74.3
1657,16.570,-1.4,63.5,71.3
1658,16.580,-4.1,63.4,68.4
1659,16.590,-6.9,63.1,65.6
1660,16.600,-9.5,62.8,62.8
1661,16.610,-11.9,62.4,60.3
1662,16.620,-14.4,62.0,57.8
1663,16.630,-17.0,61.4,55.4
1664,16.640,-19.7,60.8,52.9
1665,16.650,-22.3,60.1,50.5
1666,16.660,-24.8,59.3,48.2
1667,16.670,-27.0,58.4,46.2
1668,16.680,-28.9,57.5,44.2
1669,16.690,-30.7,56.6,42.4
1670,16.700,-32.4,55.6,40.7
1671,16.710,-34.0,54.6,39.0
1672,16.720,-35.5,53.4,37.5
1673,16.730,-36.8,52.2,36.1
1674,16.740,-38.1,50.9,34.8
1675,16.750,-39.2,49.6,33.6
1676,16.760,-40.1,48.2,32.6
1677,16.770,-40.7,46.8,31.8
1678,16.780,-41.0,45.3,31.0
1679,16.790,-41.3,43.8,30.4
1680,16.800,-41.4,42.3,29.9
1681,16.810,-41.3,40.7,29.5
1682,16.820,-40.9,39.1,29.3
1683,16.830,-40.2,37.5,29.2
1684,16.840,-39.2,35.8,29.2
1685,16.850,-37.9,34.2,29.3
1686,16.860,-36.4,32.5,29.6
1687,16.870,-34.4,30.8,29.9
1688,16.880,-32.2,29.0,30.3
1689,16.890,-29.7,27.1,30.8
1690,16.900,-27.0,25.1,31.4
1691,16.910,-24.1,23.1,32.0
1692,16.920,-21.0,21.1,32.7
1693,16.930,-17.8,19.1,33.5
1694,16.940,-14.5,17.0,34.3
1695,16.950,-10.9,14.8,35.2
1696,16.960,-7.4,12.6,36.2
1697,16.970,-3.8,10.2,37.3
1698,16.980,-0.1,7.8,38.4
1699,16.990,3.9,5.4,39.6
1700,17.000,8.2,2.9,40.9
1701,17.010,12.4,0.4,42.1
1702,17.020,16.3,-2.1,43.5
1703,17.030,19.6,-4.6,44.9
1704,17.040,22.2,-7.2,46.4
1705,17.050,24.2,-9.7,48.0
1706,17.060,25.8,-12.3,49.7
1707,17.070,26.8,-15.0,51.5
1708,17.080,27.5,-17.7,53.4
1709,17.090,28.1,-20.4,55.6
1710,17.100,29.0,-23.0,57.8
1711,17.110,30.9,-25.6,59.8
1712,17.120,32.4,-28.1,61.7
1713,17.130,33.3,-30.7,63.5
1714,17.140,33.5,-33.2,65.5
1715,17.150,33.4,-35.8,67.5
1716,17.160,33.2,-38.3,69.7
1717,17.170,33.2,-40.7,71.8
1718,17.180,33.1,-43.0,73.9
1719,17.190,32.7,-45.1,75.9
1720,17.200,31.7,-47.1,78.0
1721,17.210,30.3,-48.9,80.3
1722,17.220,28.7,-50.4,82.8
1723,17.230,27.1,-51.7,85.5
1724,17.240,25.5,-52.7,88.2
1725,17.250,23.8,-53.6,90.8
1726,17.260,22.0,-54.4,93.5
1727,17.270,19.8,-55.1,96.4
1728,17.280,17.3,-55.5,99.3
1729,17.290,14.7,-55.8,102.3
1730,17.300,12.2,-55.8,105.2
1731,17.310,9.9,-55.7,108.1
1732,17.320,7.7,-55.5,110.8
1733,17.330,5.7,-55.4,113.4
1734,17.340,3.8,-55.3,115.9
1735,17.350,1.8,-55.0,118.4
1736,17.360,-0.3,-54.7,120.7
1737,17.370,-2.2,-54.3,123.0
1738,17.380,-4.2,-53.7,125.2
1739,17.390,-6.0,-53.1,127.4
1740,17.400,-7.7,-52.4,129.4
1741,17.410,-9.1,-51.7,131.3
1742,17.420,-10.6,-51.1,133.2
1743,17.430,-12.0,-50.3,135.0
1744,17.440,-13.6,-49.5,136.7
1745,17.450,-15.1,-48.6,138.5
1746,17.460,-16.5,-47.6,140.1
1747,17.470,-17.8,-46.5,141.7
1748,17.480,-18.9,-45.4,143.2
1749,17.490,-19.8,-44.2,144.6
1750,17.500,-20.5,-42.9,145.9
1751,17.510,-20.8,-41.6,147.1
1752,17.520,-21.0,-40.2,148.1
1753,17.530,-20.8,-38.8,149.1
1754,17.540,-20.4,-37.3,149.9
1755,17.550,-19.7,-35.7,150.6
1756,17.560,-18.6,-34.2,151.2
1757,17.570,-17.3,-32.7,151.7
1758,17.580,-15.8,-31.1,152.1
1759,17.590,-14.1,-29.5,152.3
1760,17.600,-12.2,-27.9,152.4
1761,17.610,-10.2,-26.3,152.5
1762,17.620,-8.1,-24.7,152.4
1763,17.630,-6.1,-23.1,152.3
1764,17.640,-3.9,-21.4,152.1
1765,17.650,-1.6,-19.9,151.7
1766,17.660,0.8,-18.3,151.4
1767,17.670,3.3,-16.7,150.9
1768,17.680,5.7,-15.2,150.3
1769,17.690,8.1,-13.5,149.7
1770,17.700,10.5,-11.8,149.0
1771,17.710,12.7,-10.1,148.2
1772,17.720,14.7,-8.3,147.4
1773,17.730,16.6,-6.4,146.5
1774,17.740,18.4,-4.3,145.5
1775,17.750,20.0,-2.1,144.5
1776,17.760,21.4,0.2,143.4
1777,17.770,22.5,2.7,142.3
1778,17.780,23.8,5.2,141.1
1779,17.790,25.3,7.8,139.8
1780,17.800,26.9,10.6,138.5
1781,17.810,28.5,13.4,137.1
1782,17.820,29.9,16.5,135.6
1783,17.830,31.1,19.6,134.0
1784,17.840,32.5,22.7,132.3
1785,17.850,34.1,25.8,130.4
1786,17.860,36.0,28.7,128.7
1787,17.870,37.8,31.5,127.0
1788,17.880,39.4,34.3,125.5
1789,17.890,40.5,37.0,124.0
1790,17.900,41.2,39.8,122.7
1791,17.910,41.3,42.6,121.2
1792,17.920,41.4,45.3,119.8
1793,17.930,41.3,47.9,118.4
1794,17.940,41.0,50.2,116.8
1795,17.950,40.7,52.4,115.2
1796,17.960,40.0,54.4,113.5
1797,17.970,39.0,56.2,111.8
1798,17.980,37.7,57.9,110.0
1799,17.990,36.1,59.5,108.0
1800,18.000,34.2,61.0,105.8
1801,18.010,31.9,62.3,103.3
1802,18.020,29.5,63.2,100.5
1803,18.030,26.9,63.9,97.6
1804,18.040,24.2,64.5,94.7
1805,18.050,21.3,65.0,91.7
1806,18.060,18.5,65.3,88.8
1807,18.070,15.6,65.6,85.8
1808,18.080,12.5,65.7,82.7
1809,18.090,9.4,65.6,79.4
1810,18.100,6.4,65.3,76.2
1811,18.110,3.4,65.0,73.1
1812,18.120,0.5,64.6,70.1
1813,18.130,-2.5,64.2,67.2
1814,18.140,-5.4,63.8,64.4
1815,18.150,-8.2,63.3,61.7
1816,18.160,-11.0,62.8,59.1
1817,18.170,-14.0,62.3,56.4
1818,18.180,-16.7,61.6,53.9
1819,18.190,-19.4,60.9,51.4
1820,18.200,-22.0,60.1,49.1
1821,18.210,-24.6,59.3,46.9
1822,18.220,-27.1,58.4,44.8
1823,18.230,-29.6,57.5,42.7
1824,18.240,-32.1,56.5,40.8
1825,18.250,-34.4,55.5,39.0
1826,18.260,-36.4,54.3,37.3
1827,18.270,-38.2,53.1,35.9
1828,18.280,-40.2,51.9,34.5
1829,18.290,-41.7,50.5,33.1
1830,18.300,-43.2,49.1,31.9
1831,18.310,-44.7,47.6,30.8
1832,18.320,-45.8,46.0,29.9
1833,18.330,-46.6,44.4,29.2
1834,18.340,-47.0,42.7,28.6
1835,18.350,-47.2,40.9,28.1
1836,18.360,-47.2,39.2,27.9
1837,18.370,-46.9,37.3,27.7
1838,18.380,-46.2,35.4,27.8
1839,18.390,-45.2,33.4,28.0
1840,18.400,-43.9,31.3,28.3
1841,18.410,-42.0,29.2,28.7
1842,18.420,-39.7,27.1,29.3
1843,18.430,-36.9,24.9,29.9
1844,18.440,-33.8,22.6,30.6
1845,18.450,-30.3,20.2,31.3
1846,18.460,-26.5,17.7,32.1
1847,18.470,-22.7,15.3,32.9
1848,18.480,-18.9,12.9,33.7
1849,18.490,-14.9,10.4,34.6
1850,18.500,-10.7,7.8,35.5
1851,18.510,-6.8,5.1,36.5
1852,18.520,-3.0,2.5,37.6
1853,18.530,0.8,-0.1,38.7
1854,18.540,4.8,-2.7,39.8
1855,18.550,9.1,-5.2,41.1
1856,18.560,13.5,-7.8,42.3
1857,18.570,17.2,-10.3,43.6
1858,18.580,20.1,-12.8,45.0
1859,18.590,22.2,-15.2,46.5
1860,18.600,23.6,-17.5,48.2
1861,18.610,24.4,-19.8,50.0
1862,18.620,24.9,-22.0,52.0
1863,18.630,26.0,-24.1,54.0
1864,18.640,27.8,-26.2,55.9
1865,18.650,29.7,-28.2,57.8
1866,18.660,31.2,-30.3,59.5
1867,18.670,31.7,-32.3,61.3
1868,18.680,31.5,-34.4,63.3
1869,18.690,31.5,-36.5,65.2
1870,18.700,31.7,-38.5,67.2
1871,18.710,31.7,-40.5,69.2
1872,18.720,31.6,-42.5,71.2
1873,18.730,31.2,-44.3,73.2
1874,18.740,30.3,-46.1,75.3
1875,18.750,28.6,-47.7,77.5
1876,18.760,26.6,-49.0,79.9
1877,18.770,24.5,-50.0,82.4
1878,18.780,22.3,-50.7,85.0
1879,18.790,20.1,-51.4,87.7
1880,18.800,18.0,-52.0,90.4
1881,18.810,15.9,-52.5,93.0
1882,18.820,13.6,-52.9,95.7
1883,18.830,11.1,-53.2,98.4
1884,18.840,8.6,-53.2,101.1
1885,18.850,6.2,-53.0,103.7
1886,18.860,3.7,-52.8,106.2
1887,18.870,1.2,-52.4,108.6
1888,18.880,-1.2,-52.2,110.9
1889,18.890,-3.7,-51.9,113.1
1890,18.900,-6.1,-51.4,115.3
1891,18.910,-8.7,-50.8,117.5
1892,18.920,-10.8,-50.0,119.5
1893,18.930,-12.6,-49.2,121.4
1894,18.940,-14.4,-48.4,123.1
1895,18.950,-16.0,-47.6,124.9
1896,18.960,-17.6,-46.7,126.6
1897,18.970,-19.1,-45.9,128.3
1898,18.980,-20.5,-45.1,130.0
1899,18.990,-21.9,-44.2,131.6
1900,19.000,-23.2,-43.2,133.2
1901,19.010,-24.4,-42.2,134.8
1902,19.020,-25.2,-41.2,136.4
1903,19.030,-26.0,-40.2,137.9
1904,19.040,-26.6,-39.1,139.3
1905,19.050,-26.9,-37.9,140.7
1906,19.060,-27.2,-36.7,142.0
1907,19.070,-27.2,-35.4,143.3
1908,19.080,-27.0,-34.0,144.4
1909,19.090,-26.6,-32.6,145.5
1910,19.100,-25.9,-31.1,146.4
1911,19.110,-24.9,-29.6,147.3
1912,19.120,-23.6,-28.2,148.0
1913,19.130,-21.9,-26.7,148.7
1914,19.140,-20.0,-25.2,149.2
1915,19.150,-17.8,-23.8,149.6
1916,19.160,-15.3,-22.3,150.0
1917,19.170,-12.5,-20.9,150.2
1918,19.180,-9.6,-19.5,150.3
1919,19.190,-6.6,-18.0,150.3
1920,19.200,-3.4,-16.6,150.2
1921,19.210,-0.2,-15.2,150.0
1922,19.220,2.8,-13.7,149.7
1923,19.230,5.5,-12.2,149.3
1924,19.240,8.1,-10.7,148.9
1925,19.250,10.6,-9.1,148.3
1926,19.260,13.1,-7.4,147.7
1927,19.270,15.5,-5.7,147.0
1928,19.280,17.9,-3.9,146.2
1929,19.290,20.3,-2.0,145.3
1930,19.300,22.5,0.1,144.3
1931,19.310,24.6,2.2,143.3
1932,19.320,26.7,4.6,142.1
1933,19.330,28.5,7.0,140.9
1934,19.340,30.4,9.5,139.6
1935,19.350,32.2,12.1,138.3
1936,19.360,33.9,14.8,136.9
1937,19.370,35.2,17.7,135.4
1938,19.380,36.4,20.7,133.7
1939,19.390,37.3,23.9,131.9
1940,19.400,38.2,27.0,130.0
1941,19.410,39.8,30.0,128.3
1942,19.420,41.6,32.9,126.5
1943,19.430,43.4,35.9,125.1
1944,19.440,44.3,38.8,123.7
1945,19.450,44.9,41.8,122.4
1946,19.460,45.2,44.8,121.1
1947,19.470,45.4,47.7,119.8
1948,19.480,45.6,50.5,118.6
1949,19.490,45.5,53.1,117.3
1950,19.500,45.1,55.7,116.0
1951,19.510,44.4,57.9,114.4
1952,19.520,43.5,60.0,112.6
1953,19.530,42.3,61.9,110.7
1954,19.540,40.6,63.6,108.3
1955,19.550,38.4,65.2,105.5
1956,19.560,35.8,66.5,102.3
1957,19.570,32.7,67.5,98.5
1958,19.580,29.4,68.4,94.6
1959,19.590,25.8,69.0,90.4
1960,19.600,22.1,69.5,86.3
1961,19.610,18.3,70.0,82.2
1962,19.620,14.6,70.1,77.9
1963,19.630,10.9,70.2,73.8
1964,19.640,7.0,70.0,69.8
1965,19.650,3.3,69.7,65.8
1966,19.660,-0.3,69.2,62.1
1967,19.670,-3.7,68.6,58.5
1968,19.680,-7.0,67.9,55.2
1969,19.690,-10.0,67.2,52.1
1970,19.700,-12.9,66.5,49.2
1971,19.710,-15.7,65.7,46.4
1972,19.720,-18.4,64.9,43.8
1973,19.730,-21.2,64.0,41.3
1974,19.740,-23.9,63.1,39.0
1975,19.750,-26.5,62.1,36.8
1976,19.760,-29.2,61.1,34.6
1977,19.770,-31.9,60.1,32.6
1978,19.780,-34.4,59.0,30.8
1979,19.790,-37.0,58.0,29.0
1980,19.800,-39.5,56.8,27.4
1981,19.810,-41.9,55.6,25.8
1982,19.820,-44.1,54.4,24.4
1983,19.830,-46.1,53.0,23.1
1984,19.840,-47.9,51.5,21.9
1985,19.850,-49.3,49.9,21.0
1986,19.860,-50.4,48.1,20.2
1987,19.870,-50.8,46.4,19.7
1988,19.880,-50.9,44.6,19.4
1989,19.890,-50.6,42.7,19.2
1990,19.900,-50.0,40.8,19.1
1991,19.910,-49.1,38.8,19.2
1992,19.920,-47.9,36.7,19.5
1993,19.930,-46.4,34.7,19.9
1994,19.940,-44.6,32.6,20.4
1995,19.950,-42.5,30.4,21.0
1996,19.960,-40.1,28.3,21.7
1997,19.970,-37.4,26.1,22.5
1998,19.980,-34.2,23.7,23.3
1999,19.990,-30.5,21.3,24.2
2000,20.000,-26.7,18.8,25.1
2001,20.010,-22.8,16.3,26.1
2002,20.020,-18.8,13.9,27.1
2003,20.030,-14.9,11.4,28.2
2004,20.040,-11.1,8.8,29.3
2005,20.050,-7.5,6.2,30.5
2006,20.060,-4.1,3.5,31.8
2007,20.070,-0.5,0.9,33.1
2008,20.080,3.3,-1.7,34.5
2009,20.090,7.3,-4.2,35.9
2010,20.100,11.1,-6.7,37.3
2011,20.110,14.2,-9.2,38.8
2012,20.120,16.7,-11.6,40.4
2013,20.130,18.6,-13.9,42.1
2014,20.140,19.7,-16.2,43.8
2015,20.150,20.3,-18.4,45.8
2016,20.160,20.8,-20.4,47.8
2017,20.170,22.4,-22.5,49.7
2018,20.180,24.4,-24.4,51.5
2019,20.190,25.9,-26.4,53.3
2020,20.200,26.7,-28.3,55.0
2021,20.210,26.5,-30.2,56.7
2022,20.220,25.5,-32.1,58.5
2023,20.230,24.6,-34.0,60.3
2024,20.240,23.9,-35.9,62.2
2025,20.250,23.2,-37.7,64.0
2026,20.260,22.3,-39.5,65.9
2027,20.270,21.2,-41.3,67.9
2028,20.280,19.8,-43.1,69.7
2029,20.290,18.2,-44.8,71.7
2030,20.300,16.3,-46.3,73.7
2031,20.310,14.4,-47.8,76.0
2032,20.320,12.7,-49.2,78.4
2033,20.330,11.1,-50.5,80.8
2034,20.340,9.5,-51.7,83.4
2035,20.350,7.8,-52.8,86.0
2036,20.360,6.0,-53.9,88.7
2037,20.370,4.3,-54.7,91.4
2038,20.380,2.4,-55.5,94.1
2039,20.390,0.5,-56.1,96.8
2040,20.400,-1.3,-56.5,99.4
2041,20.410,-3.1,-56.8,102.1
2042,20.420,-5.2,-56.8,104.7
2043,20.430,-7.3,-56.8,107.3
2044,20.440,-9.3,-56.6,109.8
2045,20.450,-11.2,-56.3,112.2
2046,20.460,-13.0,-56.0,114.5
2047,20.470,-14.9,-55.5,116.7
2048,20.480,-16.8,-55.0,118.8
2049,20.490,-18.7,-54.4,120.8
2050,20.500,-20.5,-53.7,122.8
2051,20.510,-22.2,-52.9,124.6
2052,20.520,-23.9,-52.1,126.2
2053,20.530,-25.6,-51.2,127.8
2054,20.540,-27.2,-50.3,129.4
2055,20.550,-28.7,-49.3,130.8
2056,20.560,-30.0,-48.2,132.2
2057,20.570,-31.2,-47.2,133.6
2058,20.580,-32.3,-46.0,134.9
2059,20.590,-33.2,-44.9,136.1
2060,20.600,-34.0,-43.7,137.2
2061,20.610,-34.6,-42.6,138.4
2062,20.620,-35.3,-41.4,139.4
2063,20.630,-35.9,-40.1,140.4
2064,20.640,-36.2,-38.8,141.3
2065,20.650,-36.3,-37.5,142.2
2066,20.660,-36.3,-36.2,142.9
2067,20.670,-36.2,-34.9,143.5
2068,20.680,-36.0,-33.6,144.1
2069,20.690,-35.6,-32.2,144.5
2070,20.700,-35.0,-30.8,144.8
2071,20.710,-34.2,-29.5,145.0
2072,20.720,-33.3,-28.1,145.2
2073,20.730,-32.3,-26.8,145.2
2074,20.740,-31.1,-25.5,145.2
2075,20.750,-29.9,-24.2,145.1
2076,20.760,-28.5,-22.9,144.9
2077,20.770,-27.1,-21.7,144.7
2078,20.780,-25.7,-20.6,144.4
2079,20.790,-24.2,-19.4,144.1
2080,20.800,-22.7,-18.3,143.7
2081,20.810,-21.3,-17.3,143.2
2082,20.820,-20.0,-16.3,142.8
2083,20.830,-18.8,-15.2,142.2
2084,20.840,-17.7,-14.1,141.6
2085,20.850,-16.8,-13.1,141.0
2086,20.860,-15.9,-12.0,140.3
2087,20.870,-14.9,-10.9,139.6
2088,20.880,-13.9,-10.0,138.8
2089,20.890,-12.9,-9.0,138.0
2090,20.900,-11.9,-8.1,137.2
2091,20.910,-11.0,-7.2,136.4
2092,20.920,-10.2,-6.3,135.5
2093,20.930,-9.4,-5.4,134.7
2094,20.940,-8.6,-4.6,133.8
2095,20.950,-7.9,-3.7,133.0
2096,20.960,-7.2,-2.9,132.1
2097,20.970,-6.5,-2.1,131.3
2098,20.980,-5.8,-1.2,130.5
2099,20.990,-5.2,-0.3,129.6
2100,21.000,-4.5,0.5,128.8
2101,21.010,-3.7,1.4,127.9
2102,21.020,-3.0,2.2,127.1
2103,21.030,-2.3,3.1,126.2
2104,21.040,-1.8,4.0,125.4
2105,21.050,-1.4,4.8,124.5
2106,21.060,-1.2,5.6,123.6
2107,21.070,-0.9,6.4,122.8
2108,21.080,-0.6,7.1,121.9
2109,21.090,-0.4,7.9,121.0
2110,21.100,-0.2,8.6,120.1
2111,21.110,-0.2,9.3,119.1
2112,21.120,-0.2,9.9,118.2
2113,21.130,-0.1,10.6,117.3
2114,21.140,0.1,11.1,116.3
2115,21.150,0.3,11.7,115.4
2116,21.160,0.4,12.1,114.5
2117,21.170,0.5,12.6,113.5
2118,21.180,0.4,13.1,112.6
2119,21.190,0.4,13.5,111.6
2120,21.200,0.3,13.9,110.6
2121,21.210,0.1,14.2,109.7
2122,21.220,-0.1,14.6,108.7
2123,21.230,-0.4,14.9,107.7
2124,21.240,-0.7,15.2,106.7
2125,21.250,-0.9,15.4,105.6
2126,21.260,-1.1,15.6,104.6
2127,21.270,-1.3,15.7,103.6
2128,21.280,-1.5,15.8,102.6
2129,21.290,-1.8,15.8,101.6
2130,21.300,-2.1,15.8,100.6
2131,21.310,-2.5,15.8,99.6
2132,21.320,-2.9,15.8,98.7
2133,21.330,-3.4,15.7,97.7
2134,21.340,-3.8,15.6,96.8
2135,21.350,-4.3,15.4,95.9
2136,21.360,-4.8,15.3,95.0
2137,21.370,-5.2,15.1,94.1
2138,21.380,-5.5,14.8,93.2
2139,21.390,-5.9,14.6,92.4
2140,21.400,-6.2,14.2,91.5
2141,21.410,-6.6,13.9,90.7
2142,21.420,-7.0,13.5,90.0
2143,21.430,-7.4,13.1,89.3
2144,21.440,-7.9,12.6,88.5
2145,21.450,-8.2,12.2,87.9
2146,21.460,-8.4,11.7,87.3
2147,21.470,-8.7,11.1,86.7
2148,21.480,-9.0,10.6,86.1
2149,21.490,-9.3,10.1,85.6
2150,21.500,-9.7,9.6,85.1
2151,21.510,-10.1,9.2,84.7
2152,21.520,-10.4,8.7,84.3
2153,21.530,-10.6,8.2,83.9
2154,21.540,-10.8,7.7,83.6
2155,21.550,-10.9,7.2,83.4
2156,21.560,-10.9,6.7,83.1
2157,21.570,-11.1,6.2,83.0
2158,21.580,-11.2,5.8,82.8
2159,21.590,-11.4,5.3,82.7
2160,21.600,-11.4,4.8,82.6
2161,21.610,-11.3,4.4,82.6
2162,21.620,-11.1,3.9,82.6
2163,21.630,-10.9,3.4,82.5
2164,21.640,-10.6,2.9,82.5
2165,21.650,-10.4,2.5,82.5
2166,21.660,-10.0,2.1,82.5
2167,21.670,-9.7,1.7,82.5
2168,21.680,-9.2,1.3,82.5
2169,21.690,-8.8,0.9,82.5
2170,21.700,-8.3,0.6,82.5
2171,21.710,-7.9,0.3,82.5
2172,21.720,-7.5,0.1,82.5
2173,21.730,-7.2,-0.1,82.5
2174,21.740,-7.1,-0.3,82.5
2175,21.750,-6.9,-0.5,82.5
2176,21.760,-6.8,-0.7,82.5
2177,21.770,-6.7,-0.9,82.5
2178,21.780,-6.6,-1.0,82.4
2179,21.790,-6.6,-1.1,82.4
2180,21.800,-6.7,-1.1,82.3
2181,21.810,-6.8,-1.1,82.3
2182,21.820,-6.9,-1.1,82.2
2183,21.830,-6.9,-1.0,82.1
2184,21.840,-6.9,-0.9,82.1
2185,21.850,-6.9,-0.8,82.0
2186,21.860,-6.8,-0.7,81.9
2187,21.870,-6.8,-0.5,81.8
2188,21.880,-6.8,-0.3,81.7
2189,21.890,-6.8,-0.1,81.6
2190,21.900,-6.8,0.1,81.5
2191,21.910,-6.8,0.3,81.4
2192,21.920,-6.7,0.6,81.3
2193,21.930,-6.5,0.8,81.3
2194,21.940,-6.3,1.0,81.2
2195,21.950,-6.1,1.3,81.1
2196,21.960,-6.0,1.5,81.1
2197,21.970,-6.0,1.8,81.1
2198,21.980,-6.1,2.0,81.1
2199,21.990,-6.2,2.3,81.0
2200,22.000,-6.3,2.5,81.0
2201,22.010,-6.4,2.7,81.0
2202,22.020,-6.4,2.9,81.0
2203,22.030,-6.5,3.0,81.0
2204,22.040,-6.5,3.1,81.0
2205,22.050,-6.6,3.2,81.0
2206,22.060,-6.5,3.2,81.0
2207,22.070,-6.5,3.3,81.1
2208,22.080,-6.4,3.2,81.1
2209,22.090,-6.4,3.2,81.2
2210,22.100,-6.3,3.1,81.2
2211,22.110,-6.2,3.1,81.3
2212,22.120,-6.2,3.0,81.3
2213,22.130,-6.1,2.9,81.4
2214,22.140,-5.9,2.8,81.5
2215,22.150,-5.8,2.7,81.6
2216,22.160,-5.6,2.5,81.6
2217,22.170,-5.4,2.4,81.7
2218,22.180,-5.2,2.3,81.8
2219,22.190,-5.0,2.2,81.9
2220,22.200,-5.0,2.1,82.0
2221,22.210,-4.9,2.0,82.1
2222,22.220,-4.9,1.9,82.1
2223,22.230,-4.9,1.9,82.2
2224,22.240,-4.9,1.8,82.3
2225,22.250,-4.9,1.8,82.4
2226,22.260,-4.9,1.8,82.4
2227,22.270,-4.9,1.9,82.5
2228,22.280,-5.0,1.9,82.5
2229,22.290,-5.1,2.0,82.6
2230,22.300,-5.3,2.1,82.6
2231,22.310,-5.3,2.2,82.6
2232,22.320,-5.4,2.3,82.7
2233,22.330,-5.4,2.4,82.7
2234,22.340,-5.4,2.5,82.7
2235,22.350,-5.4,2.6,82.7
2236,22.360,-5.4,2.6,82.8
2237,22.370,-5.5,2.7,82.8
2238,22.380,-5.5,2.7,82.8
2239,22.390,-5.4,2.8,82.8
2240,22.400,-5.3,2.8,82.9
2241,22.410,-5.3,2.8,82.9
2242,22.420,-5.2,2.8,82.9
2243,22.430,-5.2,2.8,82.9
2244,22.440,-5.2,2.8,82.9
2245,22.450,-5.2,2.8,82.9
2246,22.460,-5.2,2.8,82.9
2247,22.470,-5.1,2.8,83.0
2248,22.480,-5.1,2.8,83.0
2249,22.490,-5.0,2.7,83.0
2250,22.500,-4.9,2.7,83.0
2251,22.510,-4.9,2.6,83.0
2252,22.520,-4.9,2.6,83.0
2253,22.530,-4.8,2.5,83.1
2254,22.540,-4.8,2.5,83.1
2255,22.550,-4.8,2.4,83.1
2256,22.560,-4.7,2.4,83.1
2257,22.570,-4.7,2.3,83.2
2258,22.580,-4.7,2.3,83.2
2259,22.590,-4.8,2.3,83.2
2260,22.600,-4.8,2.3,83.2
2261,22.610,-4.9,2.3,83.2
2262,22.620,-4.9,2.2,83.2
2263,22.630,-5.0,2.2,83.2
2264,22.640,-5.0,2.2,83.2
2265,22.650,-5.0,2.2,83.2
2266,22.660,-5.0,2.3,83.2
2267,22.670,-5.0,2.3,83.3
2268,22.680,-5.0,2.3,83.3
2269,22.690,-5.0,2.3,83.3
2270,22.700,-5.0,2.3,83.3
2271,22.710,-4.9,2.3,83.3
2272,22.720,-4.9,2.3,83.3
2273,22.730,-4.9,2.3,83.3
2274,22.740,-5.0,2.3,83.3
2275,22.750,-5.0,2.4,83.3
2276,22.760,-5.1,2.4,83.3
2277,22.770,-5.1,2.4,83.3
2278,22.780,-5.2,2.4,83.3
2279,22.790,-5.2,2.4,83.3
2280,22.800,-5.2,2.5,83.3
2281,22.810,-5.1,2.5,83.3
2282,22.820,-5.1,2.5,83.3
2283,22.830,-5.1,2.4,83.3
2284,22.840,-5.1,2.4,83.3
2285,22.850,-5.1,2.4,83.3
2286,22.860,-5.1,2.4,83.3
2287,22.870,-5.1,2.4,83.3
2288,22.880,-5.1,2.4,83.3
2289,22.890,-5.1,2.4,83.3
2290,22.900,-5.1,2.4,83.3
2291,22.910,-5.1,2.4,83.4
2292,22.920,-5.1,2.4,83.4
2293,22.930,-5.1,2.3,83.4
2294,22.940,-5.1,2.3,83.4
2295,22.950,-5.0,2.3,83.4
2296,22.960,-5.0,2.3,83.4
2297,22.970,-5.0,2.3,83.4
2298,22.980,-5.0,2.3,83.4
2299,22.990,-5.0,2.3,83.4
2300,23.000,-4.9,2.3,83.4
2301,23.010,-4.9,2.3,83.4
2302,23.020,-4.9,2.3,83.4
2303,23.030,-4.9,2.3,83.4
2304,23.040,-4.8,2.3,83.4
2305,23.050,-4.8,2.3,83.4
2306,23.060,-4.8,2.3,83.4
2307,23.070,-4.8,2.3,83.4
2308,23.080,-4.8,2.3,83.4
2309,23.090,-4.7,2.3,83.4
2310,23.100,-4.7,2.3,83.4
2311,23.110,-4.7,2.3,83.4
2312,23.120,-4.6,2.3,83.4
2313,23.130,-4.6,2.3,83.4
2314,23.140,-4.6,2.3,83.4
2315,23.150,-4.6,2.3,83.4
2316,23.160,-4.6,2.3,83.4
2317,23.170,-4.6,2.3,83.4
2318,23.180,-4.6,2.2,83.4
2319,23.190,-4.5,2.2,83.4
2320,23.200,-4.5,2.2,83.4
2321,23.210,-4.5,2.2,83.4
2322,23.220,-4.5,2.2,83.4
2323,23.230,-4.4,2.2,83.4
2324,23.240,-4.4,2.2,83.4
2325,23.250,-4.3,2.2,83.4
2326,23.260,-4.3,2.1,83.4
2327,23.270,-4.3,2.1,83.4
2328,23.280,-4.2,2.1,83.4
2329,23.290,-4.2,2.1,83.4
2330,23.300,-4.2,2.1,83.4
2331,23.310,-4.2,2.1,83.4
2332,23.320,-4.2,2.1,83.4
2333,23.330,-4.1,2.1,83.5
2334,23.340,-4.1,2.1,83.5
2335,23.350,-4.1,2.1,83.5
2336,23.360,-4.0,2.1,83.5
2337,23.370,-4.0,2.1,83.5
2338,23.380,-4.0,2.1,83.5
2339,23.390,-3.9,2.1,83.5
2340,23.400,-3.9,2.0,83.5
2341,23.410,-3.9,2.0,83.5
2342,23.420,-3.9,2.0,83.5
2343,23.430,-3.9,2.0,83.5
2344,23.440,-3.9,2.0,83.5
2345,23.450,-3.9,2.0,83.5
2346,23.460,-3.9,2.0,83.5
2347,23.470,-3.8,2.0,83.5
2348,23.480,-3.8,2.0,83.5
2349,23.490,-3.8,2.0,83.5
2350,23.500,-3.8,2.0,83.5
2351,23.510,-3.7,2.0,83.5
2352,23.520,-3.7,1.9,83.6
2353,23.530,-3.7,1.9,83.6
2354,23.540,-3.7,1.9,83.6
2355,23.550,-3.7,1.9,83.6
2356,23.560,-3.7,1.9,83.6
2357,23.570,-3.7,1.9,83.6
2358,23.580,-3.7,1.9,83.6
2359,23.590,-3.7,1.9,83.6
2360,23.600,-3.7,1.9,83.6
2361,23.610,-3.7,1.9,83.6
2362,23.620,-3.7,1.9,83.6
2363,23.630,-3.7,1.9,83.6
2364,23.640,-3.7,1.9,83.6
2365,23.650,-3.7,1.9,83.6
2366,23.660,-3.7,1.9,83.6
2367,23.670,-3.7,1.9,83.6
2368,23.680,-3.7,1.9,83.6
2369,23.690,-3.7,1.9,83.6
2370,23.700,-3.7,2.0,83.6
2371,23.710,-3.6,2.0,83.6
2372,23.720,-3.6,2.0,83.7
2373,23.730,-3.6,2.0,83.7
2374,23.740,-3.6,2.0,83.7
2375,23.750,-3.6,2.0,83.7
2376,23.760,-3.5,2.0,83.7
2377,23.770,-3.5,1.9,83.7
2378,23.780,-3.4,1.9,83.7
2379,23.790,-3.4,1.9,83.7
2380,23.800,-3.4,1.9,83.7
2381,23.810,-3.3,1.9,83.7
2382,23.820,-3.3,1.9,83.7
2383,23.830,-3.2,1.9,83.7
2384,23.840,-3.2,1.9,83.7
2385,23.850,-3.1,1.9,83.7
2386,23.860,-3.1,1.9,83.7
2387,23.870,-3.1,1.9,83.7
2388,23.880,-3.1,1.9,83.7
2389,23.890,-3.1,1.9,83.7
2390,23.900,-3.1,1.9,83.7
2391,23.910,-3.0,1.9,83.7
2392,23.920,-3.0,1.9,83.7
2393,23.930,-3.0,1.9,83.7
2394,23.940,-3.0,1.9,83.8
2395,23.950,-3.0,1.9,83.8
2396,23.960,-3.0,1.9,83.8
2397,23.970,-3.0,1.9,83.8
2398,23.980,-3.0,1.9,83.8
2399,23.990,-3.0,1.9,83.8
2400,24.000,-3.0,2.0,83.8
2401,24.010,-3.0,2.0,83.8
2402,24.020,-3.0,2.0,83.8
2403,24.030,-3.0,2.0,83.8
2404,24.040,-3.0,2.0,83.8
2405,24.050,-3.0,1.9,83.8
2406,24.060,-3.0,1.9,83.8
2407,24.070,-3.0,1.9,83.8
2408,24.080,-3.0,1.9,83.8
2409,24.090,-2.9,1.9,83.8
2410,24.100,-2.9,1.9,83.8
2411,24.110,-2.9,1.9,83.8
2412,24.120,-2.9,1.9,83.8
2413,24.130,-2.8,1.9,83.8
2414,24.140,-2.8,1.8,83.8
2415,24.150,-2.7,1.8,83.8
2416,24.160,-2.7,1.8,83.8
2417,24.170,-2.7,1.8,83.8
2418,24.180,-2.7,1.8,83.8
2419,24.190,-2.7,1.8,83.8
2420,24.200,-2.7,1.8,83.8
2421,24.210,-2.6,1.9,83.8
2422,24.220,-2.6,1.9,83.8
2423,24.230,-2.7,1.9,83.8
2424,24.240,-2.7,1.9,83.8
2425,24.250,-2.7,1.8,83.8
2426,24.260,-2.7,1.8,83.8
2427,24.270,-2.7,1.8,83.8
2428,24.280,-2.7,1.8,83.8
2429,24.290,-2.7,1.8,83.8
2430,24.300,-2.8,1.8,83.8
2431,24.310,-2.8,1.9,83.8
2432,24.320,-2.8,1.9,83.8
2433,24.330,-2.8,1.9,83.8
2434,24.340,-2.8,1.9,83.8
2435,24.350,-2.8,1.9,83.8
2436,24.360,-2.8,1.9,83.8
2437,24.370,-2.8,1.9,83.8
2438,24.380,-2.8,1.9,83.8
2439,24.390,-2.8,1.9,83.8
2440,24.400,-2.8,1.9,83.8
2441,24.410,-2.8,1.8,83.8
2442,24.420,-2.8,1.8,83.8
2443,24.430,-2.8,1.8,83.8
2444,24.440,-2.7,1.8,83.8
2445,24.450,-2.7,1.8,83.8
2446,24.460,-2.6,1.8,83.8
2447,24.470,-2.6,1.8,83.8
2448,24.480,-2.5,1.8,83.8
2449,24.490,-2.5,1.8,83.8
2450,24.500,-2.4,1.8,83.8
2451,24.510,-2.4,1.8,83.8
2452,24.520,-2.4,1.8,83.8
2453,24.530,-2.3,1.8,83.8
2454,24.540,-2.3,1.8,83.8
2455,24.550,-2.3,1.8,83.8
2456,24.560,-2.3,1.8,83.8
2457,24.570,-2.3,1.8,83.8
2458,24.580,-2.3,1.8,83.8
2459,24.590,-2.3,1.8,83.8
2460,24.600,-2.3,1.8,83.8
2461,24.610,-2.3,1.8,83.8
2462,24.620,-2.3,1.8,83.8
2463,24.630,-2.3,1.8,83.8
2464,24.640,-2.3,1.8,83.8
2465,24.650,-2.3,1.8,83.8
2466,24.660,-2.3,1.8,83.8
2467,24.670,-2.3,1.8,83.8
2468,24.680,-2.3,1.8,83.8
2469,24.690,-2.4,1.8,83.8
2470,24.700,-2.4,1.8,83.8
2471,24.710,-2.4,1.8,83.8
2472,24.720,-2.4,1.8,83.8
2473,24.730,-2.4,1.8,83.8
2474,24.740,-2.4,1.8,83.8
2475,24.750,-2.4,1.8,83.8
2476,24.760,-2.4,1.8,83.8
2477,24.770,-2.3,1.8,83.8
2478,24.780,-2.3,1.8,83.8
2479,24.790,-2.3,1.8,83.8
2480,24.800,-2.2,1.8,83.8
2481,24.810,-2.2,1.8,83.8
2482,24.820,-2.1,1.8,83.8
2483,24.830,-2.0,1.8,83.8
2484,24.840,-1.9,1.8,83.8
2485,24.850,-1.8,1.8,83.8
2486,24.860,-1.7,1.8,83.8
2487,24.870,-1.7,1.8,83.8
2488,24.880,-1.6,1.8,83.8
2489,24.890,-1.5,1.8,83.8
2490,24.900,-1.5,1.8,83.8
2491,24.910,-1.4,1.9,83.8
2492,24.920,-1.4,1.9,83.8
2493,24.930,-1.4,1.9,83.8
2494,24.940,-1.3,1.9,83.8
2495,24.950,-1.3,1.9,83.8
2496,24.960,-1.3,1.9,83.8
2497,24.970,-1.3,1.9,83.8
2498,24.980,-1.3,1.9,83.8
2499,24.990,-1.2,1.9,83.8
2500,25.000,-1.2,1.9,83.8
2501,25.010,-1.2,1.9,83.8
2502,25.020,-1.2,1.9,83.8
2503,25.030,-1.2,1.8,83.8
2504,25.040,-1.2,1.8,83.8
2505,25.050,-1.2,1.8,83.8
2506,25.060,-1.2,1.8,83.8
2507,25.070,-1.2,1.8,83.8
2508,25.080,-1.2,1.8,83.8
2509,25.090,-1.2,1.8,83.8
2510,25.100,-1.2,1.8,83.8
2511,25.110,-1.2,1.8,83.8
2512,25.120,-1.2,1.8,83.8
2513,25.130,-1.2,1.8,83.8
2514,25.140,-1.2,1.8,83.8
2515,25.150,-1.2,1.8,83.8
2516,25.160,-1.2,1.8,83.8
2517,25.170,-1.2,1.8,83.8
2518,25.180,-1.2,1.8,83.8
2519,25.190,-1.2,1.8,83.8
2520,25.200,-1.2,1.8,83.8
2521,25.210,-1.2,1.8,83.8
2522,25.220,-1.2,1.8,83.8
2523,25.230,-1.1,1.8,83.8
2524,25.240,-1.1,1.8,83.8
2525,25.250,-1.1,1.8,83.8
2526,25.260,-1.0,1.8,83.8
2527,25.270,-1.0,1.8,83.8
2528,25.280,-1.0,1.8,83.8
2529,25.290,-1.0,1.8,83.8
2530,25.300,-1.0,1.8,83.8
2531,25.310,-1.0,1.8,83.8
2532,25.320,-1.0,1.8,83.8
2533,25.330,-1.0,1.8,83.8
2534,25.340,-1.0,1.8,83.8
2535,25.350,-1.0,1.8,83.8
2536,25.360,-1.0,1.8,83.8
2537,25.370,-1.0,1.8,83.8
2538,25.380,-1.0,1.8,83.8
2539,25.390,-1.0,1.8,83.8
2540,25.400,-1.0,1.8,83.8
2541,25.410,-1.0,1.8,83.8
2542,25.420,-1.0,1.8,83.8
2543,25.430,-1.0,1.8,83.8
2544,25.440,-1.0,1.8,83.8
2545,25.450,-1.0,1.8,83.8
2546,25.460,-1.0,1.8,83.8
2547,25.470,-1.0,1.7,83.8
2548,25.480,-1.0,1.7,83.8
2549,25.490,-1.0,1.7,83.8
2550,25.500,-0.9,1.7,83.8
2551,25.510,-0.9,1.7,83.8
2552,25.520,-1.0,1.7,83.8
2553,25.530,-1.0,1.7,83.8
2554,25.540,-0.9,1.7,83.8
2555,25.550,-0.9,1.7,83.8
2556,25.560,-0.9,1.7,83.8
2557,25.570,-0.9,1.7,83.8
2558,25.580,-0.9,1.7,83.8
2559,25.590,-0.9,1.7,83.8
2560,25.600,-0.9,1.7,83.8
2561,25.610,-0.9,1.7,83.8
2562,25.620,-0.9,1.7,83.8
2563,25.630,-0.9,1.7,83.8
2564,25.640,-0.9,1.7,83.8
2565,25.650,-0.9,1.7,83.8
2566,25.660,-0.9,1.7,83.8
2567,25.670,-0.9,1.7,83.8
2568,25.680,-0.9,1.7,83.8
2569,25.690,-0.9,1.7,83.8
2570,25.700,-0.9,1.7,83.8
2571,25.710,-1.0,1.7,83.8
2572,25.720,-1.0,1.7,83.8
2573,25.730,-1.0,1.7,83.8
2574,25.740,-1.0,1.7,83.8
2575,25.750,-1.0,1.7,83.8
2576,25.760,-1.0,1.7,83.8
2577,25.770,-1.0,1.7,83.8
2578,25.780,-1.1,1.7,83.8
2579,25.790,-1.1,1.6,83.8
2580,25.800,-1.1,1.6,83.8
2581,25.810,-1.1,1.6,83.8
2582,25.820,-1.1,1.6,83.8
2583,25.830,-1.1,1.6,83.8
2584,25.840,-1.1,1.6,83.8
2585,25.850,-1.1,1.6,83.8
2586,25.860,-1.1,1.6,83.8
2587,25.870,-1.1,1.6,83.8
2588,25.880,-1.1,1.6,83.8
2589,25.890,-1.1,1.6,83.8
2590,25.900,-1.1,1.6,83.8
2591,25.910,-1.1,1.6,83.8
2592,25.920,-1.1,1.6,83.8
2593,25.930,-1.1,1.6,83.8
2594,25.940,-1.0,1.6,83.8
2595,25.950,-1.0,1.6,83.8
2596,25.960,-1.0,1.6,83.8
2597,25.970,-1.0,1.6,83.8
2598,25.980,-1.0,1.6,83.8
2599,25.990,-1.0,1.6,83.8
2600,26.000,-1.0,1.6,83.8
2601,26.010,-1.0,1.6,83.8
2602,26.020,-0.9,1.6,83.8
2603,26.030,-0.9,1.6,83.8
2604,26.040,-0.9,1.6,83.8
2605,26.050,-0.9,1.6,83.8
2606,26.060,-1.0,1.6,83.8
2607,26.070,-0.9,1.6,83.8
2608,26.080,-0.9,1.6,83.8
2609,26.090,-0.9,1.6,83.8
2610,26.100,-0.9,1.6,83.8
2611,26.110,-0.9,1.6,83.8
2612,26.120,-0.9,1.6,83.8
2613,26.130,-0.9,1.6,83.8
2614,26.140,-0.9,1.6,83.8
2615,26.150,-0.9,1.6,83.8
2616,26.160,-0.8,1.6,83.8
2617,26.170,-0.8,1.6,83.8
2618,26.180,-0.8,1.6,83.8
2619,26.190,-0.8,1.6,83.8
2620,26.200,-0.8,1.5,83.8
2621,26.210,-0.7,1.5,83.8
2622,26.220,-0.7,1.5,83.8
2623,26.230,-0.7,1.5,83.8
2624,26.240,-0.7,1.5,83.8
2625,26.250,-0.7,1.5,83.8
2626,26.260,-0.7,1.5,83.8
2627,26.270,-0.6,1.5,83.8
2628,26.280,-0.6,1.5,83.8
2629,26.290,-0.6,1.5,83.8
2630,26.300,-0.7,1.5,83.8
2631,26.310,-0.7,1.5,83.9
2632,26.320,-0.7,1.5,83.9
2633,26.330,-0.7,1.5,83.9
2634,26.340,-0.7,1.5,83.9
2635,26.350,-0.7,1.5,83.9
2636,26.360,-0.7,1.5,83.9
2637,26.370,-0.7,1.5,83.9
2638,26.380,-0.7,1.5,83.9
2639,26.390,-0.7,1.5,83.9
2640,26.400,-0.7,1.5,83.9
2641,26.410,-0.7,1.5,83.9
2642,26.420,-0.7,1.5,83.9
2643,26.430,-0.7,1.5,83.9
2644,26.440,-0.7,1.5,83.9
2645,26.450,-0.6,1.5,83.9
2646,26.460,-0.6,1.5,83.9
2647,26.470,-0.6,1.5,83.9
2648,26.480,-0.6,1.5,83.9
2649,26.490,-0.5,1.5,83.9
2650,26.500,-0.5,1.5,83.9
2651,26.510,-0.4,1.5,83.9
2652,26.520,-0.4,1.5,83.9
2653,26.530,-0.3,1.5,84.0
2654,26.540,-0.3,1.5,84.0
2655,26.550,-0.2,1.5,84.0
2656,26.560,-0.2,1.5,84.1
2657,26.570,-0.2,1.5,84.1
2658,26.580,-0.1,1.6,84.2
2659,26.590,-0.1,1.6,84.2
2660,26.600,-0.1,1.6,84.3
2661,26.610,-0.0,1.6,84.4
2662,26.620,0.0,1.7,84.5
2663,26.630,0.3,1.7,84.6
2664,26.640,0.6,1.7,84.7
2665,26.650,0.7,1.7,84.8
2666,26.660,0.8,1.6,85.0
2667,26.670,0.8,1.7,85.2
2668,26.680,0.7,1.7,85.4
2669,26.690,0.6,1.6,85.6
2670,26.700,0.5,1.6,85.8
2671,26.710,0.5,1.6,86.0
2672,26.720,0.5,1.5,86.3
2673,26.730,0.5,1.5,86.5
2674,26.740,0.6,1.4,86.8
2675,26.750,0.6,1.3,87.0
2676,26.760,0.6,1.2,87.3
2677,26.770,0.6,1.2,87.5
2678,26.780,0.7,1.1,87.8
2679,26.790,0.7,1.0,88.1
2680,26.800,0.7,0.9,88.3
2681,26.810,0.8,0.8,88.6
2682,26.820,0.8,0.7,88.8
2683,26.830,0.9,0.6,89.1
2684,26.840,0.9,0.5,89.3
2685,26.850,0.9,0.4,89.5
2686,26.860,0.9,0.3,89.7
2687,26.870,0.8,0.2,89.9
2688,26.880,0.8,0.1,90.0
2689,26.890,0.7,0.0,90.2
2690,26.900,0.6,-0.0,90.3
2691,26.910,0.4,-0.1,90.4
2692,26.920,0.3,-0.1,90.4
2693,26.930,0.1,-0.2,90.5
2694,26.940,-0.0,-0.2,90.5
2695,26.950,-0.2,-0.2,90.5
2696,26.960,-0.4,-0.2,90.5
2697,26.970,-0.5,-0.2,90.4
2698,26.980,-0.7,-0.2,90.4
2699,26.990,-0.7,-0.1,90.4
2700,27.000,-0.7,-0.1,90.3
2701,27.010,-0.6,-0.1,90.3
2702,27.020,-0.6,-0.0,90.3
2703,27.030,-0.5,0.0,90.3
2704,27.040,-0.3,0.0,90.2
2705,27.050,-0.2,0.1,90.2
2706,27.060,-0.0,0.1,90.2
2707,27.070,0.1,0.1,90.2
2708,27.080,0.3,0.1,90.2
2709,27.090,0.5,0.2,90.2
2710,27.100,0.6,0.2,90.1
2711,27.110,0.8,0.2,90.1
2712,27.120,0.9,0.2,90.1
2713,27.130,0.9,0.3,90.1
2714,27.140,1.0,0.3,90.1
2715,27.150,1.1,0.3,90.1
2716,27.160,1.1,0.3,90.1
2717,27.170,1.2,0.3,90.0
2718,27.180,1.2,0.3,90.0
2719,27.190,1.2,0.3,90.0
2720,27.200,1.1,0.3,90.0
2721,27.210,1.1,0.3,89.9
2722,27.220,1.1,0.3,89.9
2723,27.230,1.1,0.3,89.9
2724,27.240,1.1,0.2,89.9
2725,27.250,1.1,0.2,89.8
2726,27.260,1.1,0.2,89.8
2727,27.270,1.1,0.1,89.8
2728,27.280,1.1,0.1,89.8
2729,27.290,1.0,0.1,89.7
2730,27.300,1.0,0.1,89.7
2731,27.310,1.0,0.0,89.7
2732,27.320,1.0,0.0,89.7
2733,27.330,0.9,0.0,89.6
2734,27.340,0.9,0.0,89.6
2735,27.350,0.9,0.0,89.6
2736,27.360,0.9,0.0,89.6
2737,27.370,0.9,0.0,89.6
2738,27.380,0.9,0.0,89.6
2739,27.390,0.9,0.0,89.6
2740,27.400,0.9,0.0,89.5
2741,27.410,0.9,0.0,89.5
2742,27.420,0.9,0.0,89.5
2743,27.430,0.9,0.0,89.5
2744,27.440,0.9,0.0,89.5
2745,27.450,1.0,0.0,89.5
2746,27.460,1.0,0.0,89.5
2747,27.470,1.0,0.0,89.5
2748,27.480,1.0,0.0,89.5
2749,27.490,1.0,0.0,89.5
2750,27.500,1.0,0.0,89.5
2751,27.510,1.0,0.1,89.5
2752,27.520,1.0,0.1,89.5
2753,27.530,1.0,0.1,89.5
2754,27.540,1.0,0.1,89.5
2755,27.550,1.0,0.0,89.5
2756,27.560,1.0,0.0,89.5
2757,27.570,1.0,0.0,89.5
2758,27.580,1.0,0.0,89.5
2759,27.590,1.0,0.0,89.5
2760,27.600,1.0,-0.0,89.5
2761,27.610,1.1,-0.0,89.5
2762,27.620,1.1,-0.0,89.5
2763,27.630,1.1,-0.0,89.5
2764,27.640,1.2,-0.0,89.5
2765,27.650,1.2,-0.0,89.5
2766,27.660,1.2,-0.0,89.5
2767,27.670,1.3,-0.0,89.4
2768,27.680,1.3,-0.0,89.4
2769,27.690,1.3,-0.0,89.4
2770,27.700,1.3,-0.0,89.4
2771,27.710,1.3,0.0,89.3
2772,27.720,1.3,0.0,89.3
2773,27.730,1.3,0.0,89.2
2774,27.740,1.3,0.0,89.2
2775,27.750,1.3,0.0,89.2
2776,27.760,1.3,0.0,89.1
2777,27.770,1.2,-0.0,89.1
2778,27.780,1.2,-0.0,89.0
2779,27.790,1.2,-0.1,89.0
2780,27.800,1.2,-0.1,88.9
2781,27.810,1.2,-0.1,88.9
2782,27.820,1.1,-0.1,88.9
2783,27.830,1.1,-0.2,88.8
2784,27.840,1.0,-0.2,88.8
2785,27.850,1.0,-0.3,88.7
2786,27.860,0.9,-0.3,88.7
2787,27.870,0.9,-0.3,88.6
2788,27.880,0.9,-0.4,88.6
2789,27.890,0.9,-0.4,88.6
2790,27.900,0.9,-0.4,88.6
2791,27.910,0.9,-0.5,88.5
2792,27.920,0.9,-0.5,88.5
2793,27.930,0.9,-0.5,88.5
2794,27.940,0.9,-0.5,88.5
2795,27.950,0.9,-0.5,88.4
2796,27.960,0.9,-0.5,88.4
2797,27.970,1.0,-0.5,88.4
2798,27.980,1.0,-0.4,88.4
2799,27.990,1.0,-0.4,88.4
2800,28.000,1.0,-0.4,88.4
2801,28.010,1.0,-0.4,88.4
2802,28.020,1.0,-0.4,88.4
2803,28.030,1.0,-0.4,88.4
2804,28.040,1.0,-0.3,88.4
2805,28.050,1.0,-0.3,88.4
2806,28.060,1.0,-0.3,88.4
2807,28.070,1.0,-0.3,88.4
2808,28.080,1.0,-0.3,88.4
2809,28.090,1.0,-0.3,88.4
2810,28.100,1.0,-0.3,88.4
2811,28.110,1.0,-0.3,88.4
2812,28.120,1.0,-0.3,88.4
2813,28.130,1.0,-0.3,88.4
2814,28.140,1.0,-0.3,88.4
2815,28.150,1.0,-0.3,88.4
2816,28.160,1.0,-0.3,88.4
2817,28.170,1.0,-0.3,88.4
2818,28.180,1.0,-0.3,88.4
2819,28.190,1.0,-0.3,88.4
2820,28.200,1.0,-0.3,88.4
2821,28.210,1.0,-0.3,88.4
2822,28.220,1.0,-0.3,88.4
2823,28.230,1.0,-0.3,88.4
2824,28.240,1.0,-0.3,88.4
2825,28.250,1.0,-0.3,88.3
2826,28.260,1.0,-0.3,88.3
2827,28.270,1.0,-0.2,88.3
2828,28.280,1.0,-0.2,88.3
2829,28.290,1.0,-0.2,88.3
2830,28.300,1.1,-0.2,88.3
2831,28.310,1.1,-0.2,88.3
2832,28.320,1.1,-0.2,88.3
2833,28.330,1.1,-0.2,88.3
2834,28.340,1.1,-0.2,88.3
2835,28.350,1.2,-0.2,88.3
2836,28.360,1.2,-0.2,88.3
2837,28.370,1.2,-0.2,88.3
2838,28.380,1.2,-0.2,88.3
2839,28.390,1.2,-0.2,88.3
2840,28.400,1.2,-0.2,88.3
2841,28.410,1.2,-0.2,88.3
2842,28.420,1.1,-0.2,88.3
2843,28.430,1.1,-0.2,88.3
2844,28.440,1.1,-0.2,88.3
2845,28.450,1.1,-0.2,88.3
2846,28.460,1.1,-0.2,88.3
2847,28.470,1.1,-0.2,88.3
2848,28.480,1.1,-0.2,88.3
2849,28.490,1.1,-0.2,88.3
2850,28.500,1.1,-0.2,88.3
2851,28.510,1.1,-0.2,88.3
2852,28.520,1.0,-0.2,88.3
2853,28.530,1.0,-0.2,88.3
2854,28.540,1.0,-0.2,88.3
2855,28.550,1.0,-0.2,88.3
2856,28.560,1.0,-0.2,88.3
2857,28.570,1.1,-0.1,88.3
2858,28.580,1.1,-0.1,88.3
2859,28.590,1.1,-0.1,88.3
2860,28.600,1.1,-0.1,88.3
2861,28.610,1.2,-0.1,88.3
2862,28.620,1.2,-0.1,88.3
2863,28.630,1.2,-0.1,88.3
2864,28.640,1.2,-0.1,88.3
2865,28.650,1.2,-0.1,88.2
2866,28.660,1.3,-0.1,88.2
2867,28.670,1.3,-0.1,88.2
2868,28.680,1.4,-0.1,88.2
2869,28.690,1.4,-0.1,88.2
2870,28.700,1.4,-0.1,88.2
2871,28.710,1.4,-0.1,88.2
2872,28.720,1.4,-0.1,88.2
2873,28.730,1.4,-0.1,88.2
2874,28.740,1.4,-0.1,88.2
2875,28.750,1.5,-0.1,88.2
2876,28.760,1.5,-0.1,88.3
2877,28.770,1.5,-0.2,88.3
2878,28.780,1.5,-0.2,88.3
2879,28.790,1.5,-0.2,88.3
2880,28.800,1.5,-0.2,88.3
2881,28.810,1.5,-0.2,88.3
2882,28.820,1.5,-0.2,88.3
2883,28.830,1.5,-0.2,88.3
2884,28.840,1.5,-0.2,88.3
2885,28.850,1.5,-0.2,88.3
2886,28.860,1.5,-0.2,88.3
2887,28.870,1.6,-0.2,88.3
2888,28.880,1.6,-0.2,88.3
2889,28.890,1.6,-0.2,88.3
2890,28.900,1.6,-0.2,88.3
2891,28.910,1.6,-0.2,88.3
2892,28.920,1.6,-0.2,88.3
2893,28.930,1.7,-0.2,88.3
2894,28.940,1.7,-0.3,88.3
2895,28.950,1.7,-0.3,88.3
2896,28.960,1.7,-0.3,88.3
2897,28.970,1.7,-0.3,88.3
2898,28.980,1.7,-0.3,88.3
2899,28.990,1.7,-0.3,88.3
2900,29.000,1.7,-0.3,88.3
2901,29.010,1.7,-0.3,88.3
2902,29.020,1.7,-0.3,88.3
2903,29.030,1.6,-0.3,88.3
2904,29.040,1.6,-0.3,88.3
2905,29.050,1.6,-0.3,88.3
2906,29.060,1.6,-0.3,88.3
2907,29.070,1.6,-0.3,88.3
2908,29.080,1.6,-0.3,88.3
2909,29.090,1.6,-0.3,88.3
2910,29.100,1.6,-0.3,88.3
2911,29.110,1.6,-0.3,88.3
2912,29.120,1.6,-0.3,88.3
2913,29.130,1.6,-0.3,88.3
2914,29.140,1.6,-0.3,88.3
2915,29.150,1.6,-0.3,88.3
2916,29.160,1.6,-0.4,88.3
2917,29.170,1.6,-0.4,88.3
2918,29.180,1.6,-0.4,88.3
2919,29.190,1.6,-0.4,88.3
2920,29.200,1.7,-0.4,88.3
2921,29.210,1.7,-0.4,88.3
2922,29.220,1.7,-0.4,88.3
2923,29.230,1.7,-0.4,88.3
2924,29.240,1.7,-0.4,88.3
2925,29.250,1.7,-0.4,88.3
2926,29.260,1.7,-0.4,88.3
2927,29.270,1.7,-0.4,88.3
2928,29.280,1.7,-0.4,88.3
2929,29.290,1.7,-0.4,88.3
2930,29.300,1.7,-0.4,88.3
2931,29.310,1.7,-0.4,88.3
2932,29.320,1.7,-0.4,88.3
2933,29.330,1.7,-0.4,88.3
2934,29.340,1.7,-0.4,88.3
2935,29.350,1.7,-0.4,88.3
2936,29.360,1.7,-0.4,88.3
2937,29.370,1.7,-0.4,88.3
2938,29.380,1.7,-0.4,88.3
2939,29.390,1.6,-0.4,88.3
2940,29.400,1.6,-0.4,88.3
2941,29.410,1.6,-0.4,88.3
2942,29.420,1.6,-0.4,88.3
2943,29.430,1.6,-0.4,88.3
2944,29.440,1.6,-0.4,88.3
2945,29.450,1.5,-0.4,88.3
2946,29.460,1.5,-0.4,88.3
2947,29.470,1.5,-0.4,88.3
2948,29.480,1.5,-0.4,88.3
2949,29.490,1.5,-0.4,88.3
2950,29.500,1.6,-0.4,88.3
2951,29.510,1.6,-0.4,88.3
2952,29.520,1.6,-0.4,88.3
2953,29.530,1.6,-0.4,88.3
2954,29.540,1.6,-0.4,88.3
2955,29.550,1.5,-0.4,88.3
2956,29.560,1.5,-0.4,88.3
2957,29.570,1.5,-0.4,88.3
2958,29.580,1.5,-0.4,88.3
2959,29.590,1.4,-0.4,88.3
2960,29.600,1.4,-0.4,88.3
2961,29.610,1.4,-0.4,88.3
2962,29.620,1.4,-0.4,88.3
2963,29.630,1.4,-0.4,88.3
2964,29.640,1.4,-0.4,88.3
2965,29.650,1.4,-0.4,88.3
2966,29.660,1.4,-0.4,88.3
2967,29.670,1.4,-0.4,88.3
2968,29.680,1.3,-0.4,88.3
2969,29.690,1.3,-0.4,88.3
2970,29.700,1.3,-0.4,88.3
2971,29.710,1.3,-0.4,88.3
2972,29.720,1.4,-0.4,88.3
2973,29.730,1.4,-0.4,88.3
2974,29.740,1.4,-0.4,88.3
2975,29.750,1.4,-0.4,88.3
2976,29.760,1.4,-0.4,88.3
2977,29.770,1.4,-0.4,88.3
2978,29.780,1.4,-0.4,88.3
2979,29.790,1.3,-0.4,88.3
2980,29.800,1.3,-0.4,88.3
2981,29.810,1.3,-0.4,88.3
2982,29.820,1.3,-0.4,88.3
2983,29.830,1.3,-0.4,88.3
2984,29.840,1.2,-0.4,88.3
2985,29.850,1.2,-0.4,88.3
2986,29.860,1.2,-0.4,88.3
2987,29.870,1.1,-0.4,88.3
2988,29.880,1.1,-0.4,88.3
2989,29.890,1.0,-0.4,88.3
2990,29.900,1.0,-0.4,88.3
2991,29.910,1.0,-0.4,88.3
2992,29.920,1.0,-0.4,88.3
2993,29.930,0.9,-0.4,88.3
2994,29.940,0.9,-0.4,88.3
2995,29.950,0.9,-0.4,88.3
2996,29.960,0.9,-0.4,88.3
2997,29.970,1.0,-0.4,88.3
2998,29.980,1.0,-0.4,88.4
2999,29.990,1.0,-0.4,88.4
3000,30.000,1.0,-0.4,88.4
3001,30.010,1.0,-0.4,88.4
3002,30.020,1.0,-0.4,88.4
3003,30.030,1.0,-0.4,88.4
3004,30.040,1.0,-0.4,88.4
3005,30.050,1.0,-0.4,88.4
3006,30.060,1.0,-0.4,88.4
3007,30.070,1.0,-0.4,88.4
3008,30.080,0.9,-0.4,88.4
3009,30.090,0.9,-0.4,88.4
3010,30.100,0.9,-0.4,88.4
3011,30.110,0.9,-0.4,88.4
3012,30.120,0.8,-0.4,88.4
3013,30.130,0.8,-0.4,88.4
3014,30.140,0.8,-0.4,88.4
3015,30.150,0.8,-0.4,88.4
3016,30.160,0.7,-0.4,88.4
3017,30.170,0.7,-0.4,88.4
3018,30.180,0.6,-0.4,88.4
3019,30.190,0.6,-0.4,88.4
3020,30.200,0.6,-0.4,88.4
3021,30.210,0.6,-0.4,88.4
3022,30.220,0.5,-0.4,88.4
3023,30.230,0.5,-0.4,88.4
3024,30.240,0.5,-0.4,88.4
3025,30.250,0.5,-0.4,88.4
3026,30.260,0.5,-0.4,88.4
3027,30.270,0.5,-0.4,88.4
3028,30.280,0.5,-0.4,88.4
3029,30.290,0.6,-0.4,88.4
3030,30.300,0.6,-0.4,88.4
3031,30.310,0.6,-0.4,88.4
3032,30.320,0.6,-0.4,88.4
3033,30.330,0.7,-0.4,88.4
3034,30.340,0.7,-0.4,88.4
3035,30.350,0.7,-0.4,88.4
3036,30.360,0.7,-0.4,88.4
3037,30.370,0.7,-0.4,88.4
3038,30.380,0.7,-0.4,88.4
3039,30.390,0.7,-0.4,88.4
3040,30.400,0.6,-0.4,88.4
3041,30.410,0.6,-0.4,88.4
3042,30.420,0.6,-0.4,88.4
3043,30.430,0.6,-0.4,88.4
3044,30.440,0.6,-0.4,88.4
3045,30.450,0.6,-0.4,88.4
3046,30.460,0.6,-0.4,88.4
3047,30.470,0.6,-0.4,88.4
3048,30.480,0.6,-0.4,88.4
3049,30.490,0.6,-0.4,88.4
3050,30.500,0.6,-0.4,88.4
3051,30.510,0.6,-0.4,88.4
3052,30.520,0.6,-0.4,88.4
3053,30.530,0.6,-0.4,88.4
3054,30.540,0.6,-0.4,88.4
3055,30.550,0.6,-0.4,88.4
3056,30.560,0.6,-0.4,88.4
3057,30.570,0.6,-0.4,88.4
3058,30.580,0.5,-0.4,88.4
3059,30.590,0.5,-0.3,88.4
3060,30.600,0.5,-0.3,88.4
3061,30.610,0.5,-0.3,88.4
3062,30.620,0.5,-0.3,88.4
3063,30.630,0.4,-0.3,88.4
3064,30.640,0.4,-0.3,88.4
3065,30.650,0.4,-0.3,88.4
3066,30.660,0.4,-0.3,88.4
3067,30.670,0.3,-0.3,88.4
3068,30.680,0.3,-0.3,88.4
3069,30.690,0.3,-0.3,88.4
3070,30.700,0.3,-0.3,88.4
3071,30.710,0.3,-0.3,88.4
3072,30.720,0.3,-0.3,88.4
3073,30.730,0.3,-0.3,88.4
3074,30.740,0.3,-0.3,88.4
3075,30.750,0.4,-0.3,88.4
3076,30.760,0.4,-0.3,88.4
3077,30.770,0.4,-0.3,88.4
3078,30.780,0.4,-0.3,88.4
3079,30.790,0.4,-0.3,88.4
3080,30.800,0.3,-0.3,88.4
3081,30.810,0.4,-0.3,88.4
3082,30.820,0.3,-0.3,88.4
3083,30.830,0.3,-0.3,88.4
3084,30.840,0.3,-0.3,88.4
3085,30.850,0.3,-0.3,88.4
3086,30.860,0.4,-0.3,88.4
3087,30.870,0.4,-0.3,88.4
3088,30.880,0.4,-0.3,88.4
3089,30.890,0.3,-0.3,88.4
3090,30.900,0.3,-0.3,88.4
3091,30.910,0.3,-0.3,88.4
3092,30.920,0.3,-0.3,88.4
3093,30.930,0.3,-0.3,88.4
3094,30.940,0.3,-0.3,88.4
3095,30.950,0.3,-0.3,88.4
3096,30.960,0.3,-0.3,88.4
3097,30.970,0.3,-0.3,88.4
3098,30.980,0.3,-0.3,88.4
3099,30.990,0.3,-0.3,88.4
3100,31.000,0.3,-0.3,88.4
3101,31.010,0.3,-0.3,88.4
3102,31.020,0.3,-0.3,88.4
3103,31.030,0.3,-0.3,88.4
3104,31.040,0.3,-0.3,88.4
3105,31.050,0.3,-0.3,88.4
3106,31.060,0.3,-0.3,88.4
3107,31.070,0.3,-0.3,88.4
3108,31.080,0.4,-0.3,88.4
3109,31.090,0.4,-0.3,88.4
3110,31.100,0.4,-0.3,88.4
3111,31.110,0.4,-0.3,88.4
3112,31.120,0.3,-0.3,88.4
3113,31.130,0.3,-0.3,88.4
3114,31.140,0.3,-0.3,88.4
3115,31.150,0.3,-0.3,88.4
3116,31.160,0.3,-0.3,88.4
3117,31.170,0.3,-0.3,88.4
3118,31.180,0.3,-0.3,88.4
3119,31.190,0.3,-0.3,88.4
3120,31.200,0.3,-0.3,88.4
3121,31.210,0.3,-0.3,88.4
3122,31.220,0.3,-0.3,88.4
3123,31.230,0.3,-0.3,88.4
3124,31.240,0.3,-0.3,88.4
3125,31.250,0.3,-0.3,88.4
3126,31.260,0.3,-0.3,88.4
3127,31.270,0.3,-0.3,88.4
3128,31.280,0.3,-0.3,88.4
3129,31.290,0.3,-0.3,88.4
3130,31.300,0.2,-0.3,88.4
3131,31.310,0.2,-0.3,88.4
3132,31.320,0.2,-0.3,88.4
3133,31.330,0.2,-0.3,88.4
3134,31.340,0.2,-0.3,88.4
3135,31.350,0.2,-0.3,88.4
3136,31.360,0.2,-0.3,88.4
3137,31.370,0.2,-0.3,88.4
3138,31.380,0.1,-0.3,88.4
3139,31.390,0.1,-0.3,88.4
3140,31.400,0.1,-0.3,88.4
3141,31.410,0.1,-0.3,88.4
3142,31.420,0.1,-0.3,88.4
3143,31.430,0.1,-0.3,88.4
3144,31.440,0.1,-0.3,88.4
3145,31.450,0.1,-0.3,88.4
3146,31.460,0.1,-0.3,88.4
3147,31.470,0.1,-0.3,88.4
3148,31.480,0.1,-0.3,88.4
3149,31.490,0.2,-0.3,88.4
3150,31.500,0.2,-0.3,88.4
3151,31.510,0.2,-0.3,88.4
3152,31.520,0.2,-0.3,88.4
3153,31.530,0.2,-0.3,88.4
3154,31.540,0.2,-0.3,88.4
3155,31.550,0.2,-0.3,88.4
3156,31.560,0.2,-0.3,88.4
3157,31.570,0.2,-0.3,88.4
3158,31.580,0.1,-0.3,88.4
3159,31.590,0.1,-0.3,88.4
3160,31.600,0.1,-0.3,88.4
3161,31.610,0.1,-0.3,88.4
3162,31.620,0.1,-0.3,88.4
3163,31.630,0.1,-0.3,88.4
3164,31.640,0.1,-0.3,88.4
3165,31.650,0.1,-0.3,88.4
3166,31.660,0.1,-0.3,88.4
3167,31.670,0.1,-0.3,88.4
3168,31.680,0.1,-0.3,88.4
3169,31.690,0.1,-0.3,88.4
3170,31.700,0.1,-0.3,88.4
3171,31.710,0.1,-0.3,88.4
3172,31.720,0.1,-0.3,88.4
3173,31.730,0.1,-0.3,88.4
3174,31.740,0.1,-0.3,88.4
3175,31.750,0.1,-0.3,88.4
3176,31.760,0.1,-0.3,88.4
3177,31.770,0.1,-0.3,88.4
3178,31.780,0.1,-0.3,88.4
3179,31.790,0.1,-0.3,88.4
3180,31.800,0.1,-0.3,88.4
3181,31.810,0.1,-0.3,88.4
3182,31.820,0.1,-0.3,88.4
3183,31.830,0.1,-0.3,88.4
3184,31.840,0.1,-0.3,88.4
3185,31.850,0.1,-0.3,88.4
3186,31.860,0.1,-0.3,88.4
3187,31.870,0.1,-0.3,88.4
3188,31.880,0.1,-0.3,88.4
3189,31.890,0.1,-0.3,88.4
3190,31.900,0.1,-0.3,88.4
3191,31.910,0.1,-0.3,88.4
3192,31.920,0.1,-0.3,88.4
3193,31.930,0.1,-0.3,88.4
3194,31.940,0.1,-0.3,88.4
3195,31.950,0.1,-0.3,88.4
3196,31.960,0.1,-0.3,88.4
3197,31.970,0.1,-0.3,88.4
3198,31.980,0.1,-0.3,88.4
3199,31.990,0.1,-0.3,88.4
3200,32.000,0.1,-0.3,88.4
3201,32.010,0.1,-0.3,88.4
3202,32.020,0.1,-0.3,88.4
3203,32.030,0.1,-0.3,88.4
3204,32.040,0.1,-0.3,88.4
3205,32.050,0.1,-0.3,88.4
3206,32.060,0.1,-0.3,88.4
3207,32.070,0.1,-0.3,88.4
3208,32.080,0.0,-0.3,88.4
3209,32.090,0.1,-0.3,88.4
3210,32.100,0.1,-0.3,88.4
3211,32.110,0.1,-0.3,88.4
3212,32.120,0.1,-0.3,88.4
3213,32.130,0.0,-0.3,88.4
3214,32.140,0.0,-0.3,88.4
3215,32.150,0.0,-0.3,88.4
3216,32.160,0.0,-0.3,88.4
3217,32.170,0.0,-0.3,88.4
3218,32.180,0.0,-0.3,88.4
3219,32.190,0.1,-0.3,88.4
3220,32.200,0.1,-0.3,88.4
3221,32.210,0.1,-0.3,88.4
3222,32.220,0.1,-0.3,88.4
3223,32.230,0.0,-0.3,88.4
3224,32.240,0.0,-0.3,88.4
3225,32.250,0.0,-0.3,88.4
3226,32.260,0.0,-0.3,88.4
3227,32.270,0.0,-0.3,88.4
3228,32.280,0.0,-0.3,88.4
3229,32.290,0.0,-0.3,88.4
3230,32.300,0.0,-0.3,88.4
3231,32.310,0.0,-0.3,88.4
3232,32.320,0.0,-0.3,88.4
3233,32.330,0.0,-0.3,88.4
3234,32.340,0.0,-0.3,88.4
3235,32.350,0.0,-0.3,88.4
3236,32.360,0.0,-0.3,88.4
3237,32.370,0.1,-0.3,88.4
3238,32.380,0.1,-0.3,88.4
3239,32.390,0.1,-0.3,88.4
3240,32.400,0.1,-0.3,88.4
3241,32.410,0.1,-0.3,88.4
3242,32.420,0.1,-0.3,88.4
3243,32.430,0.0,-0.3,88.4
3244,32.440,0.0,-0.3,88.4
3245,32.450,0.0,-0.3,88.4
3246,32.460,-0.0,-0.3,88.4
3247,32.470,-0.0,-0.3,88.4
3248,32.480,-0.1,-0.3,88.4
3249,32.490,-0.1,-0.3,88.4
3250,32.500,-0.1,-0.3,88.4
3251,32.510,-0.1,-0.3,88.4
3252,32.520,-0.1,-0.3,88.4
3253,32.530,-0.1,-0.3,88.4
3254,32.540,-0.0,-0.3,88.4
3255,32.550,-0.0,-0.3,88.4
3256,32.560,-0.0,-0.3,88.4
3257,32.570,-0.0,-0.3,88.4
3258,32.580,-0.0,-0.3,88.4
3259,32.590,-0.0,-0.3,88.4
3260,32.600,-0.0,-0.3,88.4
3261,32.610,-0.0,-0.3,88.4
3262,32.620,-0.0,-0.3,88.4
3263,32.630,-0.0,-0.3,88.4
3264,32.640,-0.0,-0.2,88.4
3265,32.650,0.0,-0.2,88.4
3266,32.660,0.0,-0.2,88.4
3267,32.670,0.0,-0.2,88.4
3268,32.680,0.0,-0.2,88.4
3269,32.690,0.0,-0.2,88.4
3270,32.700,-0.0,-0.2,88.4
3271,32.710,-0.0,-0.2,88.4
3272,32.720,-0.0,-0.2,88.4
3273,32.730,-0.0,-0.2,88.4
3274,32.740,-0.0,-0.2,88.4
3275,32.750,-0.0,-0.2,88.4
3276,32.760,-0.0,-0.2,88.4
3277,32.770,-0.0,-0.2,88.4
3278,32.780,-0.0,-0.2,88.4
3279,32.790,0.0,-0.3,88.4
3280,32.800,0.0,-0.3,88.4
3281,32.810,0.0,-0.3,88.4
3282,32.820,0.0,-0.3,88.4
3283,32.830,0.1,-0.3,88.4
3284,32.840,0.1,-0.3,88.4
3285,32.850,0.1,-0.3,88.4
3286,32.860,0.1,-0.3,88.4
3287,32.870,0.1,-0.3,88.4
3288,32.880,0.2,-0.3,88.4
3289,32.890,0.2,-0.3,88.4
3290,32.900,0.2,-0.3,88.4
3291,32.910,0.2,-0.3,88.4
3292,32.920,0.2,-0.3,88.4
3293,32.930,0.2,-0.3,88.4
3294,32.940,0.2,-0.3,88.4
3295,32.950,0.2,-0.3,88.4
3296,32.960,0.2,-0.3,88.4
3297,32.970,0.3,-0.3,88.4
3298,32.980,0.3,-0.3,88.4
3299,32.990,0.3,-0.3,88.4
3300,33.000,0.3,-0.3,88.4
3301,33.010,0.3,-0.3,88.4
3302,33.020,0.3,-0.4,88.4
3303,33.030,0.3,-0.4,88.4
3304,33.040,0.3,-0.4,88.4
3305,33.050,0.3,-0.4,88.4
3306,33.060,0.3,-0.4,88.4
3307,33.070,0.3,-0.4,88.4
3308,33.080,0.3,-0.4,88.4
3309,33.090,0.3,-0.4,88.4
3310,33.100,0.3,-0.4,88.4
3311,33.110,0.3,-0.4,88.4
3312,33.120,0.3,-0.4,88.4
3313,33.130,0.3,-0.4,88.4
3314,33.140,0.3,-0.4,88.4
3315,33.150,0.4,-0.4,88.4
3316,33.160,0.4,-0.4,88.4
3317,33.170,0.4,-0.4,88.4
3318,33.180,0.4,-0.4,88.4
3319,33.190,0.4,-0.4,88.4
3320,33.200,0.4,-0.4,88.4
3321,33.210,0.4,-0.4,88.4
3322,33.220,0.3,-0.4,88.4
3323,33.230,0.3,-0.4,88.4
3324,33.240,0.3,-0.4,88.4
3325,33.250,0.3,-0.4,88.4
3326,33.260,0.3,-0.4,88.4
3327,33.270,0.3,-0.4,88.4
3328,33.280,0.3,-0.4,88.4
3329,33.290,0.3,-0.4,88.4
3330,33.300,0.3,-0.4,88.4
3331,33.310,0.2,-0.4,88.4
3332,33.320,0.2,-0.4,88.4
3333,33.330,0.2,-0.4,88.4
3334,33.340,0.2,-0.4,88.4
3335,33.350,0.2,-0.3,88.4
3336,33.360,0.2,-0.3,88.4
3337,33.370,0.3,-0.3,88.4
3338,33.380,0.3,-0.3,88.4
3339,33.390,0.3,-0.3,88.4
3340,33.400,0.3,-0.3,88.4
3341,33.410,0.3,-0.3,88.4
3342,33.420,0.4,-0.3,88.4
3343,33.430,0.4,-0.3,88.4
3344,33.440,0.4,-0.3,88.4
3345,33.450,0.4,-0.3,88.4
3346,33.460,0.4,-0.3,88.4
3347,33.470,0.4,-0.3,88.4
3348,33.480,0.4,-0.3,88.4
3349,33.490,0.4,-0.3,88.4
3350,33.500,0.4,-0.3,88.4
3351,33.510,0.4,-0.3,88.4
3352,33.520,0.5,-0.3,88.4
3353,33.530,0.5,-0.3,88.4
3354,33.540,0.5,-0.3,88.4
3355,33.550,0.5,-0.3,88.4
3356,33.560,0.5,-0.3,88.4
3357,33.570,0.5,-0.3,88.4
3358,33.580,0.5,-0.3,88.3
3359,33.590,0.5,-0.3,88.3
3360,33.600,0.5,-0.3,88.3
3361,33.610,0.5,-0.2,88.3
3362,33.620,0.5,-0.2,88.3
3363,33.630,0.5,-0.2,88.3
3364,33.640,0.5,-0.2,88.3
3365,33.650,0.5,-0.2,88.3
3366,33.660,0.5,-0.2,88.3
3367,33.670,0.5,-0.2,88.3
3368,33.680,0.5,-0.2,88.3
3369,33.690,0.5,-0.2,88.3
3370,33.700,0.5,-0.2,88.3
3371,33.710,0.5,-0.2,88.3
3372,33.720,0.4,-0.2,88.3
3373,33.730,0.4,-0.3,88.3
3374,33.740,0.4,-0.3,88.3
3375,33.750,0.4,-0.3,88.3
3376,33.760,0.4,-0.3,88.3
3377,33.770,0.4,-0.3,88.3
3378,33.780,0.4,-0.3,88.3
3379,33.790,0.4,-0.3,88.3
3380,33.800,0.4,-0.3,88.3
3381,33.810,0.4,-0.2,88.3
3382,33.820,0.4,-0.2,88.3
3383,33.830,0.4,-0.2,88.3
3384,33.840,0.4,-0.2,88.3
3385,33.850,0.4,-0.2,88.3
3386,33.860,0.4,-0.2,88.3
3387,33.870,0.4,-0.2,88.3
3388,33.880,0.4,-0.2,88.3
3389,33.890,0.4,-0.2,88.3
3390,33.900,0.4,-0.2,88.3
3391,33.910,0.4,-0.2,88.3
3392,33.920,0.4,-0.2,88.3
3393,33.930,0.4,-0.2,88.3
3394,33.940,0.4,-0.3,88.3
3395,33.950,0.4,-0.3,88.3
3396,33.960,0.4,-0.3,88.3
3397,33.970,0.4,-0.3,88.3
3398,33.980,0.4,-0.3,88.3
3399,33.990,0.4,-0.3,88.3
3400,34.000,0.4,-0.3,88.3
3401,34.010,0.4,-0.3,88.4
3402,34.020,0.4,-0.3,88.4
3403,34.030,0.4,-0.3,88.4
3404,34.040,0.4,-0.3,88.4
3405,34.050,0.4,-0.3,88.4
3406,34.060,0.4,-0.3,88.4
3407,34.070,0.4,-0.3,88.4
3408,34.080,0.4,-0.3,88.4
3409,34.090,0.4,-0.3,88.4
3410,34.100,0.4,-0.3,88.4
3411,34.110,0.4,-0.3,88.3
3412,34.120,0.4,-0.3,88.3
3413,34.130,0.4,-0.3,88.3
3414,34.140,0.4,-0.3,88.3
3415,34.150,0.4,-0.3,88.3
3416,34.160,0.4,-0.3,88.3
3417,34.170,0.4,-0.3,88.3
3418,34.180,0.4,-0.3,88.3
3419,34.190,0.4,-0.3,88.3
3420,34.200,0.4,-0.3,88.3
3421,34.210,0.4,-0.3,88.3
3422,34.220,0.5,-0.3,88.3
3423,34.230,0.5,-0.3,88.3
3424,34.240,0.5,-0.3,88.3
3425,34.250,0.5,-0.3,88.3
3426,34.260,0.5,-0.3,88.3
3427,34.270,0.5,-0.3,88.3
3428,34.280,0.5,-0.3,88.3
3429,34.290,0.5,-0.3,88.3
3430,34.300,0.5,-0.3,88.3
3431,34.310,0.5,-0.3,88.3
3432,34.320,0.5,-0.3,88.3
3433,34.330,0.5,-0.3,88.3
3434,34.340,0.5,-0.3,88.3
3435,34.350,0.5,-0.3,88.3
3436,34.360,0.5,-0.3,88.3
3437,34.370,0.4,-0.3,88.3
3438,34.380,0.4,-0.3,88.3
3439,34.390,0.4,-0.3,88.3
3440,34.400,0.4,-0.3,88.3
3441,34.410,0.4,-0.3,88.3
3442,34.420,0.4,-0.3,88.3
3443,34.430,0.4,-0.3,88.3
3444,34.440,0.4,-0.3,88.3
3445,34.450,0.4,-0.3,88.3
3446,34.460,0.4,-0.3,88.3
3447,34.470,0.4,-0.3,88.3
3448,34.480,0.4,-0.3,88.3
3449,34.490,0.5,-0.3,88.3
3450,34.500,0.5,-0.3,88.3
3451,34.510,0.5,-0.3,88.3
3452,34.520,0.5,-0.3,88.3
3453,34.530,0.5,-0.3,88.3
3454,34.540,0.5,-0.3,88.3
3455,34.550,0.5,-0.3,88.3
3456,34.560,0.5,-0.3,88.3
3457,34.570,0.5,-0.3,88.3
3458,34.580,0.5,-0.3,88.3
3459,34.590,0.5,-0.3,88.3
3460,34.600,0.5,-0.3,88.3
3461,34.610,0.5,-0.3,88.3
3462,34.620,0.5,-0.3,88.3
3463,34.630,0.6,-0.3,88.3
3464,34.640,0.6,-0.3,88.3
3465,34.650,0.6,-0.3,88.3
3466,34.660,0.6,-0.3,88.3
3467,34.670,0.6,-0.3,88.3
3468,34.680,0.6,-0.3,88.3
3469,34.690,0.6,-0.3,88.3
3470,34.700,0.6,-0.3,88.3
3471,34.710,0.6,-0.2,88.3
3472,34.720,0.7,-0.2,88.3
3473,34.730,0.7,-0.2,88.3
3474,34.740,0.7,-0.2,88.3
3475,34.750,0.7,-0.2,88.3
3476,34.760,0.7,-0.2,88.3
3477,34.770,0.7,-0.2,88.3
3478,34.780,0.7,-0.2,88.3
3479,34.790,0.8,-0.2,88.3
3480,34.800,0.8,-0.2,88.3
3481,34.810,0.9,-0.2,88.3
3482,34.820,0.9,-0.2,88.3
3483,34.830,1.0,-0.2,88.3
3484,34.840,1.0,-0.2,88.3
3485,34.850,1.1,-0.2,88.3
3486,34.860,1.1,-0.2,88.3
3487,34.870,1.1,-0.2,88.3
3488,34.880,1.2,-0.2,88.3
3489,34.890,1.2,-0.2,88.3
3490,34.900,1.2,-0.2,88.3
3491,34.910,1.3,-0.2,88.3
3492,34.920,1.3,-0.2,88.3
3493,34.930,1.3,-0.1,88.3
3494,34.940,1.3,-0.1,88.3
3495,34.950,1.3,-0.1,88.3
3496,34.960,1.3,-0.1,88.3
3497,34.970,1.3,-0.1,88.3
3498,34.980,1.3,-0.1,88.3
3499,34.990,1.3,-0.1,88.3
3500,35.000,1.2,-0.1,88.3
3501,35.010,1.2,-0.1,88.3
3502,35.020,1.2,-0.1,88.3
3503,35.030,1.1,-0.1,88.3
3504,35.040,1.1,-0.1,88.3
3505,35.050,1.1,-0.1,88.3
3506,35.060,1.1,-0.1,88.3
3507,35.070,1.1,-0.1,88.3
3508,35.080,1.1,-0.1,88.3
3509,35.090,1.1,-0.1,88.3
3510,35.100,1.1,-0.1,88.3
3511,35.110,1.2,-0.1,88.3
3512,35.120,1.2,-0.1,88.3
3513,35.130,1.2,-0.1,88.3
3514,35.140,1.3,-0.1,88.3
3515,35.150,1.3,-0.1,88.3
3516,35.160,1.4,-0.1,88.3
3517,35.170,1.4,-0.1,88.3
3518,35.180,1.5,-0.1,88.3
3519,35.190,1.5,-0.1,88.3
3520,35.200,1.5,-0.2,88.3
3521,35.210,1.6,-0.2,88.3
3522,35.220,1.6,-0.2,88.3
3523,35.230,1.6,-0.2,88.3
3524,35.240,1.6,-0.2,88.3
3525,35.250,1.5,-0.2,88.3
3526,35.260,1.5,-0.2,88.3
3527,35.270,1.5,-0.2,88.3
3528,35.280,1.5,-0.2,88.3
3529,35.290,1.4,-0.2,88.3
3530,35.300,1.4,-0.3,88.3
3531,35.310,1.4,-0.3,88.3
3532,35.320,1.3,-0.3,88.3
3533,35.330,1.3,-0.3,88.3
3534,35.340,1.2,-0.3,88.3
3535,35.350,1.2,-0.3,88.3
3536,35.360,1.2,-0.3,88.3
3537,35.370,1.1,-0.4,88.3
3538,35.380,1.1,-0.4,88.3
3539,35.390,1.1,-0.4,88.3
3540,35.400,1.1,-0.4,88.3
3541,35.410,1.1,-0.4,88.3
3542,35.420,1.1,-0.4,88.3
3543,35.430,1.2,-0.3,88.3
3544,35.440,1.2,-0.3,88.3
3545,35.450,1.3,-0.3,88.3
3546,35.460,1.3,-0.3,88.3
3547,35.470,1.3,-0.3,88.3
3548,35.480,1.4,-0.3,88.3
3549,35.490,1.4,-0.2,88.3
3550,35.500,1.4,-0.2,88.3
3551,35.510,1.4,-0.2,88.3
3552,35.520,1.5,-0.2,88.3
3553,35.530,1.5,-0.2,88.3
3554,35.540,1.5,-0.1,88.3
3555,35.550,1.5,-0.1,88.3
3556,35.560,1.5,-0.1,88.3
3557,35.570,1.5,-0.1,88.3
3558,35.580,1.4,-0.1,88.3
3559,35.590,1.4,-0.1,88.3
3560,35.600,1.4,-0.1,88.3
3561,35.610,1.4,-0.1,88.3
3562,35.620,1.4,-0.1,88.3
3563,35.630,1.4,-0.1,88.3
3564,35.640,1.4,-0.1,88.3
3565,35.650,1.4,-0.1,88.3
3566,35.660,1.4,-0.1,88.3
3567,35.670,1.4,-0.1,88.3
3568,35.680,1.4,-0.2,88.3
3569,35.690,1.4,-0.2,88.3
3570,35.700,1.4,-0.2,88.3
3571,35.710,1.4,-0.2,88.3
3572,35.720,1.4,-0.2,88.3
3573,35.730,1.4,-0.2,88.3
3574,35.740,1.4,-0.2,88.3
3575,35.750,1.4,-0.2,88.3
3576,35.760,1.4,-0.2,88.3
3577,35.770,1.4,-0.2,88.3
3578,35.780,1.4,-0.2,88.3
3579,35.790,1.4,-0.2,88.3
3580,35.800,1.4,-0.2,88.3
3581,35.810,1.4,-0.2,88.3
3582,35.820,1.4,-0.2,88.3
3583,35.830,1.4,-0.2,88.3
3584,35.840,1.4,-0.2,88.3
3585,35.850,1.4,-0.2,88.3
3586,35.860,1.4,-0.2,88.3
3587,35.870,1.4,-0.2,88.3
3588,35.880,1.4,-0.2,88.3
3589,35.890,1.4,-0.2,88.3
3590,35.900,1.4,-0.1,88.3
3591,35.910,1.4,-0.1,88.3
3592,35.920,1.3,-0.1,88.3
