Frame,Time,GSensor.X,GSensor.Y,GSensor.Z,
0,0.000,-1.0,-0.1,0.1,
1,0.010,-0.7,-0.2,0.1,
2,0.020,-0.2,-0.3,0.1,
3,0.030,0.4,-0.5,0.1,
4,0.040,0.2,-0.4,0.0,
5,0.050,0.2,-0.4,-0.1,
6,0.060,0.4,-0.4,0.0,
7,0.070,0.4,-0.2,0.1,
8,0.080,0.1,-0.1,0.1,
9,0.090,-0.6,0.1,0.1,
10,0.100,-1.2,0.1,0.0,
11,0.110,-1.3,0.2,-0.1,
12,0.120,-0.9,0.1,0.0,
13,0.130,0.4,0.1,-0.1,
14,0.140,0.5,0.1,-0.1,
15,0.150,0.8,0.2,-0.1,
16,0.160,0.8,0.1,-0.1,
17,0.170,0.3,0.3,-0.1,
18,0.180,0.2,0.4,-0.1,
19,0.190,-0.1,0.2,0.0,
20,0.200,-0.1,0.3,-0.1,
21,0.210,0.1,0.2,0.0,
22,0.220,0.5,0.1,0.0,
23,0.230,0.9,0.2,0.0,
24,0.240,1.0,0.1,-0.1,
25,0.250,0.9,0.1,-0.1,
26,0.260,0.7,0.1,-0.1,
27,0.270,0.1,0.3,-0.1,
28,0.280,-0.6,0.3,-0.2,
29,0.290,-0.2,0.4,-0.2,
30,0.300,0.0,0.5,-0.2,
31,0.310,1.2,0.5,-0.4,
32,0.320,1.8,0.6,-0.5,
33,0.330,3.4,0.7,-0.5,
34,0.340,3.4,0.7,-0.5,
35,0.350,3.7,0.9,-0.5,
36,0.360,3.1,1.0,-0.5,
37,0.370,2.6,1.0,-0.5,
38,0.380,2.5,1.0,-0.5,
39,0.390,1.7,1.0,-0.5,
40,0.400,1.5,1.0,-0.4,
41,0.410,1.3,0.9,-0.5,
42,0.420,1.4,0.9,-0.4,
43,0.430,1.0,0.7,-0.4,
44,0.440,0.7,0.5,-0.2,
45,0.450,0.5,0.5,-0.2,
46,0.460,0.2,0.2,0.0,
47,0.470,-0.2,0.1,0.0,
48,0.480,-0.5,-0.1,0.1,
49,0.490,-0.8,-0.3,0.1,
50,0.500,-0.7,-0.5,0.2,
51,0.510,-0.4,-0.7,0.2,
52,0.520,-0.2,-0.8,0.3,
53,0.530,0.0,-0.8,0.3,
54,0.540,1.0,-0.9,0.4,
55,0.550,1.5,-1.0,0.3,
56,0.560,1.5,-1.0,0.3,
57,0.570,1.5,-0.9,0.2,
58,0.580,1.3,-0.8,0.2,
59,0.590,1.5,-0.7,0.1,
60,0.600,1.5,-0.5,0.1,
61,0.610,1.2,-0.3,0.0,
62,0.620,0.9,-0.1,0.0,
63,0.630,0.8,0.1,-0.1,
64,0.640,0.8,0.3,-0.2,
65,0.650,0.9,0.4,-0.2,
66,0.660,0.7,0.4,-0.2,
67,0.670,0.5,0.5,-0.2,
68,0.680,0.0,0.4,-0.1,
69,0.690,0.0,0.5,-0.2,
70,0.700,-0.1,0.3,-0.1,
71,0.710,0.3,0.2,-0.1,
72,0.720,0.2,0.2,-0.1,
73,0.730,0.7,0.0,-0.1,
74,0.740,1.5,0.0,-0.1,
75,0.750,2.0,-0.1,-0.2,
76,0.760,3.1,-0.2,-0.2,
77,0.770,3.6,-0.1,-0.2,
78,0.780,4.4,-0.2,-0.4,
79,0.790,4.5,-0.1,-0.2,
80,0.800,4.1,0.0,-0.2,
81,0.810,3.4,0.0,-0.3,
82,0.820,2.8,0.0,-0.3,
83,0.830,1.7,0.1,-0.2,
84,0.840,0.9,0.2,-0.1,
85,0.850,0.0,0.4,-0.1,
86,0.860,-0.5,0.4,-0.1,
87,0.870,-0.4,0.5,-0.1,
88,0.880,-0.5,0.4,-0.1,
89,0.890,0.0,0.3,-0.1,
90,0.900,0.4,0.4,-0.1,
91,0.910,0.6,0.4,-0.1,
92,0.920,0.6,0.2,-0.2,
93,0.930,0.6,0.3,-0.2,
94,0.940,0.2,0.2,-0.2,
95,0.950,0.0,0.1,-0.1,
96,0.960,0.3,0.0,-0.1,
97,0.970,0.6,-0.1,0.0,
98,0.980,0.9,-0.4,0.1,
99,0.990,1.1,-0.5,0.1,
100,1.000,1.3,-0.5,0.1,
101,1.010,1.0,-0.7,0.1,
102,1.020,1.0,-0.8,0.2,
103,1.030,1.1,-0.9,0.3,
104,1.040,1.0,-0.9,0.3,
105,1.050,0.6,-0.9,0.3,
106,1.060,0.7,-0.8,0.3,
107,1.070,1.3,-0.7,0.2,
108,1.080,1.0,-0.5,0.1,
109,1.090,0.9,-0.3,0.1,
110,1.100,0.4,-0.2,0.1,
111,1.110,0.5,-0.1,0.0,
112,1.120,0.6,-0.1,-0.1,
113,1.130,0.5,0.0,-0.1,
114,1.140,0.5,0.0,-0.1,
115,1.150,0.4,0.1,0.0,
116,1.160,1.2,0.0,0.0,
117,1.170,1.2,0.0,0.0,
118,1.180,0.9,-0.1,0.0,
119,1.190,0.9,-0.1,0.0,
120,1.200,0.7,-0.1,0.0,
121,1.210,0.8,-0.2,0.0,
122,1.220,1.5,-0.3,-0.1,
123,1.230,1.4,-0.1,0.0,
124,1.240,1.8,-0.1,-0.1,
125,1.250,1.7,-0.1,-0.1,
126,1.260,1.8,-0.1,-0.1,
127,1.270,1.4,0.0,-0.1,
128,1.280,1.5,0.0,-0.2,
129,1.290,1.5,0.0,-0.2,
130,1.300,0.9,0.1,-0.1,
131,1.310,0.7,0.1,-0.1,
132,1.320,0.9,0.1,-0.1,
133,1.330,0.2,0.1,-0.1,
134,1.340,0.5,0.1,-0.1,
135,1.350,0.2,0.1,0.0,
136,1.360,-0.2,0.1,0.0,
137,1.370,-0.7,0.1,0.0,
138,1.380,-1.2,0.2,0.0,
139,1.390,-1.3,0.1,0.0,
140,1.400,-1.7,0.2,0.0,
141,1.410,-1.2,0.2,0.0,
142,1.420,-1.0,0.2,0.0,
143,1.430,-0.4,0.0,-0.1,
144,1.440,0.1,0.1,0.1,
145,1.450,0.5,-0.1,0.0,
146,1.460,0.7,-0.1,0.0,
147,1.470,0.7,-0.2,0.0,
148,1.480,0.7,-0.2,0.0,
149,1.490,0.6,-0.2,0.1,
150,1.500,0.4,-0.3,0.1,
151,1.510,0.4,-0.2,0.1,
152,1.520,0.5,-0.2,0.0,
153,1.530,0.9,-0.2,0.1,
154,1.540,0.8,-0.2,0.0,
155,1.550,1.2,-0.1,0.0,
156,1.560,1.7,-0.1,0.0,
157,1.570,1.9,-0.1,0.0,
158,1.580,1.6,-0.1,0.0,
159,1.590,1.0,-0.2,0.0,
160,1.600,1.0,-0.1,-0.1,
161,1.610,0.5,-0.1,0.0,
162,1.620,0.0,-0.1,0.0,
163,1.630,-0.1,-0.1,0.0,
164,1.640,0.0,0.0,0.0,
165,1.650,0.4,0.0,0.0,
166,1.660,0.5,0.0,0.0,
167,1.670,0.7,-0.1,0.0,
168,1.680,0.5,-0.2,0.0,
169,1.690,0.3,-0.2,0.1,
170,1.700,0.0,-0.2,0.1,
171,1.710,-0.1,-0.2,0.0,
172,1.720,-0.3,-0.2,0.0,
173,1.730,-0.5,-0.1,0.0,
174,1.740,-0.5,-0.1,0.0,
175,1.750,-0.2,-0.1,0.0,
176,1.760,0.1,-0.1,0.0,
177,1.770,0.2,-0.1,0.1,
178,1.780,0.5,-0.2,0.1,
179,1.790,0.6,-0.2,0.1,
180,1.800,0.4,-0.2,0.0,
181,1.810,0.1,-0.1,0.1,
182,1.820,0.5,-0.1,0.1,
183,1.830,0.6,-0.1,0.0,
184,1.840,0.5,-0.1,0.0,
185,1.850,0.9,0.0,0.0,
186,1.860,1.0,-0.1,0.0,
187,1.870,1.2,-0.1,0.0,
188,1.880,0.9,0.0,-0.1,
189,1.890,0.5,0.1,-0.1,
190,1.900,0.0,0.1,0.0,
191,1.910,-0.2,0.1,-0.1,
192,1.920,0.0,0.1,-0.1,
193,1.930,-0.1,0.2,-0.1,
194,1.940,0.0,0.0,0.0,
195,1.950,0.3,0.0,-0.1,
196,1.960,0.2,-0.1,0.0,
197,1.970,0.0,-0.1,0.1,
198,1.980,-0.2,-0.2,0.0,
199,1.990,-0.4,-0.3,0.1,
200,2.000,-0.2,-0.4,0.1,
201,2.010,0.0,-0.3,0.1,
202,2.020,0.1,-0.3,0.1,
203,2.030,0.1,-0.2,0.1,
204,2.040,0.4,-0.4,0.1,
205,2.050,0.1,-0.1,0.0,
206,2.060,-0.1,-0.2,0.1,
207,2.070,-0.5,0.0,0.0,
208,2.080,-0.7,-0.1,0.0,
209,2.090,-0.8,0.0,-0.1,
210,2.100,-0.6,0.1,-0.1,
211,2.110,-0.5,0.1,-0.1,
212,2.120,-0.2,0.0,0.0,
213,2.130,-0.2,0.0,0.0,
214,2.140,-0.3,-0.1,0.0,
215,2.150,-0.9,0.0,0.1,
216,2.160,-1.0,0.0,0.0,
217,2.170,-0.4,0.0,0.0,
218,2.180,-0.2,0.0,0.0,
219,2.190,-0.2,0.1,0.0,
220,2.200,-0.1,0.1,0.0,
221,2.210,-0.4,0.2,-0.1,
222,2.220,-0.4,0.3,-0.2,
223,2.230,0.0,0.2,-0.2,
224,2.240,-0.2,0.2,-0.2,
225,2.250,-0.4,0.4,-0.2,
226,2.260,-0.7,0.2,-0.1,
227,2.270,-1.0,0.3,-0.1,
228,2.280,-1.0,0.3,-0.1,
229,2.290,-1.2,0.3,-0.1,
230,2.300,-1.5,0.3,0.0,
231,2.310,-1.2,0.2,0.0,
232,2.320,-1.2,0.2,0.1,
233,2.330,-0.7,0.1,0.0,
234,2.340,-0.1,0.0,0.0,
235,2.350,0.2,0.0,0.0,
236,2.360,0.9,-0.1,0.0,
237,2.370,1.3,-0.2,0.0,
238,2.380,1.3,-0.3,0.1,
239,2.390,1.3,-0.4,0.1,
240,2.400,1.2,-0.4,0.2,
241,2.410,0.5,-0.4,0.1,
242,2.420,0.0,-0.5,0.1,
243,2.430,-0.1,-0.4,0.1,
244,2.440,-0.7,-0.4,0.1,
245,2.450,-0.9,-0.3,0.1,
246,2.460,-1.2,-0.2,0.1,
247,2.470,-1.3,-0.2,0.1,
248,2.480,-1.5,-0.2,0.0,
249,2.490,-1.3,-0.1,0.1,
250,2.500,-1.0,-0.1,0.0,
251,2.510,-0.5,-0.1,0.0,
252,2.520,-0.1,-0.2,0.0,
253,2.530,-0.2,-0.2,0.0,
254,2.540,-0.4,-0.1,0.0,
255,2.550,-0.5,0.0,0.0,
256,2.560,-0.6,0.0,0.0,
257,2.570,-0.5,0.0,0.0,
258,2.580,-0.5,0.1,0.0,
259,2.590,-0.3,0.0,0.0,
260,2.600,0.1,0.0,0.0,
261,2.610,0.5,0.0,0.0,
262,2.620,0.9,0.0,-0.1,
263,2.630,0.9,0.0,-0.1,
264,2.640,0.7,0.0,0.0,
265,2.650,0.4,0.0,-0.1,
266,2.660,0.2,0.0,0.0,
267,2.670,-0.2,0.0,0.0,
268,2.680,-0.9,0.0,0.0,
269,2.690,-1.1,0.1,0.0,
270,2.700,-1.2,0.1,0.0,
271,2.710,-0.9,0.2,0.0,
272,2.720,-0.7,0.1,-0.1,
273,2.730,0.1,0.1,-0.1,
274,2.740,0.5,0.2,-0.1,
275,2.750,0.9,0.2,-0.1,
276,2.760,1.0,0.2,-0.2,
277,2.770,0.9,0.2,-0.1,
278,2.780,0.8,0.2,-0.2,
279,2.790,0.2,0.3,-0.1,
280,2.800,-0.1,0.2,-0.1,
281,2.810,-0.5,0.2,-0.1,
282,2.820,-0.9,0.2,-0.1,
283,2.830,-1.1,0.2,-0.1,
284,2.840,-1.0,0.1,-0.1,
285,2.850,-1.0,0.1,0.0,
286,2.860,-0.9,0.1,-0.1,
287,2.870,-0.6,0.0,0.0,
288,2.880,-0.4,0.0,-0.1,
289,2.890,-0.2,0.1,-0.1,
290,2.900,-0.2,0.0,0.0,
291,2.910,-0.2,0.0,0.1,
292,2.920,0.2,-0.1,0.1,
293,2.930,0.1,0.0,0.0,
294,2.940,0.5,0.0,0.0,
295,2.950,0.5,-0.1,0.1,
296,2.960,0.5,-0.1,0.1,
297,2.970,0.4,0.0,0.0,
298,2.980,-0.1,0.0,0.1,
299,2.990,-0.6,0.1,0.0,
300,3.000,-0.5,0.1,-0.1,
301,3.010,-0.6,0.1,-0.1,
302,3.020,-0.8,0.2,-0.1,
303,3.030,-1.0,0.3,-0.1,
304,3.040,-0.9,0.2,-0.1,
305,3.050,-0.9,0.2,-0.1,
306,3.060,-0.5,0.1,-0.1,
307,3.070,-0.4,0.0,-0.1,
308,3.080,-0.1,0.0,-0.1,
309,3.090,-0.1,0.1,-0.1,
310,3.100,0.1,0.0,-0.1,
311,3.110,0.1,-0.1,0.0,
312,3.120,0.1,-0.1,0.0,
313,3.130,0.4,-0.1,0.0,
314,3.140,0.7,-0.2,-0.1,
315,3.150,1.1,-0.4,0.0,
316,3.160,2.4,-0.5,0.0,
317,3.170,3.8,-0.7,0.0,
318,3.180,5.1,-0.8,0.0,
319,3.190,5.1,-0.8,0.0,
320,3.200,4.0,-0.8,0.2,
321,3.210,2.6,-0.7,0.2,
322,3.220,1.7,-0.7,0.2,
323,3.230,1.0,-0.8,0.3,
324,3.240,0.3,-0.8,0.2,
325,3.250,0.1,-0.8,0.4,
326,3.260,0.2,-0.7,0.3,
327,3.270,0.0,-0.6,0.2,
328,3.280,0.0,-0.5,0.3,
329,3.290,-0.2,-0.3,0.1,
330,3.300,-1.0,0.0,0.1,
331,3.310,-0.9,0.0,0.0,
332,3.320,-1.5,0.1,0.0,
333,3.330,-1.6,0.3,-0.2,
334,3.340,-1.5,0.4,-0.1,
335,3.350,-1.4,0.5,-0.2,
336,3.360,-1.2,0.5,-0.2,
337,3.370,-0.6,0.4,-0.2,
338,3.380,-0.4,0.5,-0.2,
339,3.390,0.3,0.3,-0.2,
340,3.400,0.9,0.2,-0.2,
341,3.410,1.3,0.1,-0.1,
342,3.420,1.7,0.0,-0.1,
343,3.430,1.6,-0.1,-0.1,
344,3.440,1.9,-0.1,-0.1,
345,3.450,2.0,-0.2,-0.1,
346,3.460,1.6,-0.2,-0.1,
347,3.470,1.3,-0.2,-0.1,
348,3.480,0.9,-0.3,0.0,
349,3.490,0.4,-0.2,0.0,
350,3.500,-0.5,-0.2,0.1,
351,3.510,-0.5,-0.2,0.1,
352,3.520,-0.3,-0.2,0.0,
353,3.530,0.0,-0.1,-0.1,
354,3.540,-0.1,0.0,0.0,
355,3.550,-0.1,0.1,0.0,
356,3.560,-0.5,0.2,-0.1,
357,3.570,-1.0,0.2,0.0,
358,3.580,-0.7,0.2,0.0,
359,3.590,0.4,0.2,0.0,
360,3.600,0.7,0.2,0.0,
361,3.610,1.7,0.1,-0.1,
362,3.620,2.3,0.1,0.0,
363,3.630,2.7,-0.1,-0.1,
364,3.640,2.7,-0.1,-0.1,
365,3.650,2.8,-0.1,-0.1,
366,3.660,2.6,-0.1,0.0,
367,3.670,2.5,-0.3,0.0,
368,3.680,2.4,-0.4,0.0,
369,3.690,2.0,-0.5,0.1,
370,3.700,2.0,-0.5,0.1,
371,3.710,1.4,-0.5,0.1,
372,3.720,0.9,-0.6,0.1,
373,3.730,0.7,-0.6,0.1,
374,3.740,0.9,-0.7,0.1,
375,3.750,0.8,-0.7,0.2,
376,3.760,0.9,-0.7,0.1,
377,3.770,0.9,-0.5,0.1,
378,3.780,1.5,-0.5,0.0,
379,3.790,1.6,-0.4,0.0,
380,3.800,1.3,-0.2,-0.1,
381,3.810,0.9,-0.1,-0.2,
382,3.820,0.8,0.1,-0.2,
383,3.830,1.3,0.2,-0.3,
384,3.840,2.0,0.4,-0.2,
385,3.850,2.8,0.3,-0.4,
386,3.860,3.6,0.2,-0.3,
387,3.870,4.8,0.2,-0.4,
388,3.880,6.9,-0.1,-0.4,
389,3.890,9.6,-0.5,-0.4,
390,3.900,12.1,-0.9,-0.2,
391,3.910,14.8,-1.3,-0.1,
392,3.920,18.8,-1.9,0.0,
393,3.930,22.2,-2.4,0.0,
394,3.940,25.6,-2.9,0.0,
395,3.950,30.5,-3.8,0.1,
396,3.960,35.2,-4.8,0.2,
397,3.970,37.4,-5.6,0.2,
398,3.980,40.6,-6.5,0.4,
399,3.990,42.6,-7.4,0.9,
400,4.000,46.3,-8.6,1.2,
401,4.010,50.1,-9.8,1.6,
402,4.020,53.5,-11.2,2.3,
403,4.030,56.3,-12.3,2.9,
404,4.040,60.1,-13.8,3.6,
405,4.050,63.4,-15.1,4.4,
406,4.060,64.9,-16.3,5.4,
407,4.070,68.7,-17.6,6.2,
408,4.080,69.3,-18.5,7.2,
409,4.090,74.0,-19.7,8.1,
410,4.100,78.7,-20.6,8.9,
411,4.110,79.0,-21.1,9.4,
412,4.120,83.0,-21.7,9.8,
413,4.130,95.9,-23.1,9.9,
414,4.140,95.3,-22.8,10.2,
415,4.150,91.7,-22.3,10.6,
416,4.160,82.8,-20.9,11.0,
417,4.170,75.4,-19.5,11.2,
418,4.180,75.8,-18.4,11.3,
419,4.190,73.4,-16.7,11.2,
420,4.200,75.6,-15.1,11.0,
421,4.210,76.7,-13.1,10.6,
422,4.220,72.7,-10.5,9.9,
423,4.230,68.3,-8.4,8.2,
424,4.240,70.9,-6.8,6.1,
425,4.250,67.8,-4.6,3.7,
426,4.260,65.9,-1.8,1.4,
427,4.270,92.2,-2.3,-2.0,
428,4.280,68.5,2.6,-5.0,
429,4.290,68.6,5.7,-8.7,
430,4.300,60.5,9.6,-12.4,
431,4.310,62.4,12.4,-15.9,
432,4.320,62.1,15.4,-19.0,
433,4.330,67.2,17.8,-22.2,
434,4.340,83.1,19.0,-25.3,
435,4.350,88.1,21.3,-28.5,
436,4.360,91.6,23.6,-31.7,
437,4.370,86.9,26.5,-34.6,
438,4.380,82.1,28.8,-37.2,
439,4.390,82.8,29.9,-39.2,
440,4.400,85.0,30.5,-40.8,
441,4.410,87.0,30.9,-42.1,
442,4.420,84.9,31.6,-42.7,
443,4.430,80.6,32.5,-42.5,
444,4.440,77.2,32.8,-41.9,
445,4.450,71.4,32.7,-40.8,
446,4.460,71.0,31.9,-39.2,
447,4.470,69.6,30.9,-37.1,
448,4.480,69.9,29.5,-34.2,
449,4.490,76.5,27.2,-30.7,
450,4.500,74.5,26.1,-26.7,
451,4.510,66.6,25.9,-22.5,
452,4.520,61.3,25.0,-18.2,
453,4.530,53.0,24.6,-13.6,
454,4.540,49.2,23.7,-8.6,
455,4.550,52.2,21.9,-3.3,
456,4.560,55.9,19.6,2.3,
457,4.570,59.4,17.5,8.4,
458,4.580,59.7,15.9,14.3,
459,4.590,59.5,15.1,20.6,
460,4.600,55.6,15.0,26.6,
461,4.610,56.4,14.5,32.3,
462,4.620,59.3,14.5,37.8,
463,4.630,61.0,13.7,43.2,
464,4.640,63.3,13.1,48.0,
465,4.650,67.1,12.1,51.9,
466,4.660,71.0,11.5,55.3,
467,4.670,74.3,11.5,57.4,
468,4.680,71.5,11.8,59.1,
469,4.690,63.4,13.3,59.9,
470,4.700,59.4,13.7,60.4,
471,4.710,58.9,14.3,60.2,
472,4.720,66.8,14.0,59.5,
473,4.730,73.6,14.0,58.5,
474,4.740,71.2,15.3,57.3,
475,4.750,62.0,17.3,55.8,
476,4.760,48.6,19.8,54.3,
477,4.770,34.5,22.6,52.2,
478,4.780,28.6,23.7,49.7,
479,4.790,25.3,25.0,46.6,
480,4.800,21.3,25.9,43.0,
481,4.810,17.7,27.0,39.4,
482,4.820,14.5,27.7,35.9,
483,4.830,8.2,28.9,32.8,
484,4.840,1.3,29.8,29.8,
485,4.850,-0.6,30.3,27.2,
486,4.860,-0.5,30.8,24.5,
487,4.870,5.9,30.5,21.9,
488,4.880,6.2,30.8,18.9,
489,4.890,13.5,29.9,15.1,
490,4.900,17.1,29.4,11.0,
491,4.910,21.6,28.7,6.5,
492,4.920,23.5,28.4,2.1,
493,4.930,20.2,28.9,-1.8,
494,4.940,16.5,29.7,-5.5,
495,4.950,20.9,29.5,-8.7,
496,4.960,20.0,30.1,-11.8,
497,4.970,22.3,30.2,-14.7,
498,4.980,21.6,30.5,-17.6,
499,4.990,23.3,30.6,-20.3,
500,5.000,23.9,31.4,-23.0,
501,5.010,23.9,32.2,-25.5,
502,5.020,22.5,33.4,-27.6,
503,5.030,17.2,35.0,-29.5,
504,5.040,16.2,36.0,-31.3,
505,5.050,17.2,36.6,-33.3,
506,5.060,23.4,36.7,-35.6,
507,5.070,26.7,37.2,-38.1,
508,5.080,25.0,38.3,-40.5,
509,5.090,25.1,39.3,-42.5,
510,5.100,24.2,40.2,-44.2,
511,5.110,21.9,41.7,-45.7,
512,5.120,19.2,43.1,-47.6,
513,5.130,22.5,44.1,-49.9,
514,5.140,22.8,45.3,-52.4,
515,5.150,22.0,46.8,-54.7,
516,5.160,20.3,48.2,-56.6,
517,5.170,13.6,50.2,-58.4,
518,5.180,15.4,50.9,-60.2,
519,5.190,20.4,51.3,-62.5,
520,5.200,25.9,51.5,-65.2,
521,5.210,29.8,52.1,-68.4,
522,5.220,28.5,52.8,-71.1,
523,5.230,24.9,54.1,-73.4,
524,5.240,28.7,55.1,-75.3,
525,5.250,37.0,55.7,-77.5,
526,5.260,41.0,56.7,-80.0,
527,5.270,38.9,58.0,-82.9,
528,5.280,32.1,59.9,-85.8,
529,5.290,29.4,62.0,-88.8,
530,5.300,29.5,64.0,-91.6,
531,5.310,31.9,65.9,-94.6,
532,5.320,38.6,67.4,-97.6,
533,5.330,45.9,68.4,-101.1,
534,5.340,45.8,69.3,-105.2,
535,5.350,44.2,69.8,-109.6,
536,5.360,48.3,69.8,-114.0,
537,5.370,49.9,69.5,-117.8,
538,5.380,56.9,68.8,-121.3,
539,5.390,68.5,67.9,-124.4,
540,5.400,78.8,66.5,-127.0,
541,5.410,90.8,64.8,-129.2,
542,5.420,95.9,63.5,-131.3,
543,5.430,96.3,61.6,-133.1,
544,5.440,86.4,57.1,-134.8,
545,5.450,85.6,49.8,-136.7,
546,5.460,94.0,39.9,-139.1,
547,5.470,93.6,28.1,-141.5,
548,5.480,77.9,16.2,-143.4,
549,5.490,55.6,4.0,-145.1,
550,5.500,49.6,-8.3,-146.6,
551,5.510,29.8,-18.4,-147.6,
552,5.520,6.4,-28.3,-148.6,
553,5.530,-7.9,-39.6,-149.6,
554,5.540,-22.6,-49.2,-150.0,
555,5.550,3.8,-54.2,-148.6,
556,5.560,-21.6,-53.2,-146.1,
557,5.570,-26.7,-49.8,-142.7,
558,5.580,-25.4,-46.9,-138.9,
559,5.590,-12.3,-46.8,-133.7,
560,5.600,4.7,-47.1,-126.9,
561,5.610,18.4,-47.6,-119.0,
562,5.620,41.1,-48.3,-109.4,
563,5.630,67.6,-50.4,-98.9,
564,5.640,86.9,-52.2,-88.1,
565,5.650,90.6,-52.8,-77.4,
566,5.660,85.2,-54.0,-67.8,
567,5.670,86.3,-57.3,-59.3,
568,5.680,75.3,-59.9,-51.5,
569,5.690,60.5,-61.8,-44.4,
570,5.700,53.3,-64.4,-38.3,
571,5.710,55.0,-67.0,-33.0,
572,5.720,55.0,-68.8,-28.3,
573,5.730,53.7,-70.3,-24.1,
574,5.740,51.3,-70.2,-20.3,
575,5.750,40.6,-69.6,-17.2,
576,5.760,37.4,-69.3,-14.9,
577,5.770,35.8,-70.7,-13.7,
578,5.780,34.4,-71.8,-13.5,
579,5.790,26.6,-72.6,-13.4,
580,5.800,20.3,-73.7,-13.3,
581,5.810,12.6,-74.3,-13.2,
582,5.820,-5.2,-73.2,-13.5,
583,5.830,-13.1,-73.2,-14.0,
584,5.840,-9.5,-74.5,-14.5,
585,5.850,-10.3,-75.7,-14.8,
586,5.860,-14.3,-77.1,-15.0,
587,5.870,-21.2,-77.4,-15.2,
588,5.880,-27.7,-77.1,-15.6,
589,5.890,-26.4,-77.6,-16.2,
590,5.900,-20.6,-76.9,-16.2,
591,5.910,-14.0,-77.6,-16.3,
592,5.920,-9.6,-77.7,-16.3,
593,5.930,-14.3,-78.2,-16.3,
594,5.940,-17.2,-78.1,-16.3,
595,5.950,-22.9,-77.9,-16.2,
596,5.960,-18.1,-78.1,-15.6,
597,5.970,-11.8,-79.3,-14.6,
598,5.980,-4.0,-80.7,-13.1,
599,5.990,4.0,-82.3,-11.8,
600,6.000,4.6,-83.3,-10.5,
601,6.010,-2.8,-82.8,-9.6,
602,6.020,-16.5,-81.4,-9.5,
603,6.030,-13.4,-80.4,-9.9,
604,6.040,-5.6,-81.7,-10.6,
605,6.050,-1.8,-81.1,-11.4,
606,6.060,-2.3,-81.5,-12.8,
607,6.070,-7.2,-81.3,-14.5,
608,6.080,-14.0,-81.7,-15.6,
609,6.090,-17.6,-81.6,-16.6,
610,6.100,-19.1,-82.3,-16.6,
611,6.110,-8.1,-83.4,-16.7,
612,6.120,-6.1,-84.1,-16.4,
613,6.130,-0.2,-85.5,-16.1,
614,6.140,11.2,-88.0,-15.7,
615,6.150,9.5,-90.6,-15.1,
616,6.160,-0.9,-90.3,-14.4,
617,6.170,-10.8,-90.6,-13.9,
618,6.180,-15.4,-90.9,-13.6,
619,6.190,-12.5,-92.9,-13.1,
620,6.200,1.6,-95.1,-12.5,
621,6.210,2.3,-97.0,-12.0,
622,6.220,-2.6,-98.2,-11.4,
623,6.230,-2.6,-99.4,-10.4,
624,6.240,-4.5,-100.9,-9.0,
625,6.250,1.5,-102.2,-7.3,
626,6.260,6.3,-104.2,-5.4,
627,6.270,-4.3,-104.3,-3.4,
628,6.280,-12.6,-106.3,-2.2,
629,6.290,-11.7,-106.6,-0.6,
630,6.300,-5.1,-110.7,2.1,
631,6.310,0.4,-115.2,6.3,
632,6.320,7.8,-120.1,11.8,
633,6.330,10.4,-124.8,18.4,
634,6.340,13.6,-130.0,26.2,
635,6.350,17.1,-135.3,35.3,
636,6.360,21.2,-140.1,45.7,
637,6.370,17.7,-144.8,56.5,
638,6.380,24.1,-151.1,67.7,
639,6.390,39.5,-158.5,79.2,
640,6.400,55.4,-166.1,90.6,
641,6.410,78.2,-173.2,102.6,
642,6.420,97.1,-179.9,115.1,
643,6.430,113.5,-185.7,128.1,
644,6.440,128.0,-191.7,141.2,
645,6.450,135.9,-198.7,154.1,
646,6.460,144.9,-205.6,166.9,
647,6.470,178.2,-211.6,179.4,
648,6.480,200.0,-213.5,192.1,
649,6.490,222.5,-212.8,204.2,
650,6.500,233.6,-207.6,215.8,
651,6.510,246.8,-199.8,226.6,
652,6.520,256.7,-189.5,237.0,
653,6.530,235.7,-174.7,247.1,
654,6.540,224.2,-161.3,255.7,
655,6.550,180.4,-145.5,263.6,
656,6.560,139.6,-130.5,270.6,
657,6.570,118.0,-118.3,277.0,
658,6.580,104.6,-107.1,283.3,
659,6.590,112.9,-97.9,288.6,
660,6.600,121.9,-88.8,293.0,
661,6.610,122.7,-79.3,295.5,
662,6.620,109.4,-66.2,297.1,
663,6.630,88.5,-49.6,299.2,
664,6.640,78.6,-34.2,300.6,
665,6.650,120.4,-29.2,298.1,
666,6.660,147.8,-31.3,290.5,
667,6.670,158.8,-31.9,283.0,
668,6.680,191.0,-33.4,271.9,
669,6.690,209.0,-30.3,255.7,
670,6.700,206.2,-19.8,239.2,
671,6.710,198.7,-10.9,222.0,
672,6.720,198.9,-7.9,206.8,
673,6.730,191.6,-0.5,194.8,
674,6.740,210.1,7.4,180.6,
675,6.750,188.8,20.9,163.1,
676,6.760,153.4,36.7,146.8,
677,6.770,129.6,47.2,132.4,
678,6.780,101.7,54.9,121.1,
679,6.790,101.9,62.3,110.2,
680,6.800,104.2,70.4,96.4,
681,6.810,106.6,78.8,82.7,
682,6.820,116.4,83.9,71.2,
683,6.830,113.6,88.1,63.9,
684,6.840,87.8,92.2,60.3,
685,6.850,67.3,96.4,57.2,
686,6.860,62.8,98.5,51.9,
687,6.870,57.7,99.6,46.8,
688,6.880,53.7,100.0,44.1,
689,6.890,64.0,97.4,45.0,
690,6.900,72.7,94.7,48.9,
691,6.910,76.7,93.9,52.2,
692,6.920,52.9,97.1,53.8,
693,6.930,23.7,100.1,54.5,
694,6.940,10.4,102.9,55.2,
695,6.950,16.8,104.6,57.1,
696,6.960,19.5,106.1,60.0,
697,6.970,28.7,108.0,62.2,
698,6.980,36.3,111.5,62.3,
699,6.990,22.0,117.1,59.2,
700,7.000,6.4,121.6,54.7,
701,7.010,-4.8,123.7,49.4,
702,7.020,4.0,122.6,45.2,
703,7.030,10.3,121.2,42.1,
704,7.040,26.1,119.1,39.2,
705,7.050,43.2,119.7,35.2,
706,7.060,53.6,121.8,29.0,
707,7.070,54.1,126.1,21.7,
708,7.080,42.8,132.1,13.7,
709,7.090,35.3,136.7,5.2,
710,7.100,29.8,141.5,-2.5,
711,7.110,33.6,144.7,-9.6,
712,7.120,49.9,146.8,-16.7,
713,7.130,62.2,150.5,-24.2,
714,7.140,73.5,154.1,-32.9,
715,7.150,81.2,158.2,-42.4,
716,7.160,93.4,162.2,-52.7,
717,7.170,109.9,165.7,-63.8,
718,7.180,127.2,168.5,-75.4,
719,7.190,145.0,170.8,-87.2,
720,7.200,167.1,172.2,-99.1,
721,7.210,182.8,174.7,-111.8,
722,7.220,202.8,176.2,-126.2,
723,7.230,217.1,178.0,-141.6,
724,7.240,233.8,178.8,-158.1,
725,7.250,250.2,178.1,-174.8,
726,7.260,262.8,175.7,-190.7,
727,7.270,282.1,170.2,-205.6,
728,7.280,285.1,164.4,-219.2,
729,7.290,304.9,155.4,-231.4,
730,7.300,326.8,144.5,-243.2,
731,7.310,344.7,132.2,-254.5,
732,7.320,347.0,119.5,-265.3,
733,7.330,327.5,108.2,-275.4,
734,7.340,300.8,97.4,-284.1,
735,7.350,276.6,85.0,-291.7,
736,7.360,250.7,73.1,-298.3,
737,7.370,235.4,59.9,-304.7,
738,7.380,239.4,45.3,-310.5,
739,7.390,241.9,29.1,-315.0,
740,7.400,248.8,10.3,-318.2,
741,7.410,244.6,-9.6,-319.4,
742,7.420,247.6,-29.6,-318.8,
743,7.430,238.7,-48.3,-317.0,
744,7.440,216.7,-67.2,-314.2,
745,7.450,169.4,-84.8,-310.4,
746,7.460,131.3,-102.1,-304.7,
747,7.470,196.0,-112.1,-291.0,
748,7.480,184.9,-116.5,-270.6,
749,7.490,161.9,-115.1,-246.8,
750,7.500,119.8,-109.0,-223.9,
751,7.510,111.2,-107.3,-203.1,
752,7.520,109.1,-106.8,-183.2,
753,7.530,113.4,-109.5,-160.9,
754,7.540,110.2,-109.3,-136.0,
755,7.550,70.1,-107.8,-114.9,
756,7.560,76.4,-110.0,-98.9,
757,7.570,76.7,-113.8,-87.4,
758,7.580,70.9,-119.0,-77.9,
759,7.590,72.0,-123.7,-65.6,
760,7.600,49.0,-125.4,-52.6,
761,7.610,16.8,-124.8,-43.3,
762,7.620,6.8,-121.9,-38.6,
763,7.630,-0.1,-118.1,-38.8,
764,7.640,12.0,-116.1,-41.2,
765,7.650,33.9,-116.0,-41.8,
766,7.660,30.1,-115.2,-41.6,
767,7.670,-5.4,-114.0,-43.2,
768,7.680,-23.4,-113.0,-47.0,
769,7.690,-39.1,-112.9,-52.1,
770,7.700,-37.9,-114.4,-57.4,
771,7.710,-30.8,-116.1,-59.4,
772,7.720,-24.4,-117.4,-58.7,
773,7.730,-38.5,-117.6,-57.1,
774,7.740,-48.0,-117.7,-56.5,
775,7.750,-55.5,-117.1,-57.1,
776,7.760,-64.3,-116.3,-58.9,
777,7.770,-68.5,-115.2,-61.6,
778,7.780,-65.1,-115.6,-62.9,
779,7.790,-50.2,-117.6,-61.2,
780,7.800,-42.6,-120.2,-57.4,
781,7.810,-47.1,-122.3,-53.3,
782,7.820,-47.7,-123.8,-49.6,
783,7.830,-45.3,-125.9,-47.0,
784,7.840,-43.9,-129.6,-45.1,
785,7.850,-41.7,-133.5,-43.7,
786,7.860,-27.6,-137.6,-41.5,
787,7.870,-26.1,-141.4,-38.1,
788,7.880,-22.8,-144.9,-33.6,
789,7.890,-20.9,-147.3,-28.7,
790,7.900,-14.0,-150.5,-24.5,
791,7.910,-17.3,-152.3,-20.8,
792,7.920,-17.5,-155.2,-17.5,
793,7.930,-2.7,-160.3,-14.5,
794,7.940,18.5,-165.8,-10.8,
795,7.950,33.1,-172.1,-5.9,
796,7.960,50.9,-179.3,0.1,
797,7.970,62.4,-186.4,8.0,
798,7.980,76.0,-193.6,17.6,
799,7.990,93.9,-201.2,28.7,
800,8.000,110.0,-208.9,41.3,
801,8.010,142.9,-215.5,55.7,
802,8.020,164.1,-219.6,72.4,
803,8.030,165.9,-220.4,90.8,
804,8.040,168.5,-220.0,109.4,
805,8.050,171.0,-218.6,127.6,
806,8.060,202.7,-217.2,145.3,
807,8.070,234.2,-213.6,163.0,
808,8.080,265.9,-207.2,181.3,
809,8.090,299.9,-199.4,199.8,
810,8.100,323.6,-189.3,218.1,
811,8.110,334.0,-177.0,236.0,
812,8.120,301.3,-159.4,253.5,
813,8.130,275.1,-142.5,269.6,
814,8.140,242.2,-124.8,283.9,
815,8.150,190.3,-108.2,296.5,
816,8.160,152.5,-95.5,307.5,
817,8.170,109.4,-83.9,318.1,
818,8.180,84.2,-75.9,326.8,
819,8.190,85.0,-70.4,334.2,
820,8.200,69.1,-61.8,341.3,
821,8.210,74.1,-54.4,348.1,
822,8.220,80.7,-46.4,355.0,
823,8.230,87.0,-36.5,363.2,
824,8.240,208.7,-44.1,360.0,
825,8.250,271.7,-41.4,349.6,
826,8.260,300.6,-34.6,329.8,
827,8.270,267.8,-17.7,309.6,
828,8.280,225.6,-4.2,288.8,
829,8.290,207.9,1.1,269.8,
830,8.300,202.3,7.6,254.9,
831,8.310,232.0,14.5,238.5,
832,8.320,235.0,27.2,220.0,
833,8.330,188.2,46.3,202.9,
834,8.340,163.4,58.8,185.9,
835,8.350,109.9,70.5,172.4,
836,8.360,85.8,79.8,161.6,
837,8.370,87.3,89.2,149.5,
838,8.380,90.9,97.8,135.4,
839,8.390,91.2,105.7,121.4,
840,8.400,82.3,113.6,109.4,
841,8.410,63.7,118.7,100.2,
842,8.420,39.3,121.5,95.1,
843,8.430,30.9,122.7,90.5,
844,8.440,21.1,123.7,83.6,
845,8.450,-0.4,124.7,76.8,
846,8.460,-2.1,124.3,72.3,
847,8.470,11.0,123.4,70.3,
848,8.480,17.8,122.4,70.7,
849,8.490,13.6,122.1,73.5,
850,8.500,11.5,123.4,76.8,
851,8.510,9.2,126.0,78.4,
852,8.520,-6.5,129.3,78.6,
853,8.530,-17.5,132.3,78.3,
854,8.540,-13.5,133.7,77.3,
855,8.550,-12.5,135.7,76.1,
856,8.560,-6.8,137.9,75.4,
857,8.570,7.6,139.5,73.9,
858,8.580,10.3,142.6,71.7,
859,8.590,29.8,146.0,68.6,
860,8.600,30.2,152.5,64.1,
861,8.610,26.1,158.9,58.0,
862,8.620,33.2,164.1,50.5,
863,8.630,65.2,167.1,41.1,
864,8.640,98.4,170.5,30.0,
865,8.650,121.6,175.8,17.9,
866,8.660,141.1,181.2,4.6,
867,8.670,152.0,187.4,-9.3,
868,8.680,161.6,192.9,-24.0,
869,8.690,178.2,195.2,-40.2,
870,8.700,201.0,196.4,-57.1,
871,8.710,222.0,195.8,-75.3,
872,8.720,251.2,191.7,-95.0,
873,8.730,276.9,186.5,-115.8,
874,8.740,296.2,180.0,-137.1,
875,8.750,310.5,173.0,-158.2,
876,8.760,328.0,164.6,-179.0,
877,8.770,325.3,157.7,-199.2,
878,8.780,314.6,149.8,-218.8,
879,8.790,322.5,138.6,-237.1,
880,8.800,334.8,126.2,-253.7,
881,8.810,345.7,112.8,-268.9,
882,8.820,341.9,99.1,-283.0,
883,8.830,317.1,88.1,-295.2,
884,8.840,276.7,79.2,-305.7,
885,8.850,241.8,69.3,-314.8,
886,8.860,200.9,62.6,-322.8,
887,8.870,199.1,51.3,-330.7,
888,8.880,207.5,40.8,-338.2,
889,8.890,222.0,28.9,-346.1,
890,8.900,204.4,16.4,-352.7,
891,8.910,196.7,0.4,-355.6,
892,8.920,207.0,-21.5,-356.2,
893,8.930,171.5,-40.0,-354.7,
894,8.940,206.9,-56.6,-347.0,
895,8.950,258.4,-69.8,-330.1,
896,8.960,227.8,-73.0,-308.8,
897,8.970,236.5,-78.6,-285.1,
898,8.980,214.2,-85.0,-257.2,
899,8.990,184.0,-91.8,-230.3,
900,9.000,131.6,-94.2,-209.7,
901,9.010,106.6,-96.3,-193.0,
902,9.020,92.0,-97.7,-178.5,
903,9.030,68.5,-100.6,-166.6,
904,9.040,65.7,-106.6,-153.0,
905,9.050,34.6,-110.5,-140.9,
906,9.060,18.7,-112.4,-132.8,
907,9.070,13.1,-114.1,-128.1,
908,9.080,10.7,-115.1,-124.0,
909,9.090,4.5,-113.2,-120.1,
910,9.100,5.6,-112.0,-115.5,
911,9.110,-1.5,-112.1,-110.4,
912,9.120,-23.7,-109.1,-106.3,
913,9.130,-28.6,-105.5,-105.4,
914,9.140,-31.1,-105.2,-106.3,
915,9.150,-32.3,-102.8,-106.7,
916,9.160,-33.8,-101.0,-106.4,
917,9.170,-30.0,-101.5,-105.5,
918,9.180,-33.4,-102.8,-102.9,
919,9.190,-36.7,-103.6,-100.4,
920,9.200,-50.7,-102.8,-99.4,
921,9.210,-46.6,-102.0,-100.0,
922,9.220,-48.6,-102.2,-101.5,
923,9.230,-43.0,-104.1,-102.4,
924,9.240,-41.4,-106.1,-102.4,
925,9.250,-38.3,-106.6,-100.7,
926,9.260,-44.1,-111.5,-98.8,
927,9.270,-41.3,-115.5,-95.5,
928,9.280,-43.8,-119.1,-92.9,
929,9.290,-46.6,-122.9,-91.7,
930,9.300,-41.3,-125.9,-91.0,
931,9.310,-35.8,-129.4,-90.5,
932,9.320,-29.7,-134.3,-90.0,
933,9.330,-26.6,-140.3,-88.5,
934,9.340,-16.2,-147.4,-86.1,
935,9.350,-0.9,-155.5,-82.7,
936,9.360,10.1,-163.4,-77.8,
937,9.370,25.0,-171.9,-71.5,
938,9.380,40.2,-181.0,-64.0,
939,9.390,56.9,-190.4,-55.5,
940,9.400,81.3,-200.2,-45.2,
941,9.410,90.4,-209.2,-33.8,
942,9.420,102.5,-217.2,-20.2,
943,9.430,108.2,-224.8,-5.2,
944,9.440,115.1,-231.0,10.4,
945,9.450,134.5,-236.5,26.6,
946,9.460,154.6,-240.6,43.2,
947,9.470,178.2,-243.0,61.1,
948,9.480,195.9,-244.4,80.2,
949,9.490,214.1,-245.4,100.3,
950,9.500,239.7,-246.8,120.2,
951,9.510,285.7,-247.6,140.9,
952,9.520,335.6,-244.8,162.3,
953,9.530,392.3,-237.2,184.2,
954,9.540,422.5,-221.9,205.7,
955,9.550,422.2,-202.6,225.7,
956,9.560,414.8,-182.3,244.8,
957,9.570,387.9,-161.0,262.9,
958,9.580,349.1,-139.7,279.8,
959,9.590,328.7,-118.7,295.1,
960,9.600,351.4,-103.8,306.8,
961,9.610,402.4,-90.6,313.9,
962,9.620,412.5,-70.6,318.2,
963,9.630,326.7,-39.8,320.0,
964,9.640,230.0,-10.2,320.8,
965,9.650,181.2,10.1,321.2,
966,9.660,160.0,24.7,322.2,
967,9.670,148.8,35.0,324.7,
968,9.680,253.1,23.9,319.4,
969,9.690,281.0,27.6,310.8,
970,9.700,326.1,27.1,294.8,
971,9.710,310.7,35.7,278.1,
972,9.720,238.3,49.6,265.4,
973,9.730,218.2,51.3,253.4,
974,9.740,176.5,53.8,244.9,
975,9.750,146.4,60.5,236.3,
976,9.760,135.7,66.8,224.2,
977,9.770,89.8,76.7,213.3,
978,9.780,86.6,80.9,204.0,
979,9.790,83.9,85.0,195.6,
980,9.800,59.1,88.1,188.8,
981,9.810,49.9,91.9,182.9,
982,9.820,42.8,98.8,174.2,
983,9.830,31.7,104.9,162.4,
984,9.840,2.0,111.8,150.3,
985,9.850,6.6,112.4,138.9,
986,9.860,9.5,111.0,127.5,
987,9.870,9.0,110.2,117.6,
988,9.880,20.0,110.1,108.5,
989,9.890,24.8,113.2,98.7,
990,9.900,27.5,117.2,89.0,
991,9.910,9.7,122.9,80.1,
992,9.920,6.1,127.2,73.4,
993,9.930,-2.1,131.6,68.8,
994,9.940,2.6,134.5,65.4,
995,9.950,3.4,137.3,63.7,
996,9.960,-0.6,139.0,62.8,
997,9.970,-12.0,141.7,62.9,
998,9.980,-16.2,144.5,63.4,
999,9.990,-18.8,146.2,63.0,
1000,10.000,-25.8,147.6,62.9,
1001,10.010,-28.2,148.4,63.0,
1002,10.020,-25.9,150.3,64.5,
1003,10.030,-23.3,152.5,66.4,
1004,10.040,-20.9,154.9,68.5,
1005,10.050,-19.8,156.9,70.0,
1006,10.060,-18.1,159.2,71.1,
1007,10.070,-8.7,161.9,71.2,
1008,10.080,8.1,163.9,69.3,
1009,10.090,19.0,168.0,66.2,
1010,10.100,38.1,172.6,62.1,
1011,10.110,62.0,177.1,56.2,
1012,10.120,96.3,180.0,48.1,
1013,10.130,129.5,182.7,37.8,
1014,10.140,154.2,185.6,25.3,
1015,10.150,176.3,188.0,10.7,
1016,10.160,198.9,189.9,-5.4,
1017,10.170,223.0,191.7,-23.7,
1018,10.180,261.6,189.6,-45.5,
1019,10.190,298.2,186.0,-69.6,
1020,10.200,351.0,178.6,-95.0,
1021,10.210,382.5,170.3,-120.5,
1022,10.220,388.3,161.8,-145.3,
1023,10.230,367.6,155.0,-168.2,
1024,10.240,376.1,145.0,-189.7,
1025,10.250,376.0,134.8,-209.4,
1026,10.260,373.9,121.9,-227.4,
1027,10.270,363.8,107.6,-243.7,
1028,10.280,329.5,95.6,-257.9,
1029,10.290,272.9,86.3,-270.2,
1030,10.300,219.2,81.1,-281.6,
1031,10.310,196.4,74.6,-293.3,
1032,10.320,191.8,64.8,-304.3,
1033,10.330,208.9,51.2,-314.3,
1034,10.340,235.5,35.5,-322.6,
1035,10.350,269.3,16.4,-328.5,
1036,10.360,268.0,-3.6,-331.8,
1037,10.370,242.4,-24.2,-334.8,
1038,10.380,192.7,-42.7,-338.0,
1039,10.390,159.0,-60.5,-341.1,
1040,10.400,216.6,-77.4,-337.0,
1041,10.410,282.3,-88.8,-322.3,
1042,10.420,263.3,-93.2,-302.9,
1043,10.430,247.6,-96.2,-276.9,
1044,10.440,205.1,-96.4,-250.8,
1045,10.450,159.9,-97.2,-231.8,
1046,10.460,148.0,-99.6,-218.0,
1047,10.470,118.8,-98.5,-207.3,
1048,10.480,103.8,-98.3,-197.3,
1049,10.490,85.6,-99.4,-185.7,
1050,10.500,60.0,-100.3,-174.7,
1051,10.510,41.7,-101.6,-167.8,
1052,10.520,35.2,-103.1,-162.9,
1053,10.530,17.5,-101.9,-158.1,
1054,10.540,-1.9,-101.1,-154.1,
1055,10.550,-15.7,-101.0,-148.7,
1056,10.560,-28.5,-100.2,-142.5,
1057,10.570,-37.0,-98.9,-138.4,
1058,10.580,-35.2,-96.1,-136.7,
1059,10.590,-34.0,-93.2,-134.9,
1060,10.600,-34.1,-91.4,-133.3,
1061,10.610,-31.4,-90.5,-131.1,
1062,10.620,-38.9,-90.3,-127.6,
1063,10.630,-44.4,-91.2,-123.5,
1064,10.640,-57.7,-91.7,-120.8,
1065,10.650,-56.4,-91.0,-118.7,
1066,10.660,-58.2,-91.0,-118.3,
1067,10.670,-53.3,-90.9,-116.9,
1068,10.680,-59.0,-92.2,-115.7,
1069,10.690,-59.9,-94.8,-114.4,
1070,10.700,-53.6,-99.1,-112.7,
1071,10.710,-54.6,-102.8,-109.7,
1072,10.720,-60.1,-106.4,-106.7,
1073,10.730,-53.5,-110.5,-103.9,
1074,10.740,-52.2,-113.8,-102.7,
1075,10.750,-42.6,-117.7,-102.2,
1076,10.760,-41.4,-120.5,-100.8,
1077,10.770,-43.6,-124.6,-99.7,
1078,10.780,-37.7,-130.1,-98.1,
1079,10.790,-32.0,-136.8,-96.4,
1080,10.800,-24.4,-143.5,-94.4,
1081,10.810,-4.1,-151.6,-91.7,
1082,10.820,8.4,-159.9,-87.9,
1083,10.830,29.1,-168.6,-82.1,
1084,10.840,48.1,-177.7,-74.1,
1085,10.850,68.1,-186.5,-64.1,
1086,10.860,85.4,-195.3,-52.9,
1087,10.870,94.7,-203.7,-40.8,
1088,10.880,102.7,-210.9,-27.4,
1089,10.890,115.7,-218.0,-13.7,
1090,10.900,133.9,-225.2,0.1,
1091,10.910,152.8,-230.2,14.9,
1092,10.920,163.1,-232.7,30.8,
1093,10.930,175.9,-234.7,47.2,
1094,10.940,193.3,-237.2,63.5,
1095,10.950,221.3,-239.4,79.9,
1096,10.960,252.4,-240.3,96.2,
1097,10.970,269.3,-237.9,113.3,
1098,10.980,292.5,-232.5,130.4,
1099,10.990,303.8,-223.1,147.0,
1100,11.000,311.0,-212.2,162.6,
1101,11.010,340.1,-202.5,178.2,
1102,11.020,367.2,-191.4,194.1,
1103,11.030,390.1,-177.7,210.2,
1104,11.040,380.7,-159.6,226.1,
1105,11.050,379.0,-141.0,240.7,
1106,11.060,402.8,-124.2,252.5,
1107,11.070,419.9,-106.1,261.8,
1108,11.080,423.1,-86.5,269.3,
1109,11.090,370.7,-61.3,275.3,
1110,11.100,276.7,-31.8,281.0,
1111,11.110,184.0,-6.5,286.6,
1112,11.120,142.7,9.2,291.3,
1113,11.130,103.3,21.7,297.2,
1114,11.140,101.1,30.9,305.7,
1115,11.150,163.0,33.9,311.1,
1116,11.160,310.2,25.9,306.3,
1117,11.170,336.0,30.8,295.7,
1118,11.180,298.3,40.0,281.1,
1119,11.190,205.4,52.6,267.6,
1120,11.200,150.9,55.7,255.4,
1121,11.210,151.2,53.3,246.8,
1122,11.220,149.0,56.2,237.3,
1123,11.230,164.3,60.5,225.1,
1124,11.240,114.8,72.9,212.4,
1125,11.250,79.7,82.2,199.9,
1126,11.260,42.5,89.1,187.4,
1127,11.270,12.9,91.7,178.5,
1128,11.280,13.0,94.7,172.8,
1129,11.290,37.3,97.2,165.9,
1130,11.300,40.4,100.5,156.3,
1131,11.310,23.5,105.5,146.5,
1132,11.320,11.0,109.9,136.9,
1133,11.330,-9.7,113.6,127.3,
1134,11.340,-40.0,116.9,119.9,
1135,11.350,-52.7,118.8,114.9,
1136,11.360,-57.3,120.1,109.1,
1137,11.370,-48.9,120.9,102.1,
1138,11.380,-30.5,121.8,95.2,
1139,11.390,-17.8,124.9,88.3,
1140,11.400,-18.1,129.3,81.7,
1141,11.410,-30.3,135.6,76.2,
1142,11.420,-39.6,140.4,72.4,
1143,11.430,-47.1,143.2,70.1,
1144,11.440,-49.9,145.3,69.6,
1145,11.450,-42.1,146.7,70.1,
1146,11.460,-32.9,147.8,70.3,
1147,11.470,-22.4,149.0,70.1,
1148,11.480,-6.1,150.2,69.0,
1149,11.490,2.4,152.4,67.6,
1150,11.500,11.0,154.7,66.1,
1151,11.510,22.8,157.3,64.7,
1152,11.520,37.8,158.8,62.4,
1153,11.530,50.8,160.8,59.6,
1154,11.540,66.1,164.5,56.3,
1155,11.550,84.7,167.5,51.6,
1156,11.560,103.5,170.5,45.3,
1157,11.570,130.0,172.7,37.5,
1158,11.580,158.7,174.0,27.2,
1159,11.590,177.5,176.3,15.6,
1160,11.600,203.3,176.5,1.3,
1161,11.610,221.3,175.8,-14.5,
1162,11.620,245.5,174.4,-31.6,
1163,11.630,259.3,173.1,-50.2,
1164,11.640,278.0,170.2,-70.1,
1165,11.650,303.1,165.2,-91.1,
1166,11.660,334.2,156.7,-112.9,
1167,11.670,351.1,147.2,-133.6,
1168,11.680,351.1,136.2,-154.4,
1169,11.690,302.7,129.7,-174.4,
1170,11.700,262.1,123.8,-193.4,
1171,11.710,229.2,117.7,-211.7,
1172,11.720,215.5,110.4,-228.4,
1173,11.730,208.6,101.0,-243.7,
1174,11.740,193.4,91.4,-257.3,
1175,11.750,179.1,80.9,-269.3,
1176,11.760,157.9,72.7,-280.6,
1177,11.770,142.6,65.4,-292.1,
1178,11.780,152.2,56.7,-302.6,
1179,11.790,164.1,47.4,-310.9,
1180,11.800,146.2,39.9,-318.8,
1181,11.810,131.2,30.9,-327.2,
1182,11.820,135.4,19.4,-333.1,
1183,11.830,142.0,4.1,-336.7,
1184,11.840,232.6,-26.0,-338.4,
1185,11.850,191.7,-40.2,-333.8,
1186,11.860,237.7,-53.8,-322.0,
1187,11.870,195.4,-56.5,-305.0,
1188,11.880,164.5,-56.9,-287.9,
1189,11.890,127.8,-55.8,-272.7,
1190,11.900,129.0,-60.6,-255.2,
1191,11.910,131.8,-68.9,-236.6,
1192,11.920,100.8,-75.2,-220.9,
1193,11.930,88.8,-77.9,-206.5,
1194,11.940,59.1,-78.1,-195.6,
1195,11.950,53.0,-80.1,-189.0,
1196,11.960,53.7,-85.0,-181.3,
1197,11.970,46.0,-92.1,-170.0,
1198,11.980,17.0,-97.4,-156.6,
1199,11.990,-8.6,-100.7,-144.3,
1200,12.000,-22.2,-102.2,-134.1,
1201,12.010,-33.2,-102.4,-125.4,
1202,12.020,-35.0,-103.3,-120.1,
1203,12.030,-23.7,-105.8,-114.9,
1204,12.040,-5.4,-108.3,-107.5,
1205,12.050,-10.9,-112.2,-98.9,
1206,12.060,-27.0,-115.1,-91.7,
1207,12.070,-40.9,-116.6,-87.2,
1208,12.080,-47.7,-117.1,-84.7,
1209,12.090,-47.8,-117.2,-83.4,
1210,12.100,-61.8,-117.0,-84.6,
1211,12.110,-63.0,-118.2,-86.5,
1212,12.120,-54.5,-120.7,-87.0,
1213,12.130,-53.1,-123.8,-85.9,
1214,12.140,-56.3,-128.1,-85.1,
1215,12.150,-60.4,-131.8,-84.0,
1216,12.160,-64.4,-134.3,-83.5,
1217,12.170,-58.9,-137.7,-83.8,
1218,12.180,-51.1,-140.8,-84.3,
1219,12.190,-62.4,-142.3,-85.1,
1220,12.200,-48.8,-146.4,-85.7,
1221,12.210,-59.1,-149.5,-86.2,
1222,12.220,-57.7,-153.0,-86.7,
1223,12.230,-43.0,-158.1,-86.6,
1224,12.240,-23.4,-164.4,-85.9,
1225,12.250,-5.0,-170.7,-84.0,
1226,12.260,15.4,-175.9,-79.8,
1227,12.270,38.9,-180.7,-73.1,
1228,12.280,58.1,-186.0,-65.1,
1229,12.290,78.3,-192.3,-55.8,
1230,12.300,103.5,-198.6,-44.3,
1231,12.310,118.9,-204.8,-31.7,
1232,12.320,132.2,-209.3,-17.1,
1233,12.330,142.6,-211.3,-0.4,
1234,12.340,148.9,-211.7,17.2,
1235,12.350,168.6,-213.0,35.5,
1236,12.360,183.2,-213.4,54.5,
1237,12.370,195.8,-212.6,73.5,
1238,12.380,214.2,-211.9,91.7,
1239,12.390,242.4,-209.4,109.1,
1240,12.400,251.2,-200.4,127.0,
1241,12.410,253.3,-189.3,144.3,
1242,12.420,276.6,-179.4,160.7,
1243,12.430,296.1,-168.6,177.4,
1244,12.440,292.4,-156.1,193.6,
1245,12.450,263.6,-142.1,209.7,
1246,12.460,220.8,-128.1,225.2,
1247,12.470,219.2,-119.3,239.0,
1248,12.480,257.0,-113.1,250.3,
1249,12.490,267.5,-101.7,258.7,
1250,12.500,223.1,-80.9,266.8,
1251,12.510,157.0,-59.1,274.9,
1252,12.520,127.0,-44.3,282.7,
1253,12.530,123.8,-33.0,290.6,
1254,12.540,167.4,-30.5,293.9,
1255,12.550,236.7,-32.6,291.7,
1256,12.560,226.6,-25.6,288.2,
1257,12.570,248.5,-20.0,278.1,
1258,12.580,228.0,-6.6,265.1,
1259,12.590,161.0,12.0,254.9,
1260,12.600,142.4,19.2,244.9,
1261,12.610,132.1,22.0,235.8,
1262,12.620,135.2,24.6,229.7,
1263,12.630,156.1,27.8,223.1,
1264,12.640,160.3,35.8,213.1,
1265,12.650,135.3,49.0,202.9,
1266,12.660,116.1,58.2,193.7,
1267,12.670,87.8,63.4,186.3,
1268,12.680,69.9,65.6,181.0,
1269,12.690,55.3,68.7,178.0,
1270,12.700,64.6,69.8,174.3,
1271,12.710,67.5,72.9,168.2,
1272,12.720,57.2,77.8,162.3,
1273,12.730,36.7,81.4,157.9,
1274,12.740,10.4,83.7,155.5,
1275,12.750,-9.3,83.4,154.3,
1276,12.760,-15.2,81.7,153.7,
1277,12.770,-9.9,78.7,152.9,
1278,12.780,4.4,76.5,150.9,
1279,12.790,11.5,78.1,148.4,
1280,12.800,14.0,80.6,144.5,
1281,12.810,6.2,85.4,141.0,
1282,12.820,4.2,89.1,138.3,
1283,12.830,5.7,92.2,135.6,
1284,12.840,4.6,95.2,132.4,
1285,12.850,7.2,98.4,128.7,
1286,12.860,16.6,101.7,124.9,
1287,12.870,18.6,106.6,120.7,
1288,12.880,26.6,112.4,116.2,
1289,12.890,40.6,118.0,110.7,
1290,12.900,57.6,124.1,104.1,
1291,12.910,73.5,131.6,97.5,
1292,12.920,84.2,139.6,89.8,
1293,12.930,91.5,146.8,81.2,
1294,12.940,108.8,151.5,71.4,
1295,12.950,130.9,155.0,60.4,
1296,12.960,150.6,158.1,48.3,
1297,12.970,161.9,162.5,35.6,
1298,12.980,166.4,165.6,21.4,
1299,12.990,167.8,169.0,6.4,
1300,13.000,174.4,170.6,-9.9,
1301,13.010,195.7,168.9,-28.0,
1302,13.020,212.6,166.3,-47.5,
1303,13.030,246.2,160.9,-68.0,
1304,13.040,266.8,155.6,-88.9,
1305,13.050,288.7,148.4,-110.2,
1306,13.060,303.2,140.0,-131.3,
1307,13.070,312.7,132.3,-151.6,
1308,13.080,317.4,123.4,-171.6,
1309,13.090,322.0,112.5,-191.5,
1310,13.100,331.8,100.0,-211.3,
1311,13.110,337.1,87.1,-230.2,
1312,13.120,338.1,74.6,-247.1,
1313,13.130,325.9,62.9,-261.9,
1314,13.140,299.6,54.3,-274.3,
1315,13.150,302.1,43.3,-285.4,
1316,13.160,302.1,30.9,-295.0,
1317,13.170,286.6,19.3,-304.1,
1318,13.180,289.1,5.8,-313.4,
1319,13.190,275.3,-7.6,-322.2,
1320,13.200,241.5,-16.1,-330.6,
1321,13.210,217.5,-23.6,-338.6,
1322,13.220,210.0,-32.1,-345.5,
1323,13.230,260.3,-47.4,-349.7,
1324,13.240,249.8,-62.6,-351.1,
1325,13.250,189.3,-68.2,-350.3,
1326,13.260,168.7,-80.0,-349.8,
1327,13.270,116.8,-88.2,-348.5,
1328,13.280,92.8,-95.5,-345.2,
1329,13.290,139.0,-96.7,-336.9,
1330,13.300,111.4,-90.3,-327.7,
1331,13.310,126.9,-87.1,-314.4,
1332,13.320,125.7,-83.6,-296.6,
1333,13.330,101.1,-80.0,-277.0,
1334,13.340,87.8,-80.0,-257.7,
1335,13.350,71.4,-79.3,-237.7,
1336,13.360,37.8,-74.2,-221.3,
1337,13.370,13.1,-71.4,-208.3,
1338,13.380,8.3,-72.5,-196.2,
1339,13.390,7.0,-74.9,-183.6,
1340,13.400,4.5,-78.6,-171.3,
1341,13.410,7.6,-83.9,-158.1,
1342,13.420,-2.6,-87.9,-144.5,
1343,13.430,-6.3,-91.0,-133.3,
1344,13.440,-5.4,-94.8,-123.8,
1345,13.450,-6.2,-98.6,-114.0,
1346,13.460,-7.8,-102.5,-104.5,
1347,13.470,-6.7,-106.6,-95.8,
1348,13.480,-1.6,-110.5,-88.4,
1349,13.490,-5.9,-112.9,-81.2,
1350,13.500,-17.3,-113.5,-75.5,
1351,13.510,-29.7,-112.8,-72.3,
1352,13.520,-35.3,-112.0,-71.0,
1353,13.530,-42.7,-111.6,-70.4,
1354,13.540,-53.2,-111.5,-70.1,
1355,13.550,-60.5,-113.3,-70.7,
1356,13.560,-57.3,-115.9,-71.7,
1357,13.570,-53.2,-119.2,-72.7,
1358,13.580,-57.7,-121.6,-73.4,
1359,13.590,-56.2,-122.9,-72.9,
1360,13.600,-56.1,-124.6,-72.4,
1361,13.610,-51.6,-126.2,-71.8,
1362,13.620,-48.6,-128.0,-71.7,
1363,13.630,-47.6,-130.6,-71.8,
1364,13.640,-49.4,-133.7,-71.7,
1365,13.650,-71.0,-136.2,-72.0,
1366,13.660,-31.7,-145.6,-72.6,
1367,13.670,-17.8,-153.2,-71.4,
1368,13.680,-3.1,-160.2,-68.5,
1369,13.690,17.2,-167.3,-64.6,
1370,13.700,32.2,-172.7,-58.7,
1371,13.710,44.7,-178.0,-51.9,
1372,13.720,63.8,-183.8,-43.9,
1373,13.730,78.7,-190.0,-34.8,
1374,13.740,93.2,-196.9,-25.0,
1375,13.750,89.1,-201.4,-13.7,
1376,13.760,87.7,-205.6,-1.3,
1377,13.770,98.6,-210.4,11.5,
1378,13.780,118.4,-214.2,25.8,
1379,13.790,140.6,-216.7,41.3,
1380,13.800,160.6,-218.2,57.3,
1381,13.810,187.1,-220.5,74.0,
1382,13.820,206.0,-222.2,91.1,
1383,13.830,239.3,-223.8,108.1,
1384,13.840,272.4,-222.2,125.6,
1385,13.850,279.6,-213.9,142.9,
1386,13.860,287.0,-203.7,159.4,
1387,13.870,305.4,-194.2,175.0,
1388,13.880,326.0,-184.9,191.0,
1389,13.890,334.1,-173.6,208.1,
1390,13.900,327.0,-160.2,226.1,
1391,13.910,321.2,-145.1,243.5,
1392,13.920,327.9,-130.0,259.1,
1393,13.930,360.4,-116.7,272.3,
1394,13.940,380.5,-102.7,282.9,
1395,13.950,381.5,-85.2,290.7,
1396,13.960,331.7,-60.4,296.8,
1397,13.970,243.0,-32.9,302.6,
1398,13.980,182.8,-12.9,307.4,
1399,13.990,145.9,0.9,312.4,
1400,14.000,129.9,11.0,318.0,
1401,14.010,136.4,19.7,322.9,
1402,14.020,261.5,9.9,317.9,
1403,14.030,304.5,15.0,309.2,
1404,14.040,334.7,19.5,294.8,
1405,14.050,258.9,32.5,280.9,
1406,14.060,175.4,40.2,268.9,
1407,14.070,147.9,40.2,258.5,
1408,14.080,159.8,39.6,248.5,
1409,14.090,171.9,44.7,237.6,
1410,14.100,173.5,51.1,225.5,
1411,14.110,139.0,59.9,214.4,
1412,14.120,111.3,67.4,204.4,
1413,14.130,84.5,72.9,193.8,
1414,14.140,40.0,80.0,183.3,
1415,14.150,18.4,85.3,172.2,
1416,14.160,3.0,91.5,160.2,
1417,14.170,6.8,94.6,148.5,
1418,14.180,11.7,97.8,138.5,
1419,14.190,18.6,99.3,129.3,
1420,14.200,9.5,102.4,120.8,
1421,14.210,-1.5,105.2,112.5,
1422,14.220,-2.4,106.6,104.1,
1423,14.230,-6.8,109.4,96.2,
1424,14.240,-0.6,111.8,88.1,
1425,14.250,5.7,113.5,80.9,
1426,14.260,10.3,115.1,74.9,
1427,14.270,20.5,116.6,70.4,
1428,14.280,23.7,118.2,66.9,
1429,14.290,22.0,121.0,64.5,
1430,14.300,19.3,123.5,63.3,
1431,14.310,16.3,126.7,63.4,
1432,14.320,17.0,129.1,63.6,
1433,14.330,9.6,132.9,63.8,
1434,14.340,10.1,135.9,63.7,
1435,14.350,8.5,138.5,63.0,
1436,14.360,13.5,141.4,62.6,
1437,14.370,15.2,144.8,62.1,
1438,14.380,17.2,147.5,61.5,
1439,14.390,18.6,150.1,60.6,
1440,14.400,26.4,153.0,59.4,
1441,14.410,38.3,156.3,57.7,
1442,14.420,63.1,158.0,54.6,
1443,14.430,90.7,159.0,49.4,
1444,14.440,109.1,160.8,42.1,
1445,14.450,122.2,164.3,33.3,
1446,14.460,140.9,165.5,22.1,
1447,14.470,164.7,164.8,9.2,
1448,14.480,188.8,163.2,-5.2,
1449,14.490,213.0,161.6,-21.3,
1450,14.500,227.4,158.9,-39.2,
1451,14.510,229.8,157.0,-58.0,
1452,14.520,231.0,154.3,-77.5,
1453,14.530,236.8,150.6,-97.0,
1454,14.540,264.2,141.8,-116.8,
1455,14.550,289.2,132.0,-136.5,
1456,14.560,314.4,120.7,-156.4,
1457,14.570,337.9,108.5,-176.9,
1458,14.580,344.3,96.7,-196.7,
1459,14.590,337.6,86.1,-214.6,
1460,14.600,317.0,76.8,-230.1,
1461,14.610,318.8,64.6,-244.1,
1462,14.620,330.4,49.1,-256.7,
1463,14.630,327.6,34.2,-267.8,
1464,14.640,302.7,21.5,-278.0,
1465,14.650,280.6,12.0,-288.5,
1466,14.660,243.6,4.9,-298.8,
1467,14.670,209.2,-0.9,-309.1,
1468,14.680,188.5,-8.2,-319.9,
1469,14.690,183.9,-17.0,-330.9,
1470,14.700,200.9,-26.9,-341.0,
1471,14.710,219.8,-38.1,-347.6,
1472,14.720,225.0,-50.2,-349.4,
1473,14.730,163.0,-57.4,-347.6,
1474,14.740,123.2,-66.4,-346.7,
1475,14.750,105.4,-75.0,-347.2,
1476,14.760,110.0,-80.6,-346.2,
1477,14.770,180.1,-83.1,-340.6,
1478,14.780,189.0,-81.5,-331.3,
1479,14.790,221.0,-82.6,-313.2,
1480,14.800,195.9,-82.2,-289.4,
1481,14.810,130.1,-78.8,-266.5,
1482,14.820,88.6,-76.9,-247.0,
1483,14.830,58.1,-75.6,-230.8,
1484,14.840,61.4,-77.1,-217.9,
1485,14.850,69.3,-81.9,-204.0,
1486,14.860,66.8,-87.7,-188.4,
1487,14.870,43.3,-91.2,-173.2,
1488,14.880,26.2,-93.9,-161.4,
1489,14.890,22.2,-97.2,-151.2,
1490,14.900,1.2,-97.2,-141.8,
1491,14.910,-7.3,-97.5,-134.2,
1492,14.920,2.1,-99.2,-125.4,
1493,14.930,1.8,-102.2,-114.8,
1494,14.940,-5.9,-104.9,-103.6,
1495,14.950,-12.4,-106.1,-94.1,
1496,14.960,-19.2,-105.9,-87.4,
1497,14.970,-23.6,-105.8,-82.9,
1498,14.980,-26.4,-104.3,-80.2,
1499,14.990,-31.1,-102.9,-79.0,
1500,15.000,-32.0,-102.9,-77.6,
1501,15.010,-35.4,-102.8,-74.9,
1502,15.020,-51.3,-103.6,-71.8,
1503,15.030,-55.3,-105.7,-69.3,
1504,15.040,-63.2,-106.1,-69.1,
1505,15.050,-59.0,-106.1,-70.5,
1506,15.060,-53.7,-106.1,-72.7,
1507,15.070,-48.0,-107.3,-74.3,
1508,15.080,-53.0,-106.8,-75.7,
1509,15.090,-46.0,-109.1,-76.0,
1510,15.100,-47.7,-112.1,-75.7,
1511,15.110,-52.4,-115.8,-74.5,
1512,15.120,-54.3,-119.9,-72.8,
1513,15.130,-68.5,-123.3,-71.6,
1514,15.140,-46.8,-130.4,-70.9,
1515,15.150,-28.9,-137.0,-68.8,
1516,15.160,-26.1,-142.3,-65.7,
1517,15.170,-19.6,-147.2,-62.3,
1518,15.180,-6.4,-152.4,-58.2,
1519,15.190,6.5,-158.5,-53.5,
1520,15.200,28.1,-165.4,-47.1,
1521,15.210,59.3,-172.9,-38.8,
1522,15.220,81.4,-180.1,-28.6,
1523,15.230,92.2,-185.9,-16.2,
1524,15.240,95.3,-190.9,-2.7,
1525,15.250,108.8,-195.9,11.7,
1526,15.260,127.6,-200.4,26.9,
1527,15.270,147.8,-204.0,42.8,
1528,15.280,163.1,-206.8,59.6,
1529,15.290,174.4,-207.8,77.1,
1530,15.300,176.1,-207.9,94.7,
1531,15.310,186.5,-208.6,111.8,
1532,15.320,194.5,-208.4,128.4,
1533,15.330,204.5,-206.6,143.9,
1534,15.340,220.3,-203.2,158.7,
1535,15.350,243.3,-198.4,173.2,
1536,15.360,265.5,-191.5,187.3,
1537,15.370,270.9,-182.9,201.3,
1538,15.380,277.1,-174.4,215.4,
1539,15.390,290.8,-165.3,229.7,
1540,15.400,309.6,-155.3,243.8,
1541,15.410,319.6,-143.1,256.9,
1542,15.420,343.6,-131.0,268.7,
1543,15.430,369.4,-118.2,278.9,
1544,15.440,403.7,-104.7,286.8,
1545,15.450,387.4,-84.8,293.2,
1546,15.460,369.9,-65.6,297.1,
1547,15.470,346.0,-44.7,299.6,
1548,15.480,296.4,-23.4,301.8,
1549,15.490,244.1,-5.2,304.3,
1550,15.500,204.8,9.9,307.0,
1551,15.510,156.4,25.7,310.5,
1552,15.520,145.6,36.2,313.5,
1553,15.530,151.8,46.1,314.6,
1554,15.540,211.7,40.0,308.7,
1555,15.550,260.1,39.7,299.8,
1556,15.560,223.6,44.7,288.6,
1557,15.570,153.9,48.3,278.9,
1558,15.580,125.1,47.0,270.2,
1559,15.590,127.8,45.5,262.8,
1560,15.600,152.3,46.9,254.1,
1561,15.610,170.1,52.3,243.2,
1562,15.620,162.1,61.0,231.1,
1563,15.630,129.4,70.7,218.1,
1564,15.640,80.8,81.2,206.1,
1565,15.650,49.0,88.2,194.2,
1566,15.660,29.5,94.4,182.6,
1567,15.670,27.7,98.6,171.6,
1568,15.680,30.4,102.4,159.9,
1569,15.690,37.2,105.2,146.9,
1570,15.700,33.1,108.6,133.8,
1571,15.710,29.9,111.7,120.6,
1572,15.720,21.8,115.1,107.9,
1573,15.730,11.4,118.3,96.4,
1574,15.740,12.2,119.6,86.1,
1575,15.750,20.4,119.9,77.3,
1576,15.760,35.0,119.3,70.1,
1577,15.770,52.1,118.3,63.5,
1578,15.780,63.5,118.2,57.2,
1579,15.790,65.4,119.6,52.1,
1580,15.800,68.4,120.3,47.6,
1581,15.810,57.7,124.3,44.3,
1582,15.820,49.4,128.4,42.2,
1583,15.830,44.6,131.8,41.1,
1584,15.840,53.2,131.9,40.0,
1585,15.850,54.3,133.1,39.3,
1586,15.860,55.5,134.8,38.9,
1587,15.870,64.1,135.9,38.6,
1588,15.880,58.2,138.7,38.0,
1589,15.890,72.8,140.6,36.7,
1590,15.900,63.4,145.1,35.4,
1591,15.910,60.7,150.1,33.9,
1592,15.920,64.0,154.3,31.1,
1593,15.930,68.8,157.4,27.2,
1594,15.940,72.9,160.3,22.5,
1595,15.950,70.4,164.6,17.1,
1596,15.960,81.5,165.0,10.6,
1597,15.970,79.5,165.3,3.1,
1598,15.980,78.4,164.5,-5.3,
1599,15.990,72.8,163.8,-14.2,
1600,16.000,78.5,161.7,-23.5,
1601,16.010,96.1,157.0,-34.1,
1602,16.020,106.6,152.2,-46.0,
1603,16.030,118.3,146.1,-58.7,
1604,16.040,129.5,139.6,-72.7,
1605,16.050,149.3,131.1,-87.7,
1606,16.060,171.0,122.1,-102.9,
1607,16.070,191.3,112.7,-118.1,
1608,16.080,212.5,103.6,-133.0,
1609,16.090,241.4,93.2,-147.6,
1610,16.100,268.7,81.8,-161.4,
1611,16.110,282.7,71.1,-174.7,
1612,16.120,295.7,59.3,-187.9,
1613,16.130,282.2,48.6,-200.6,
1614,16.140,250.5,40.7,-212.8,
1615,16.150,220.5,34.2,-225.0,
1616,16.160,208.7,26.6,-237.5,
1617,16.170,200.8,19.4,-249.9,
1618,16.180,187.1,14.4,-261.5,
1619,16.190,192.0,5.9,-272.5,
1620,16.200,188.4,-2.0,-283.2,
1621,16.210,190.7,-9.2,-294.1,
1622,16.220,200.4,-18.7,-305.4,
1623,16.230,189.3,-27.0,-315.4,
1624,16.240,181.8,-33.7,-323.7,
1625,16.250,164.2,-40.4,-330.2,
1626,16.260,120.8,-41.4,-336.0,
1627,16.270,83.1,-41.3,-342.8,
1628,16.280,64.3,-42.6,-349.4,
1629,16.290,80.3,-48.2,-354.3,
1630,16.300,109.8,-60.0,-357.4,
1631,16.310,183.7,-66.8,-352.4,
1632,16.320,210.8,-73.0,-339.9,
1633,16.330,188.6,-71.7,-320.3,
1634,16.340,156.9,-69.1,-299.6,
1635,16.350,126.3,-66.8,-281.7,
1636,16.360,109.4,-65.2,-264.8,
1637,16.370,85.7,-65.4,-249.9,
1638,16.380,81.8,-67.6,-236.0,
1639,16.390,94.1,-71.9,-219.9,
1640,16.400,70.6,-74.5,-204.0,
1641,16.410,52.9,-76.4,-190.4,
1642,16.420,24.1,-78.0,-178.6,
1643,16.430,7.3,-79.8,-166.9,
1644,16.440,-1.3,-82.0,-156.7,
1645,16.450,-8.3,-83.3,-146.8,
1646,16.460,-10.3,-85.4,-135.1,
1647,16.470,-25.6,-87.3,-123.4,
1648,16.480,-28.3,-90.0,-113.2,
1649,16.490,-18.8,-93.3,-104.3,
1650,16.500,-5.1,-97.3,-95.8,
1651,16.510,-8.2,-99.3,-88.3,
1652,16.520,-10.1,-100.8,-82.7,
1653,16.530,-3.2,-102.3,-77.5,
1654,16.540,-14.6,-102.9,-72.6,
1655,16.550,-42.2,-100.8,-68.6,
1656,16.560,-55.3,-99.9,-67.2,
1657,16.570,-64.6,-99.3,-67.8,
1658,16.580,-73.9,-99.3,-70.1,
1659,16.590,-75.6,-99.2,-72.3,
1660,16.600,-73.1,-100.0,-75.3,
1661,16.610,-66.0,-100.3,-78.0,
1662,16.620,-72.7,-100.0,-80.0,
1663,16.630,-78.9,-99.6,-80.9,
1664,16.640,-88.4,-100.7,-82.5,
1665,16.650,-94.9,-102.2,-83.9,
1666,16.660,-88.9,-105.3,-85.2,
1667,16.670,-68.4,-109.6,-85.2,
1668,16.680,-49.5,-115.8,-84.7,
1669,16.690,-40.2,-121.4,-83.0,
1670,16.700,-33.2,-126.6,-80.7,
1671,16.710,-22.6,-131.7,-78.5,
1672,16.720,-20.3,-136.0,-76.7,
1673,16.730,-12.1,-140.3,-74.7,
1674,16.740,4.3,-145.8,-72.5,
1675,16.750,28.6,-152.8,-69.9,
1676,16.760,67.9,-160.9,-65.1,
1677,16.770,86.3,-167.2,-58.0,
1678,16.780,96.5,-173.6,-49.4,
1679,16.790,98.0,-178.2,-39.0,
1680,16.800,101.5,-182.4,-27.6,
1681,16.810,112.3,-186.0,-15.3,
1682,16.820,133.5,-190.3,-2.0,
1683,16.830,151.5,-193.8,12.8,
1684,16.840,163.6,-197.4,28.3,
1685,16.850,178.5,-200.6,44.4,
1686,16.860,192.6,-202.8,60.6,
1687,16.870,210.8,-203.4,77.0,
1688,16.880,221.0,-200.7,93.4,
1689,16.890,224.2,-196.0,109.0,
1690,16.900,231.5,-190.6,124.3,
1691,16.910,247.1,-185.6,139.6,
1692,16.920,272.3,-181.2,154.8,
1693,16.930,299.6,-175.8,170.5,
1694,16.940,307.3,-165.9,187.0,
1695,16.950,292.4,-152.3,203.7,
1696,16.960,304.2,-141.2,219.3,
1697,16.970,328.3,-131.3,233.6,
1698,16.980,348.4,-120.3,246.4,
1699,16.990,358.6,-107.0,257.7,
1700,17.000,352.2,-91.6,267.9,
1701,17.010,318.5,-73.9,276.3,
1702,17.020,251.9,-54.6,284.1,
1703,17.030,213.4,-41.4,291.0,
1704,17.040,173.0,-30.3,297.5,
1705,17.050,138.1,-20.2,305.0,
1706,17.060,126.5,-13.0,313.7,
1707,17.070,126.2,-4.3,321.4,
1708,17.080,166.1,2.6,326.2,
1709,17.090,278.8,-4.1,321.5,
1710,17.100,333.5,0.4,312.8,
1711,17.110,252.3,14.6,303.6,
1712,17.120,195.3,19.7,292.8,
1713,17.130,162.1,22.6,282.2,
1714,17.140,184.7,22.5,270.2,
1715,17.150,197.3,28.0,253.6,
1716,17.160,170.7,39.9,235.7,
1717,17.170,111.8,54.9,219.9,
1718,17.180,70.3,65.5,206.1,
1719,17.190,61.3,71.7,193.1,
1720,17.200,64.2,76.3,181.2,
1721,17.210,80.8,79.5,169.1,
1722,17.220,77.3,87.0,154.7,
1723,17.230,63.5,95.8,139.9,
1724,17.240,31.3,106.0,126.6,
1725,17.250,17.3,111.6,115.6,
1726,17.260,-2.0,116.1,107.2,
1727,17.270,-4.3,118.0,100.3,
1728,17.280,5.6,116.4,95.0,
1729,17.290,9.8,116.3,88.7,
1730,17.300,17.7,117.9,81.8,
1731,17.310,18.2,119.3,75.2,
1732,17.320,14.3,120.7,69.8,
1733,17.330,14.5,119.6,66.3,
1734,17.340,7.4,119.1,65.6,
1735,17.350,11.7,117.8,67.1,
1736,17.360,9.3,117.1,70.1,
1737,17.370,8.3,116.8,74.2,
1738,17.380,8.9,117.7,77.6,
1739,17.390,-3.6,121.0,80.4,
1740,17.400,-2.1,122.4,82.1,
1741,17.410,-1.0,123.5,82.2,
1742,17.420,2.8,125.2,81.8,
1743,17.430,13.4,125.7,80.7,
1744,17.440,22.7,126.9,79.3,
1745,17.450,31.1,128.4,77.5,
1746,17.460,41.7,130.6,75.0,
1747,17.470,41.1,134.2,71.8,
1748,17.480,37.6,139.0,68.3,
1749,17.490,49.7,142.3,63.8,
1750,17.500,61.3,145.3,58.5,
1751,17.510,78.1,147.3,51.3,
1752,17.520,89.8,149.3,42.5,
1753,17.530,101.9,150.2,32.9,
1754,17.540,114.5,149.6,22.9,
1755,17.550,121.3,148.7,12.8,
1756,17.560,143.1,145.8,1.7,
1757,17.570,148.3,143.4,-10.4,
1758,17.580,150.0,141.2,-22.5,
1759,17.590,157.0,137.6,-35.1,
1760,17.600,169.2,133.5,-47.9,
1761,17.610,182.5,127.3,-61.0,
1762,17.620,183.0,121.5,-74.2,
1763,17.630,184.0,115.1,-87.9,
1764,17.640,188.0,108.0,-102.2,
1765,17.650,196.4,100.6,-117.1,
1766,17.660,209.1,93.4,-132.8,
1767,17.670,232.4,85.4,-148.9,
1768,17.680,266.8,74.5,-165.3,
1769,17.690,279.1,64.3,-180.6,
1770,17.700,257.4,56.4,-194.8,
1771,17.710,217.2,51.8,-208.1,
1772,17.720,183.2,47.9,-221.4,
1773,17.730,168.9,44.9,-235.0,
1774,17.740,173.0,41.6,-248.7,
1775,17.750,163.8,38.9,-262.8,
1776,17.760,145.9,37.7,-277.5,
1777,17.770,142.2,35.4,-292.7,
1778,17.780,138.4,33.3,-307.3,
1779,17.790,147.7,30.3,-320.5,
1780,17.800,152.6,28.7,-331.2,
1781,17.810,192.5,21.2,-339.8,
1782,17.820,193.1,15.5,-346.8,
1783,17.830,195.3,7.8,-354.1,
1784,17.840,198.4,-0.9,-360.1,
1785,17.850,193.1,-10.3,-364.2,
1786,17.860,171.8,-20.0,-367.9,
1787,17.870,157.7,-27.6,-369.1,
1788,17.880,219.8,-34.3,-361.4,
1789,17.890,246.1,-41.4,-345.3,
1790,17.900,319.2,-58.6,-323.0,
1791,17.910,180.7,-49.7,-300.0,
1792,17.920,159.5,-47.5,-277.6,
1793,17.930,115.8,-46.6,-259.3,
1794,17.940,136.4,-51.3,-241.8,
1795,17.950,141.9,-59.0,-221.6,
1796,17.960,118.9,-66.8,-201.5,
1797,17.970,97.7,-72.1,-185.2,
1798,17.980,84.7,-76.6,-172.9,
1799,17.990,84.0,-82.3,-162.2,
1800,18.000,58.5,-85.7,-153.6,
1801,18.010,60.7,-90.3,-144.4,
1802,18.020,49.0,-94.4,-132.0,
1803,18.030,14.8,-97.0,-118.7,
1804,18.040,6.5,-98.7,-107.8,
1805,18.050,-8.4,-98.6,-100.1,
1806,18.060,-20.3,-97.8,-94.0,
1807,18.070,-38.0,-97.2,-91.1,
1808,18.080,-30.5,-97.4,-89.4,
1809,18.090,-20.4,-98.8,-86.7,
1810,18.100,-27.0,-99.1,-82.8,
1811,18.110,-45.0,-98.1,-79.7,
1812,18.120,-53.5,-97.0,-79.1,
1813,18.130,-47.3,-96.5,-80.6,
1814,18.140,-43.3,-95.8,-83.1,
1815,18.150,-50.1,-94.8,-86.4,
1816,18.160,-49.9,-94.8,-89.9,
1817,18.170,-39.1,-95.8,-92.7,
1818,18.180,-34.5,-97.0,-92.8,
1819,18.190,-42.3,-99.4,-91.2,
1820,18.200,-42.7,-101.9,-88.0,
1821,18.210,-47.7,-105.5,-85.2,
1822,18.220,-50.5,-106.9,-82.7,
1823,18.230,-49.2,-111.2,-80.7,
1824,18.240,-42.3,-116.4,-78.9,
1825,18.250,-34.7,-121.8,-76.8,
1826,18.260,-26.2,-127.6,-74.1,
1827,18.270,-21.8,-133.9,-71.4,
1828,18.280,-16.4,-139.0,-68.0,
1829,18.290,-19.3,-143.3,-64.4,
1830,18.300,1.9,-150.1,-60.4,
1831,18.310,22.6,-156.9,-54.5,
1832,18.320,32.6,-162.2,-47.4,
1833,18.330,53.6,-168.5,-39.4,
1834,18.340,49.4,-172.7,-30.3,
1835,18.350,46.0,-176.5,-20.7,
1836,18.360,54.9,-180.3,-10.7,
1837,18.370,68.8,-184.0,-0.5,
1838,18.380,86.4,-187.3,10.4,
1839,18.390,99.2,-189.0,22.3,
1840,18.400,116.1,-190.6,35.2,
1841,18.410,133.1,-192.1,48.6,
1842,18.420,152.1,-194.3,62.3,
1843,18.430,166.4,-195.7,76.0,
1844,18.440,177.9,-195.4,89.8,
1845,18.450,199.5,-193.7,103.3,
1846,18.460,220.6,-189.6,117.1,
1847,18.470,238.5,-183.4,130.7,
1848,18.480,246.0,-175.2,144.5,
1849,18.490,249.8,-166.4,158.8,
1850,18.500,263.6,-159.1,173.2,
1851,18.510,270.1,-148.9,187.7,
1852,18.520,271.7,-137.2,202.0,
1853,18.530,280.5,-125.5,215.8,
1854,18.540,297.5,-115.0,228.3,
1855,18.550,321.7,-105.7,239.4,
1856,18.560,348.9,-94.6,248.8,
1857,18.570,349.2,-79.3,256.5,
1858,18.580,321.2,-61.5,262.2,
1859,18.590,277.2,-43.9,266.8,
1860,18.600,230.9,-28.1,271.9,
1861,18.610,192.6,-15.1,277.6,
1862,18.620,156.7,-3.9,284.4,
1863,18.630,121.9,7.8,293.5,
1864,18.640,125.2,16.6,303.5,
1865,18.650,133.4,26.7,312.6,
1866,18.660,156.4,37.6,319.0,
1867,18.670,219.1,35.5,315.9,
1868,18.680,192.6,41.9,310.1,
1869,18.690,155.4,41.6,302.4,
1870,18.700,107.8,37.5,293.6,
1871,18.710,83.2,31.9,284.9,
1872,18.720,92.2,26.5,273.3,
1873,18.730,118.5,25.4,257.8,
1874,18.740,134.8,30.5,241.0,
1875,18.750,120.7,38.0,226.1,
1876,18.760,103.9,43.6,212.6,
1877,18.770,68.4,51.8,199.6,
1878,18.780,55.2,59.4,186.0,
1879,18.790,42.1,69.9,170.3,
1880,18.800,41.0,80.1,152.6,
1881,18.810,25.7,91.2,134.8,
1882,18.820,21.7,98.0,119.1,
1883,18.830,25.0,102.7,106.4,
1884,18.840,31.9,106.1,95.9,
1885,18.850,26.7,110.9,87.2,
1886,18.860,18.9,114.9,77.8,
1887,18.870,5.1,119.9,68.8,
1888,18.880,-1.8,124.1,60.4,
1889,18.890,3.4,127.1,52.7,
1890,18.900,14.6,126.6,46.6,
1891,18.910,13.9,125.7,43.2,
1892,18.920,18.4,124.2,42.4,
1893,18.930,8.1,124.8,43.7,
1894,18.940,3.9,124.7,46.3,
1895,18.950,1.4,126.0,49.1,
1896,18.960,5.4,127.6,51.5,
1897,18.970,10.1,128.8,53.2,
1898,18.980,6.0,131.8,55.1,
1899,18.990,0.0,134.6,56.7,
1900,19.000,-9.9,137.6,58.7,
1901,19.010,-17.2,138.8,60.8,
1902,19.020,-21.9,139.1,62.8,
1903,19.030,-23.3,139.9,65.4,
1904,19.040,-19.8,140.3,67.6,
1905,19.050,-11.4,140.6,68.9,
1906,19.060,3.1,141.3,69.2,
1907,19.070,23.3,142.5,67.7,
1908,19.080,42.5,144.9,64.6,
1909,19.090,58.2,147.2,59.7,
1910,19.100,82.2,148.0,52.7,
1911,19.110,97.2,148.8,44.4,
1912,19.120,114.0,148.9,35.4,
1913,19.130,130.4,148.4,25.5,
1914,19.140,137.7,148.3,14.8,
1915,19.150,143.9,148.3,3.7,
1916,19.160,153.6,148.1,-7.8,
1917,19.170,169.6,147.5,-19.4,
1918,19.180,183.3,145.6,-31.7,
1919,19.190,194.6,142.8,-45.2,
1920,19.200,212.1,139.1,-59.8,
1921,19.210,243.5,133.2,-76.0,
1922,19.220,270.6,126.0,-93.5,
1923,19.230,282.3,119.8,-111.3,
1924,19.240,283.5,115.9,-128.7,
1925,19.250,290.2,111.1,-145.8,
1926,19.260,311.6,102.2,-162.7,
1927,19.270,322.7,92.7,-178.5,
1928,19.280,318.5,83.8,-193.2,
1929,19.290,306.0,74.6,-207.0,
1930,19.300,300.1,64.8,-220.0,
1931,19.310,297.2,55.7,-231.9,
1932,19.320,306.2,45.5,-243.0,
1933,19.330,287.7,36.9,-253.2,
1934,19.340,257.9,30.6,-263.3,
1935,19.350,252.2,20.9,-273.9,
1936,19.360,262.9,7.9,-284.5,
1937,19.370,268.3,-5.5,-293.5,
1938,19.380,279.9,-20.2,-300.2,
1939,19.390,302.9,-37.5,-304.2,
1940,19.400,309.9,-57.3,-306.1,
1941,19.410,240.7,-68.8,-307.1,
1942,19.420,194.8,-80.3,-307.8,
1943,19.430,136.2,-87.4,-307.9,
1944,19.440,73.8,-93.6,-309.6,
1945,19.450,23.9,-98.4,-312.1,
1946,19.460,79.0,-99.4,-310.1,
1947,19.470,122.7,-99.3,-299.6,
1948,19.480,163.7,-100.5,-281.4,
1949,19.490,160.1,-97.4,-262.0,
1950,19.500,136.9,-93.7,-243.5,
1951,19.510,114.4,-90.8,-229.7,
1952,19.520,105.8,-91.2,-220.0,
1953,19.530,86.4,-89.2,-205.7,
1954,19.540,46.3,-88.2,-188.4,
1955,19.550,8.4,-87.6,-173.8,
1956,19.560,-0.4,-87.2,-162.1,
1957,19.570,0.9,-87.9,-153.4,
1958,19.580,1.8,-90.0,-148.5,
1959,19.590,23.9,-93.4,-142.5,
1960,19.600,31.6,-97.4,-131.7,
1961,19.610,3.5,-100.0,-118.6,
1962,19.620,-19.2,-100.7,-107.8,
1963,19.630,-31.3,-99.7,-99.9,
1964,19.640,-46.1,-97.2,-94.7,
1965,19.650,-53.5,-95.1,-92.8,
1966,19.660,-30.2,-95.9,-91.2,
1967,19.670,-7.6,-99.3,-86.3,
1968,19.680,-9.9,-102.1,-78.5,
1969,19.690,-28.0,-103.5,-71.3,
1970,19.700,-35.2,-104.9,-67.0,
1971,19.710,-35.3,-106.3,-65.6,
1972,19.720,-38.8,-105.8,-66.2,
1973,19.730,-47.7,-104.4,-68.5,
1974,19.740,-46.3,-103.5,-71.2,
1975,19.750,-42.2,-104.0,-72.0,
1976,19.760,-43.6,-105.4,-70.4,
1977,19.770,-45.4,-106.4,-67.7,
1978,19.780,-52.9,-109.5,-66.0,
1979,19.790,-54.9,-112.3,-66.0,
1980,19.800,-55.2,-114.4,-66.9,
1981,19.810,-50.2,-116.4,-68.2,
1982,19.820,-46.0,-118.0,-69.3,
1983,19.830,-39.7,-120.7,-70.6,
1984,19.840,-31.7,-124.8,-71.4,
1985,19.850,-18.9,-129.1,-71.2,
1986,19.860,-15.0,-133.2,-69.7,
1987,19.870,-4.9,-138.5,-66.9,
1988,19.880,6.8,-145.3,-63.0,
1989,19.890,14.0,-152.2,-58.1,
1990,19.900,22.5,-159.0,-52.2,
1991,19.910,29.5,-165.6,-45.5,
1992,19.920,37.3,-171.3,-37.7,
1993,19.930,44.1,-177.5,-29.6,
1994,19.940,52.7,-183.2,-20.8,
1995,19.950,64.4,-187.6,-11.8,
1996,19.960,76.8,-191.8,-2.3,
1997,19.970,84.4,-195.2,7.2,
1998,19.980,84.5,-196.4,17.8,
1999,19.990,88.4,-197.6,28.5,
2000,20.000,103.9,-199.8,39.4,
2001,20.010,124.5,-203.3,50.8,
2002,20.020,150.9,-206.1,64.1,
2003,20.030,193.1,-208.7,79.2,
2004,20.040,231.4,-208.9,96.1,
2005,20.050,267.6,-205.7,113.6,
2006,20.060,286.5,-198.5,131.7,
2007,20.070,287.1,-189.4,149.5,
2008,20.080,298.9,-181.1,167.1,
2009,20.090,319.5,-171.6,184.3,
2010,20.100,309.9,-157.9,201.0,
2011,20.110,295.6,-143.2,216.7,
2012,20.120,291.1,-129.2,231.5,
2013,20.130,291.8,-116.3,245.3,
2014,20.140,321.9,-106.7,257.7,
2015,20.150,350.6,-94.6,269.2,
2016,20.160,353.1,-77.9,278.5,
2017,20.170,325.9,-59.4,284.9,
2018,20.180,275.2,-39.2,290.6,
2019,20.190,225.6,-22.5,295.6,
2020,20.200,167.9,-7.6,301.3,
2021,20.210,103.9,6.0,309.1,
2022,20.220,67.0,14.7,318.7,
2023,20.230,65.6,20.1,327.8,
2024,20.240,117.3,18.1,332.7,
2025,20.250,218.4,8.5,329.5,
2026,20.260,207.2,11.1,323.0,
2027,20.270,183.3,11.9,315.2,
2028,20.280,138.4,9.8,307.4,
2029,20.290,111.0,6.4,302.7,
2030,20.300,144.6,1.6,296.8,
2031,20.310,204.5,0.1,285.8,
2032,20.320,209.6,11.3,273.4,
2033,20.330,195.5,24.0,260.2,
2034,20.340,165.2,35.5,245.4,
2035,20.350,89.1,48.5,230.6,
2036,20.360,34.2,58.3,218.3,
2037,20.370,23.5,63.5,205.6,
2038,20.380,57.3,63.8,190.1,
2039,20.390,69.4,68.2,173.6,
2040,20.400,67.4,73.7,158.6,
2041,20.410,63.7,78.2,144.7,
2042,20.420,56.9,82.6,132.8,
2043,20.430,45.9,88.0,123.6,
2044,20.440,34.4,92.2,114.5,
2045,20.450,36.4,93.8,104.2,
2046,20.460,39.9,96.3,94.1,
2047,20.470,53.5,98.0,84.4,
2048,20.480,62.0,99.4,75.8,
2049,20.490,62.8,100.9,69.4,
2050,20.500,65.2,102.6,64.8,
2051,20.510,54.1,106.0,62.0,
2052,20.520,46.1,109.7,60.9,
2053,20.530,53.6,112.2,60.3,
2054,20.540,57.8,114.9,59.9,
2055,20.550,57.8,116.7,59.0,
2056,20.560,50.0,120.5,58.0,
2057,20.570,43.1,123.7,56.4,
2058,20.580,34.6,127.7,54.7,
2059,20.590,27.1,131.1,53.4,
2060,20.600,22.2,134.3,51.9,
2061,20.610,29.4,137.0,49.9,
2062,20.620,34.5,140.6,47.0,
2063,20.630,38.9,143.9,43.0,
2064,20.640,49.7,146.6,37.8,
2065,20.650,68.0,148.1,31.4,
2066,20.660,74.5,151.9,24.0,
2067,20.670,81.5,154.7,15.7,
2068,20.680,90.0,155.2,6.2,
2069,20.690,99.4,154.8,-3.5,
2070,20.700,107.5,154.8,-13.1,
2071,20.710,111.9,155.0,-22.1,
2072,20.720,115.7,154.5,-30.6,
2073,20.730,118.7,152.6,-38.9,
2074,20.740,115.3,151.9,-46.6,
2075,20.750,121.6,149.0,-54.7,
2076,20.760,130.6,145.6,-62.7,
2077,20.770,149.4,140.3,-71.0,
2078,20.780,158.0,136.5,-79.5,
2079,20.790,164.2,134.0,-88.3,
2080,20.800,176.3,129.6,-97.7,
2081,20.810,186.0,124.9,-107.5,
2082,20.820,190.3,120.8,-117.1,
2083,20.830,204.9,115.1,-126.8,
2084,20.840,231.9,106.1,-136.7,
2085,20.850,257.0,96.2,-146.2,
2086,20.860,268.7,88.1,-155.0,
2087,20.870,267.5,81.7,-162.7,
2088,20.880,257.7,75.3,-170.0,
2089,20.890,255.2,68.1,-177.0,
2090,20.900,264.5,59.1,-183.7,
2091,20.910,268.1,48.3,-189.9,
2092,20.920,241.0,40.6,-195.3,
2093,20.930,211.5,36.1,-200.2,
2094,20.940,193.4,31.7,-204.7,
2095,20.950,175.0,27.8,-208.4,
2096,20.960,159.4,23.4,-211.1,
2097,20.970,154.4,17.3,-212.1,
2098,20.980,141.7,10.7,-211.5,
2099,20.990,129.0,5.0,-209.7,
2100,21.000,127.4,-1.1,-207.6,
2101,21.010,117.8,-5.1,-205.4,
2102,21.020,114.6,-8.6,-202.1,
2103,21.030,102.4,-12.0,-198.5,
2104,21.040,67.0,-13.3,-195.3,
2105,21.050,47.3,-15.1,-192.2,
2106,21.060,58.0,-19.5,-188.7,
2107,21.070,65.6,-25.0,-183.8,
2108,21.080,68.1,-31.3,-177.9,
2109,21.090,60.6,-38.1,-171.5,
2110,21.100,57.4,-44.7,-165.6,
2111,21.110,68.6,-51.1,-160.3,
2112,21.120,77.7,-56.7,-155.5,
2113,21.130,71.1,-61.0,-151.2,
2114,21.140,47.9,-63.6,-147.9,
2115,21.150,22.4,-65.4,-145.6,
2116,21.160,22.2,-69.1,-143.2,
2117,21.170,26.2,-73.1,-140.5,
2118,21.180,29.6,-77.5,-136.7,
2119,21.190,22.6,-81.6,-132.3,
2120,21.200,1.2,-84.2,-127.5,
2121,21.210,-11.5,-87.8,-123.3,
2122,21.220,-6.4,-92.0,-119.1,
2123,21.230,-1.3,-95.8,-114.8,
2124,21.240,-0.5,-99.1,-110.4,
2125,21.250,-14.3,-100.7,-106.2,
2126,21.260,-26.1,-103.0,-103.2,
2127,21.270,-23.9,-105.8,-100.6,
2128,21.280,-12.0,-109.8,-98.0,
2129,21.290,2.6,-113.8,-94.8,
2130,21.300,6.3,-116.3,-90.5,
2131,21.310,3.4,-118.0,-85.4,
2132,21.320,-5.3,-120.2,-80.0,
2133,21.330,-22.9,-120.9,-73.9,
2134,21.340,-41.6,-121.2,-68.1,
2135,21.350,-42.4,-122.7,-62.7,
2136,21.360,-28.3,-125.7,-57.1,
2137,21.370,-26.4,-127.3,-50.9,
2138,21.380,-28.1,-128.2,-44.8,
2139,21.390,-41.9,-127.6,-39.1,
2140,21.400,-58.2,-126.2,-34.1,
2141,21.410,-63.9,-125.7,-29.8,
2142,21.420,-60.5,-124.9,-25.0,
2143,21.430,-45.8,-125.2,-19.7,
2144,21.440,-27.8,-126.4,-13.7,
2145,21.450,-11.2,-127.2,-6.4,
2146,21.460,-3.0,-127.6,1.2,
2147,21.470,1.3,-127.1,8.6,
2148,21.480,2.9,-125.9,15.4,
2149,21.490,1.8,-123.8,21.5,
2150,21.500,-1.7,-120.6,26.8,
2151,21.510,-4.7,-117.2,31.3,
2152,21.520,-5.8,-113.6,35.5,
2153,21.530,-5.1,-109.7,39.4,
2154,21.540,-5.9,-105.8,42.8,
2155,21.550,-6.5,-102.4,46.2,
2156,21.560,-4.5,-98.6,49.5,
2157,21.570,-8.2,-94.5,53.0,
2158,21.580,-6.4,-91.1,56.5,
2159,21.590,-0.6,-88.0,60.5,
2160,21.600,8.2,-85.6,64.5,
2161,21.610,14.2,-82.6,68.7,
2162,21.620,17.2,-79.5,72.4,
2163,21.630,21.3,-76.3,76.2,
2164,21.640,17.6,-71.9,79.2,
2165,21.650,20.7,-68.9,81.2,
2166,21.660,29.3,-66.8,82.9,
2167,21.670,34.1,-64.9,84.4,
2168,21.680,25.7,-62.1,85.9,
2169,21.690,13.4,-59.8,87.2,
2170,21.700,0.0,-57.8,87.8,
2171,21.710,-7.6,-56.8,87.6,
2172,21.720,-11.3,-56.0,86.9,
2173,21.730,-8.8,-55.8,85.9,
2174,21.740,-5.3,-55.5,85.0,
2175,21.750,-0.9,-54.9,83.9,
2176,21.760,5.3,-54.1,82.8,
2177,21.770,15.6,-53.6,81.4,
2178,21.780,19.5,-52.3,80.1,
2179,21.790,18.4,-50.2,78.9,
2180,21.800,11.8,-47.9,77.8,
2181,21.810,0.7,-44.8,76.6,
2182,21.820,-8.9,-41.8,75.2,
2183,21.830,-9.3,-39.7,73.4,
2184,21.840,-2.0,-38.3,71.1,
2185,21.850,1.6,-36.1,68.5,
2186,21.860,5.6,-34.2,65.9,
2187,21.870,7.9,-32.2,63.6,
2188,21.880,9.6,-30.1,61.3,
2189,21.890,12.5,-28.0,59.2,
2190,21.900,12.7,-25.4,56.9,
2191,21.910,9.0,-21.9,54.7,
2192,21.920,4.6,-18.1,52.5,
2193,21.930,4.1,-14.8,50.2,
2194,21.940,4.5,-11.5,48.1,
2195,21.950,1.7,-8.1,45.9,
2196,21.960,0.3,-4.8,44.1,
2197,21.970,3.8,-2.1,42.3,
2198,21.980,6.2,0.2,40.3,
2199,21.990,5.4,3.1,38.8,
2200,22.000,5.4,5.7,37.4,
2201,22.010,2.1,8.3,36.2,
2202,22.020,-0.4,10.7,35.1,
2203,22.030,2.5,12.6,33.6,
2204,22.040,3.5,14.3,32.1,
2205,22.050,3.2,16.3,30.4,
2206,22.060,1.4,18.3,28.9,
2207,22.070,3.0,19.4,27.1,
2208,22.080,1.3,21.1,25.7,
2209,22.090,-5.2,22.8,24.5,
2210,22.100,-7.8,24.4,23.5,
2211,22.110,-8.2,25.2,22.4,
2212,22.120,-15.1,26.9,21.6,
2213,22.130,-17.2,27.5,20.6,
2214,22.140,-21.4,28.0,19.6,
2215,22.150,-22.8,27.9,18.6,
2216,22.160,-22.8,27.8,17.6,
2217,22.170,-24.0,27.3,16.8,
2218,22.180,-26.0,27.0,16.2,
2219,22.190,-27.1,26.6,15.3,
2220,22.200,-29.3,26.2,14.6,
2221,22.210,-32.2,25.6,13.9,
2222,22.220,-37.9,25.2,13.2,
2223,22.230,-41.1,24.3,12.5,
2224,22.240,-39.6,22.9,11.8,
2225,22.250,-35.8,21.4,10.9,
2226,22.260,-30.0,19.7,9.8,
2227,22.270,-25.0,17.9,9.0,
2228,22.280,-18.9,16.2,8.1,
2229,22.290,-15.9,14.8,6.9,
2230,22.300,-14.9,13.5,6.2,
2231,22.310,-13.1,12.1,5.1,
2232,22.320,-13.9,10.9,4.1,
2233,22.330,-11.8,9.3,2.8,
2234,22.340,-7.9,7.4,1.6,
2235,22.350,-6.2,5.9,0.4,
2236,22.360,-7.3,5.0,-0.2,
2237,22.370,-12.1,4.8,-0.5,
2238,22.380,-13.5,4.6,-0.9,
2239,22.390,-11.6,4.2,-1.2,
2240,22.400,-8.7,3.5,-1.5,
2241,22.410,-6.8,3.2,-1.9,
2242,22.420,-7.2,3.2,-2.1,
2243,22.430,-8.1,3.2,-2.2,
2244,22.440,-8.2,3.2,-2.1,
2245,22.450,-6.7,3.2,-1.8,
2246,22.460,-5.6,3.2,-1.5,
2247,22.470,-4.2,3.4,-1.3,
2248,22.480,-4.2,3.4,-1.4,
2249,22.490,-5.0,3.9,-1.5,
2250,22.500,-8.4,4.7,-1.6,
2251,22.510,-9.9,5.2,-1.8,
2252,22.520,-10.0,5.7,-2.0,
2253,22.530,-9.7,5.9,-2.2,
2254,22.540,-7.9,6.2,-2.3,
2255,22.550,-3.4,5.8,-2.3,
2256,22.560,0.9,5.4,-2.1,
2257,22.570,4.2,4.5,-2.0,
2258,22.580,6.3,3.9,-1.8,
2259,22.590,7.5,3.3,-1.3,
2260,22.600,9.3,2.7,-0.9,
2261,22.610,9.2,2.4,-0.3,
2262,22.620,9.8,2.2,0.4,
2263,22.630,9.6,2.1,1.5,
2264,22.640,9.7,2.1,2.5,
2265,22.650,9.3,2.3,3.7,
2266,22.660,7.5,2.4,4.9,
2267,22.670,3.4,2.3,6.2,
2268,22.680,-2.0,2.3,7.6,
2269,22.690,-6.4,2.0,9.0,
2270,22.700,-9.2,1.3,10.4,
2271,22.710,-9.2,0.2,11.8,
2272,22.720,-6.4,-1.0,13.0,
2273,22.730,-2.6,-2.3,14.2,
2274,22.740,0.2,-3.5,15.3,
2275,22.750,0.7,-4.3,16.1,
2276,22.760,1.1,-4.9,16.6,
2277,22.770,2.4,-5.3,16.8,
2278,22.780,3.5,-5.4,16.8,
2279,22.790,5.3,-5.4,16.5,
2280,22.800,8.8,-5.4,16.2,
2281,22.810,11.6,-5.2,15.7,
2282,22.820,12.0,-4.8,15.3,
2283,22.830,10.0,-4.0,14.8,
2284,22.840,8.3,-3.5,14.5,
2285,22.850,8.9,-3.2,14.1,
2286,22.860,10.3,-2.9,13.5,
2287,22.870,11.8,-2.6,13.0,
2288,22.880,15.1,-2.4,12.3,
2289,22.890,17.5,-2.2,11.5,
2290,22.900,18.2,-1.8,10.7,
2291,22.910,14.6,-0.7,9.6,
2292,22.920,11.2,0.2,8.4,
2293,22.930,7.0,1.5,7.3,
2294,22.940,4.0,2.6,5.9,
2295,22.950,3.3,3.5,4.5,
2296,22.960,4.2,4.3,3.2,
2297,22.970,4.2,4.9,2.0,
2298,22.980,6.0,5.6,0.9,
2299,22.990,6.6,6.3,0.0,
2300,23.000,4.7,6.9,-0.7,
2301,23.010,3.7,7.2,-1.2,
2302,23.020,1.8,7.4,-1.6,
2303,23.030,0.5,7.4,-1.8,
2304,23.040,2.0,6.7,-2.1,
2305,23.050,3.7,5.9,-2.4,
2306,23.060,6.7,5.1,-2.6,
2307,23.070,7.1,4.6,-2.8,
2308,23.080,7.1,4.4,-2.9,
2309,23.090,5.0,4.3,-3.2,
2310,23.100,3.8,4.3,-3.5,
2311,23.110,2.3,4.4,-3.8,
2312,23.120,1.6,4.3,-4.3,
2313,23.130,2.2,4.3,-4.4,
2314,23.140,4.6,4.2,-4.8,
2315,23.150,6.3,4.3,-4.8,
2316,23.160,7.2,4.5,-4.8,
2317,23.170,7.8,4.5,-4.8,
2318,23.180,8.0,4.8,-4.8,
2319,23.190,9.0,4.9,-4.9,
2320,23.200,10.7,4.8,-5.0,
2321,23.210,9.7,5.1,-5.3,
2322,23.220,7.7,5.6,-5.5,
2323,23.230,8.3,5.9,-5.6,
2324,23.240,9.5,6.0,-5.8,
2325,23.250,11.8,6.0,-6.1,
2326,23.260,13.9,6.0,-6.3,
2327,23.270,14.8,6.0,-6.8,
2328,23.280,15.6,6.0,-7.1,
2329,23.290,17.6,5.7,-7.3,
2330,23.300,18.9,5.4,-7.4,
2331,23.310,20.9,4.9,-7.3,
2332,23.320,22.5,4.5,-7.1,
2333,23.330,21.9,4.1,-6.5,
2334,23.340,20.2,3.8,-5.9,
2335,23.350,18.2,3.3,-5.1,
2336,23.360,14.8,3.0,-4.5,
2337,23.370,10.2,2.8,-3.8,
2338,23.380,4.8,2.7,-3.2,
2339,23.390,1.0,2.6,-2.6,
2340,23.400,-0.5,2.3,-2.0,
2341,23.410,0.0,1.8,-1.5,
2342,23.420,0.9,1.3,-1.1,
2343,23.430,1.5,0.7,-0.7,
2344,23.440,1.1,0.2,-0.2,
2345,23.450,0.2,-0.2,0.1,
2346,23.460,-0.7,-0.7,0.5,
2347,23.470,-2.3,-0.9,1.0,
2348,23.480,-2.4,-1.3,1.4,
2349,23.490,-1.5,-1.7,1.8,
2350,23.500,-0.5,-2.2,2.2,
2351,23.510,0.5,-2.7,2.7,
2352,23.520,1.0,-3.1,2.8,
2353,23.530,0.6,-3.2,3.1,
2354,23.540,-0.6,-3.3,3.2,
2355,23.550,-1.2,-3.2,3.1,
2356,23.560,-1.2,-3.1,2.9,
2357,23.570,-0.6,-2.8,2.5,
2358,23.580,-0.2,-2.6,2.1,
2359,23.590,0.3,-2.2,1.8,
2360,23.600,0.5,-2.0,1.3,
2361,23.610,0.3,-1.6,0.9,
2362,23.620,1.7,-1.5,0.3,
2363,23.630,3.5,-1.2,-0.1,
2364,23.640,4.3,-0.7,-0.4,
2365,23.650,4.0,-0.4,-0.7,
2366,23.660,2.9,0.2,-0.7,
2367,23.670,0.5,0.8,-0.9,
2368,23.680,-2.3,1.2,-0.9,
2369,23.690,-4.3,1.6,-0.9,
2370,23.700,-5.1,1.7,-0.9,
2371,23.710,-4.4,1.7,-0.9,
2372,23.720,-2.4,1.6,-0.9,
2373,23.730,-1.8,1.6,-0.8,
2374,23.740,-2.0,1.4,-0.7,
2375,23.750,-3.0,1.3,-0.4,
2376,23.760,-4.3,1.0,0.1,
2377,23.770,-4.6,0.7,0.5,
2378,23.780,-4.3,0.1,1.0,
2379,23.790,-4.5,-0.4,1.5,
2380,23.800,-3.6,-0.8,1.9,
2381,23.810,-2.0,-1.6,2.3,
2382,23.820,-0.6,-2.3,2.9,
2383,23.830,0.9,-2.9,3.3,
2384,23.840,0.5,-3.4,4.0,
2385,23.850,1.0,-4.0,4.5,
2386,23.860,1.6,-4.5,4.9,
2387,23.870,1.4,-4.7,5.2,
2388,23.880,0.5,-4.8,5.3,
2389,23.890,0.4,-4.8,5.3,
2390,23.900,1.8,-4.8,5.2,
2391,23.910,3.1,-4.6,5.0,
2392,23.920,4.4,-4.6,4.8,
2393,23.930,5.4,-4.3,4.4,
2394,23.940,5.3,-4.2,4.0,
2395,23.950,6.0,-3.8,3.6,
2396,23.960,6.3,-3.5,3.1,
2397,23.970,6.5,-3.1,2.6,
2398,23.980,7.0,-2.8,1.8,
2399,23.990,6.2,-2.3,1.3,
2400,24.000,5.4,-1.8,0.9,
2401,24.010,5.7,-1.3,0.5,
2402,24.020,5.1,-0.7,0.0,
2403,24.030,3.8,0.0,-0.5,
2404,24.040,2.9,0.7,-1.2,
2405,24.050,1.5,1.5,-1.8,
2406,24.060,0.9,2.0,-2.4,
2407,24.070,0.3,2.8,-3.0,
2408,24.080,-0.4,3.4,-3.4,
2409,24.090,-1.2,3.9,-3.8,
2410,24.100,-0.9,4.3,-4.2,
2411,24.110,0.0,4.5,-4.3,
2412,24.120,1.3,4.4,-4.6,
2413,24.130,2.1,4.4,-4.8,
2414,24.140,3.8,4.0,-4.7,
2415,24.150,6.3,3.5,-4.5,
2416,24.160,8.4,2.9,-4.1,
2417,24.170,9.1,2.4,-3.6,
2418,24.180,9.0,2.0,-3.2,
2419,24.190,8.4,1.8,-2.7,
2420,24.200,7.3,1.3,-2.3,
2421,24.210,5.9,1.1,-2.0,
2422,24.220,3.5,0.9,-1.5,
2423,24.230,2.4,0.5,-1.1,
2424,24.240,1.5,0.2,-0.5,
2425,24.250,0.9,-0.1,-0.1,
2426,24.260,0.0,-0.3,0.4,
2427,24.270,-0.8,-0.6,0.8,
2428,24.280,-1.2,-1.0,1.1,
2429,24.290,-1.1,-1.3,1.2,
2430,24.300,-1.8,-1.5,1.5,
2431,24.310,-2.2,-1.7,1.8,
2432,24.320,-2.0,-2.0,2.0,
2433,24.330,-1.3,-2.0,2.2,
2434,24.340,-1.8,-2.0,2.3,
2435,24.350,-1.8,-1.8,2.3,
2436,24.360,-2.6,-1.8,2.2,
2437,24.370,-3.1,-1.5,2.0,
2438,24.380,-3.0,-1.2,1.7,
2439,24.390,-3.0,-1.0,1.5,
2440,24.400,-2.9,-0.7,1.2,
2441,24.410,-2.4,-0.5,1.0,
2442,24.420,-2.0,-0.2,0.5,
2443,24.430,-2.0,0.0,0.2,
2444,24.440,-1.3,0.1,-0.1,
2445,24.450,-0.8,0.3,-0.3,
2446,24.460,-0.2,0.4,-0.6,
2447,24.470,0.9,0.6,-0.7,
2448,24.480,1.9,0.6,-0.9,
2449,24.490,3.0,0.6,-0.9,
2450,24.500,4.2,0.4,-0.9,
2451,24.510,4.5,0.5,-1.0,
2452,24.520,4.5,0.7,-1.1,
2453,24.530,4.3,0.7,-1.0,
2454,24.540,4.2,0.8,-1.1,
2455,24.550,3.6,0.9,-1.2,
2456,24.560,3.8,0.7,-1.2,
2457,24.570,4.6,0.7,-1.2,
2458,24.580,4.5,0.7,-1.2,
2459,24.590,4.3,0.5,-1.2,
2460,24.600,3.9,0.5,-1.0,
2461,24.610,3.4,0.4,-1.0,
2462,24.620,2.2,0.4,-1.0,
2463,24.630,1.0,0.4,-0.7,
2464,24.640,0.5,0.3,-0.5,
2465,24.650,0.3,0.1,-0.2,
2466,24.660,-0.1,0.0,0.0,
2467,24.670,-0.1,-0.1,0.1,
2468,24.680,-0.5,-0.2,0.3,
2469,24.690,-0.4,-0.1,0.3,
2470,24.700,-0.7,-0.3,0.3,
2471,24.710,-0.7,-0.3,0.4,
2472,24.720,0.0,-0.2,0.3,
2473,24.730,-0.1,-0.3,0.2,
2474,24.740,-0.2,-0.2,0.1,
2475,24.750,0.2,-0.1,0.2,
2476,24.760,0.5,-0.1,0.2,
2477,24.770,0.0,-0.2,0.1,
2478,24.780,0.2,-0.2,0.1,
2479,24.790,0.5,-0.2,0.0,
2480,24.800,0.4,-0.2,0.1,
2481,24.810,0.5,-0.2,0.1,
2482,24.820,1.1,-0.2,0.2,
2483,24.830,1.9,-0.3,0.2,
2484,24.840,2.6,-0.2,0.1,
2485,24.850,3.2,-0.2,0.0,
2486,24.860,3.4,-0.2,-0.1,
2487,24.870,3.1,-0.2,-0.1,
2488,24.880,1.8,-0.1,-0.1,
2489,24.890,1.0,0.1,-0.2,
2490,24.900,0.1,0.2,-0.1,
2491,24.910,0.0,0.1,-0.2,
2492,24.920,0.6,0.1,-0.3,
2493,24.930,0.5,0.0,-0.4,
2494,24.940,-0.4,0.2,-0.4,
2495,24.950,-1.9,0.4,-0.5,
2496,24.960,-3.3,0.5,-0.3,
2497,24.970,-4.0,0.6,-0.2,
2498,24.980,-4.3,0.7,-0.2,
2499,24.990,-4.6,0.7,-0.1,
2500,25.000,-4.1,0.7,-0.1,
2501,25.010,-2.4,0.5,-0.2,
2502,25.020,-1.2,0.5,-0.4,
2503,25.030,-1.8,0.6,-0.4,
2504,25.040,-2.1,0.7,-0.3,
2505,25.050,-3.0,0.8,-0.3,
2506,25.060,-3.8,0.8,-0.3,
2507,25.070,-3.6,0.8,-0.3,
2508,25.080,-3.8,0.7,-0.2,
2509,25.090,-3.5,0.5,-0.3,
2510,25.100,-3.0,0.4,-0.4,
2511,25.110,-1.8,0.2,-0.5,
2512,25.120,-0.2,0.0,-0.4,
2513,25.130,2.2,-0.4,-0.3,
2514,25.140,2.8,-0.8,-0.2,
2515,25.150,3.4,-1.1,0.0,
2516,25.160,4.9,-1.5,0.2,
2517,25.170,3.7,-1.4,0.5,
2518,25.180,3.9,-1.5,0.6,
2519,25.190,2.2,-1.3,0.7,
2520,25.200,0.9,-1.2,0.7,
2521,25.210,0.4,-1.1,0.7,
2522,25.220,0.0,-1.2,0.7,
2523,25.230,-0.5,-1.0,0.7,
2524,25.240,-1.4,-0.8,0.7,
2525,25.250,-2.1,-0.8,0.5,
2526,25.260,-2.4,-0.6,0.5,
2527,25.270,-2.3,-0.6,0.4,
2528,25.280,-2.1,-0.5,0.2,
2529,25.290,-3.5,-0.2,0.1,
2530,25.300,-3.4,-0.1,0.0,
2531,25.310,-3.2,0.0,-0.1,
2532,25.320,-3.0,0.2,-0.2,
2533,25.330,-1.0,0.0,-0.4,
2534,25.340,1.2,0.1,-0.5,
2535,25.350,2.1,0.0,-0.7,
2536,25.360,2.7,0.1,-0.7,
2537,25.370,3.6,0.1,-0.8,
2538,25.380,4.1,0.1,-0.9,
2539,25.390,4.2,0.2,-1.0,
2540,25.400,2.0,0.5,-1.2,
2541,25.410,-0.1,0.8,-1.2,
2542,25.420,-1.8,1.0,-1.5,
2543,25.430,-2.4,1.0,-1.5,
2544,25.440,-3.2,1.3,-1.6,
2545,25.450,-3.2,1.4,-1.7,
2546,25.460,-3.8,1.4,-1.7,
2547,25.470,-5.1,1.6,-1.6,
2548,25.480,-5.7,1.9,-1.6,
2549,25.490,-6.3,2.0,-1.5,
2550,25.500,-7.1,2.1,-1.3,
2551,25.510,-6.9,2.0,-1.3,
2552,25.520,-6.7,1.6,-1.2,
2553,25.530,-5.9,1.5,-1.1,
2554,25.540,-5.2,1.1,-1.0,
2555,25.550,-5.2,0.7,-0.7,
2556,25.560,-4.7,0.5,-0.3,
2557,25.570,-5.2,0.1,-0.2,
2558,25.580,-5.0,0.0,0.1,
2559,25.590,-5.1,-0.1,0.4,
2560,25.600,-5.7,-0.4,0.4,
2561,25.610,-5.7,-0.6,0.7,
2562,25.620,-5.2,-0.9,0.9,
2563,25.630,-5.9,-1.2,1.3,
2564,25.640,-7.1,-1.2,1.8,
2565,25.650,-7.1,-1.2,2.0,
2566,25.660,-6.1,-1.5,2.1,
2567,25.670,-3.5,-1.8,2.0,
2568,25.680,-2.1,-1.6,1.9,
2569,25.690,-1.5,-1.5,1.7,
2570,25.700,-1.0,-1.3,1.5,
2571,25.710,-2.7,-1.0,1.4,
2572,25.720,-5.0,-0.9,1.5,
2573,25.730,-6.2,-0.9,1.6,
2574,25.740,-5.1,-1.1,1.8,
2575,25.750,-3.5,-1.5,1.8,
2576,25.760,-1.2,-1.8,1.8,
2577,25.770,1.0,-2.1,1.7,
2578,25.780,1.4,-2.3,1.9,
2579,25.790,1.3,-2.5,1.9,
2580,25.800,1.3,-2.6,2.0,
2581,25.810,0.0,-2.5,2.1,
2582,25.820,-1.5,-2.6,2.3,
2583,25.830,-1.0,-2.8,2.4,
2584,25.840,0.1,-3.0,2.6,
2585,25.850,1.8,-3.4,2.7,
2586,25.860,3.2,-3.8,2.8,
2587,25.870,5.4,-4.2,2.9,
2588,25.880,6.8,-4.6,2.9,
2589,25.890,6.6,-4.8,2.9,
2590,25.900,4.8,-4.5,2.9,
2591,25.910,2.7,-4.2,2.7,
2592,25.920,1.9,-4.1,2.7,
2593,25.930,2.2,-4.2,2.7,
2594,25.940,4.0,-4.4,2.6,
2595,25.950,6.3,-4.6,2.6,
2596,25.960,8.5,-4.9,2.4,
2597,25.970,10.0,-4.9,2.4,
2598,25.980,10.1,-5.0,2.3,
2599,25.990,9.7,-5.0,2.6,
2600,26.000,9.3,-5.1,2.7,
2601,26.010,10.8,-5.4,2.8,
2602,26.020,13.5,-5.9,2.9,
2603,26.030,16.4,-6.2,2.9,
2604,26.040,18.0,-6.4,2.9,
2605,26.050,17.3,-6.3,2.8,
2606,26.060,15.9,-6.3,2.9,
2607,26.070,15.0,-6.2,3.0,
2608,26.080,14.0,-6.0,3.2,
2609,26.090,16.3,-6.3,3.4,
2610,26.100,19.0,-6.5,3.7,
2611,26.110,19.8,-6.6,4.0,
2612,26.120,19.6,-6.8,4.3,
2613,26.130,19.3,-7.0,4.8,
2614,26.140,18.4,-7.0,5.4,
2615,26.150,19.6,-7.6,5.9,
2616,26.160,20.6,-8.0,6.7,
2617,26.170,20.6,-8.4,7.3,
2618,26.180,20.3,-8.9,8.0,
2619,26.190,18.6,-9.1,8.9,
2620,26.200,17.2,-9.2,9.6,
2621,26.210,15.8,-9.3,10.3,
2622,26.220,14.0,-9.5,11.0,
2623,26.230,12.1,-9.7,11.8,
2624,26.240,10.8,-9.8,12.6,
2625,26.250,11.4,-10.3,13.5,
2626,26.260,11.8,-10.8,14.4,
2627,26.270,12.5,-11.4,15.3,
2628,26.280,14.1,-12.1,16.2,
2629,26.290,19.0,-13.1,16.8,
2630,26.300,17.3,-13.3,17.8,
2631,26.310,12.1,-13.2,18.9,
2632,26.320,7.7,-13.1,19.7,
2633,26.330,8.0,-13.5,20.4,
2634,26.340,9.9,-14.2,20.9,
2635,26.350,9.9,-14.6,21.4,
2636,26.360,9.3,-15.1,22.0,
2637,26.370,8.4,-15.4,22.6,
2638,26.380,6.0,-15.3,23.1,
2639,26.390,3.7,-15.4,23.7,
2640,26.400,2.7,-15.6,23.9,
2641,26.410,1.0,-15.6,24.0,
2642,26.420,-1.2,-15.6,24.1,
2643,26.430,-3.1,-15.6,24.1,
2644,26.440,-3.8,-15.3,24.1,
2645,26.450,-4.2,-15.0,24.0,
2646,26.460,-5.2,-14.6,23.7,
2647,26.470,-5.2,-14.2,23.3,
2648,26.480,-5.2,-13.9,22.8,
2649,26.490,-5.9,-13.5,22.2,
2650,26.500,-6.8,-13.1,21.4,
2651,26.510,-7.1,-12.5,20.6,
2652,26.520,-7.1,-12.3,19.7,
2653,26.530,-7.1,-12.0,18.6,
2654,26.540,-6.6,-11.4,17.5,
2655,26.550,-5.1,-11.0,16.4,
2656,26.560,-3.5,-10.6,15.0,
2657,26.570,-1.8,-9.7,13.6,
2658,26.580,-1.6,-8.8,12.1,
2659,26.590,-3.3,-7.6,10.4,
2660,26.600,-3.5,-6.4,8.9,
2661,26.610,-3.2,-4.9,7.1,
2662,26.620,-1.8,-3.6,5.3,
2663,26.630,1.1,-2.3,3.5,
2664,26.640,3.5,-0.9,1.8,
2665,26.650,5.9,0.5,0.0,
2666,26.660,6.7,2.1,-1.6,
2667,26.670,5.1,4.1,-3.2,
2668,26.680,3.1,6.0,-4.6,
2669,26.690,0.7,7.9,-6.0,
2670,26.700,-0.4,9.5,-7.4,
2671,26.710,0.3,10.7,-8.9,
2672,26.720,2.3,11.4,-10.4,
2673,26.730,4.8,12.0,-11.9,
2674,26.740,8.4,12.2,-13.4,
2675,26.750,10.1,12.6,-14.8,
2676,26.760,10.7,13.1,-16.1,
2677,26.770,12.0,13.6,-17.5,
2678,26.780,10.7,14.5,-18.8,
2679,26.790,9.9,15.3,-20.2,
2680,26.800,9.1,16.1,-21.7,
2681,26.810,6.1,17.5,-23.1,
2682,26.820,2.6,19.2,-24.6,
2683,26.830,3.5,20.0,-26.3,
2684,26.840,4.3,20.9,-27.8,
2685,26.850,6.2,22.0,-29.2,
2686,26.860,5.4,22.9,-30.4,
2687,26.870,4.6,23.7,-31.5,
2688,26.880,3.5,24.4,-32.3,
2689,26.890,0.7,25.0,-33.0,
2690,26.900,-0.4,25.3,-33.4,
2691,26.910,-0.7,25.5,-33.7,
2692,26.920,-2.2,25.9,-33.4,
2693,26.930,-2.5,25.9,-33.2,
2694,26.940,-1.4,25.8,-32.8,
2695,26.950,0.0,25.5,-32.0,
2696,26.960,0.1,25.3,-31.3,
2697,26.970,-1.3,25.1,-30.2,
2698,26.980,-2.6,24.8,-29.2,
2699,26.990,-3.9,24.5,-28.1,
2700,27.000,-3.3,24.0,-27.3,
2701,27.010,-1.6,23.3,-26.3,
2702,27.020,0.5,22.6,-25.6,
2703,27.030,3.8,21.9,-24.6,
2704,27.040,5.6,21.2,-23.9,
2705,27.050,6.4,20.8,-23.2,
2706,27.060,6.2,20.4,-22.6,
2707,27.070,5.2,20.1,-22.3,
2708,27.080,6.6,19.6,-22.4,
2709,27.090,8.3,19.0,-22.7,
2710,27.100,7.8,18.8,-23.1,
2711,27.110,5.7,18.9,-23.5,
2712,27.120,3.1,19.0,-24.1,
2713,27.130,3.0,19.2,-24.8,
2714,27.140,4.9,19.4,-25.5,
2715,27.150,7.0,19.4,-26.3,
2716,27.160,8.7,19.7,-27.2,
2717,27.170,9.8,20.1,-28.0,
2718,27.180,9.6,20.7,-28.6,
2719,27.190,8.7,21.2,-29.2,
2720,27.200,9.6,21.6,-29.8,
2721,27.210,11.5,21.8,-30.4,
2722,27.220,12.8,21.9,-30.9,
2723,27.230,12.9,22.2,-31.3,
2724,27.240,12.0,22.3,-31.6,
2725,27.250,22.2,21.0,-31.8,
2726,27.260,31.4,19.8,-32.0,
2727,27.270,26.2,19.8,-31.7,
2728,27.280,11.8,20.6,-31.3,
2729,27.290,8.4,20.2,-30.7,
2730,27.300,7.8,19.2,-30.0,
2731,27.310,7.7,18.0,-29.2,
2732,27.320,11.2,16.5,-28.3,
2733,27.330,4.9,16.1,-27.2,
2734,27.340,1.2,15.3,-26.1,
2735,27.350,4.6,14.0,-24.9,
2736,27.360,0.5,13.4,-23.7,
2737,27.370,-0.7,12.3,-22.5,
2738,27.380,3.1,10.7,-21.1,
2739,27.390,-0.7,9.8,-19.8,
2740,27.400,-0.4,8.5,-18.1,
2741,27.410,-4.0,7.5,-16.6,
2742,27.420,-10.4,6.9,-15.0,
2743,27.430,-11.0,5.5,-13.7,
2744,27.440,-9.8,4.2,-12.2,
2745,27.450,-10.7,3.2,-10.9,
2746,27.460,-13.7,2.4,-9.6,
2747,27.470,-17.2,1.8,-8.4,
2748,27.480,-19.4,1.3,-7.1,
2749,27.490,-20.1,0.7,-5.8,
2750,27.500,-25.4,0.9,-4.3,
2751,27.510,-27.0,0.6,-3.0,
2752,27.520,-32.5,0.9,-1.3,
2753,27.530,-33.1,0.9,0.3,
2754,27.540,-31.5,0.6,2.0,
2755,27.550,-29.1,0.3,3.6,
2756,27.560,-24.0,0.0,4.9,
2757,27.570,-20.6,-0.1,6.4,
2758,27.580,-19.1,-0.1,7.8,
2759,27.590,-17.0,-0.4,9.0,
2760,27.600,-14.2,-0.9,10.1,
2761,27.610,-6.7,-2.0,10.8,
2762,27.620,-3.6,-2.7,11.8,
2763,27.630,-1.0,-3.2,12.9,
2764,27.640,-1.1,-3.5,14.2,
2765,27.650,-1.6,-3.8,15.5,
2766,27.660,-3.4,-4.0,16.7,
2767,27.670,-5.1,-4.5,17.9,
2768,27.680,-7.0,-4.8,18.8,
2769,27.690,-7.6,-5.1,19.8,
2770,27.700,-9.5,-5.0,20.9,
2771,27.710,-11.2,-5.2,21.8,
2772,27.720,-10.3,-5.4,22.6,
2773,27.730,-9.3,-5.6,23.3,
2774,27.740,-9.9,-5.7,23.8,
2775,27.750,-11.8,-5.5,24.4,
2776,27.760,-12.4,-5.9,24.5,
2777,27.770,-13.5,-5.9,24.8,
2778,27.780,-8.4,-6.8,24.8,
2779,27.790,-7.9,-7.0,25.0,
2780,27.800,-6.8,-7.4,25.1,
2781,27.810,-7.1,-7.7,25.3,
2782,27.820,-8.5,-7.8,25.5,
2783,27.830,-4.7,-8.7,25.5,
2784,27.840,-8.6,-8.3,25.7,
2785,27.850,-9.5,-8.5,25.8,
2786,27.860,-13.3,-8.5,25.6,
2787,27.870,-18.7,-8.4,25.6,
2788,27.880,-20.2,-8.4,25.5,
2789,27.890,-20.0,-8.7,25.1,
2790,27.900,-23.2,-8.7,24.7,
2791,27.910,-25.6,-8.8,24.2,
2792,27.920,-26.7,-9.2,23.6,
2793,27.930,-28.3,-9.2,23.2,
2794,27.940,-30.8,-9.4,22.6,
2795,27.950,-31.3,-9.5,22.1,
2796,27.960,-30.9,-9.8,21.3,
2797,27.970,-32.7,-9.8,20.6,
2798,27.980,-37.7,-9.6,19.6,
2799,27.990,-39.3,-9.6,18.7,
2800,28.000,-41.3,-9.6,17.6,
2801,28.010,-41.4,-9.9,16.2,
2802,28.020,-43.5,-9.9,15.0,
2803,28.030,-42.2,-10.1,13.7,
2804,28.040,-37.2,-10.7,12.3,
2805,28.050,-40.0,-10.6,10.9,
2806,28.060,-38.0,-10.7,9.6,
2807,28.070,-39.1,-10.6,8.2,
2808,28.080,-34.1,-10.9,6.7,
2809,28.090,-26.9,-11.4,5.3,
2810,28.100,-32.9,-10.7,3.7,
2811,28.110,-33.8,-10.5,2.3,
2812,28.120,-38.1,-9.9,0.6,
2813,28.130,-42.8,-9.2,-1.1,
2814,28.140,-43.1,-8.9,-2.6,
2815,28.150,-47.9,-8.1,-4.2,
2816,28.160,-47.8,-7.7,-5.9,
2817,28.170,-43.3,-7.8,-7.5,
2818,28.180,-36.3,-7.9,-9.2,
2819,28.190,-29.8,-8.2,-11.0,
2820,28.200,-21.9,-9.1,-13.1,
2821,28.210,-22.9,-8.9,-14.5,
2822,28.220,-23.8,-9.1,-16.7,
2823,28.230,-26.1,-8.8,-18.4,
2824,28.240,-30.0,-8.6,-20.1,
2825,28.250,-31.1,-8.6,-21.6,
2826,28.260,-27.2,-9.1,-23.3,
2827,28.270,-22.9,-9.5,-24.8,
2828,28.280,-21.1,-9.7,-26.3,
2829,28.290,-21.3,-9.5,-27.4,
2830,28.300,-21.9,-9.0,-28.2,
2831,28.310,-22.8,-8.7,-29.1,
2832,28.320,-22.6,-8.4,-29.5,
2833,28.330,-19.2,-8.4,-30.1,
2834,28.340,-15.7,-8.3,-30.2,
2835,28.350,-12.9,-8.2,-30.2,
2836,28.360,-7.3,-8.3,-30.2,
2837,28.370,-0.8,-8.5,-29.7,
2838,28.380,3.5,-8.6,-29.4,
2839,28.390,11.0,-8.9,-28.5,
2840,28.400,9.0,-8.3,-27.3,
2841,28.410,8.1,-8.2,-26.6,
2842,28.420,8.1,-7.9,-25.1,
2843,28.430,9.9,-7.9,-23.7,
2844,28.440,8.4,-7.4,-22.5,
2845,28.450,1.9,-6.4,-21.1,
2846,28.460,1.7,-5.9,-19.7,
2847,28.470,-4.2,-4.9,-19.0,
2848,28.480,-7.8,-4.0,-18.0,
2849,28.490,-9.3,-3.7,-17.4,
2850,28.500,-9.8,-3.6,-16.2,
2851,28.510,-9.9,-3.8,-15.3,
2852,28.520,-4.1,-4.7,-14.2,
2853,28.530,-2.5,-4.9,-13.0,
2854,28.540,-0.9,-5.3,-11.8,
2855,28.550,1.1,-5.6,-10.7,
2856,28.560,7.7,-6.3,-9.5,
2857,28.570,11.9,-6.8,-8.5,
2858,28.580,16.4,-7.0,-7.4,
2859,28.590,17.8,-6.8,-6.3,
2860,28.600,18.2,-6.6,-5.2,
2861,28.610,20.9,-6.3,-4.0,
2862,28.620,20.8,-6.0,-2.9,
2863,28.630,19.3,-5.2,-1.6,
2864,28.640,19.7,-4.9,-0.4,
2865,28.650,17.6,-4.3,0.9,
2866,28.660,18.1,-4.2,2.2,
2867,28.670,15.7,-3.7,3.8,
2868,28.680,15.1,-3.5,5.1,
2869,28.690,12.8,-3.2,6.7,
2870,28.700,8.1,-2.6,8.1,
2871,28.710,2.4,-1.9,9.6,
2872,28.720,-1.0,-1.5,11.1,
2873,28.730,-4.9,-0.9,12.3,
2874,28.740,-9.5,-0.2,13.7,
2875,28.750,-10.7,0.2,14.8,
2876,28.760,-7.8,0.2,15.7,
2877,28.770,-6.2,0.5,16.7,
2878,28.780,0.3,0.3,17.5,
2879,28.790,1.6,0.3,18.2,
2880,28.800,7.1,-0.2,18.8,
2881,28.810,8.9,-0.3,19.2,
2882,28.820,9.2,-0.5,19.1,
2883,28.830,8.9,-0.5,18.7,
2884,28.840,4.9,0.0,18.0,
2885,28.850,4.2,0.3,17.3,
2886,28.860,7.0,0.2,16.3,
2887,28.870,7.2,0.5,15.4,
2888,28.880,11.8,0.4,14.6,
2889,28.890,10.9,0.7,13.9,
2890,28.900,9.7,0.8,13.5,
2891,28.910,8.0,0.8,13.2,
2892,28.920,6.5,0.7,12.8,
2893,28.930,5.7,0.5,12.2,
2894,28.940,7.1,0.1,11.8,
2895,28.950,7.7,-0.1,11.4,
2896,28.960,6.2,-0.1,11.2,
2897,28.970,4.8,-0.2,10.9,
2898,28.980,2.1,0.0,10.6,
2899,28.990,4.2,-0.1,10.3,
2900,29.000,5.7,-0.1,9.8,
2901,29.010,8.0,0.0,9.3,
2902,29.020,7.6,0.2,8.6,
2903,29.030,5.8,0.8,7.9,
2904,29.040,2.3,1.2,7.3,
2905,29.050,-1.0,1.6,7.0,
2906,29.060,-3.2,1.9,6.7,
2907,29.070,-3.8,2.0,6.3,
2908,29.080,-3.4,2.1,6.1,
2909,29.090,-1.8,2.1,5.7,
2910,29.100,-1.3,2.0,5.5,
2911,29.110,0.2,1.7,5.2,
2912,29.120,0.1,1.5,5.1,
2913,29.130,-0.9,1.4,5.1,
2914,29.140,-2.9,1.5,4.9,
2915,29.150,-3.1,1.4,4.7,
2916,29.160,-2.1,1.0,4.5,
2917,29.170,-0.8,-0.1,4.0,
2918,29.180,-45.0,4.2,4.0,
2919,29.190,6.3,-0.9,2.8,
2920,29.200,-2.4,-0.4,1.7,
2921,29.210,-0.5,-0.5,0.4,
2922,29.220,0.4,-0.4,-0.1,
2923,29.230,7.9,-1.0,-0.2,
2924,29.240,4.2,-0.6,-0.1,
2925,29.250,3.8,-0.7,0.5,
2926,29.260,2.2,-0.7,0.9,
2927,29.270,0.1,-0.9,1.3,
2928,29.280,-2.6,-0.7,1.4,
2929,29.290,0.5,-1.1,1.3,
2930,29.300,1.8,-1.0,1.3,
2931,29.310,5.0,-1.1,1.2,
2932,29.320,8.9,-1.3,0.8,
2933,29.330,8.2,-1.2,0.7,
2934,29.340,9.0,-1.1,0.4,
2935,29.350,6.3,-0.7,0.4,
2936,29.360,6.1,-0.5,0.4,
2937,29.370,9.6,-0.7,0.5,
2938,29.380,6.7,-0.8,0.5,
2939,29.390,9.5,-1.2,0.5,
2940,29.400,11.4,-1.4,0.6,
2941,29.410,14.9,-1.8,0.5,
2942,29.420,9.9,-1.3,0.5,
2943,29.430,12.9,-2.9,0.1,
2944,29.440,-30.8,2.3,-0.2,
2945,29.450,-15.3,1.0,-0.1,
2946,29.460,-2.0,-0.4,-0.4,
2947,29.470,-0.6,-0.3,-0.4,
2948,29.480,1.5,-0.3,-0.2,
2949,29.490,2.9,-0.4,-0.2,
2950,29.500,12.5,-1.4,-0.1,
2951,29.510,19.8,-2.0,-0.6,
2952,29.520,15.4,-1.3,-0.7,
2953,29.530,26.1,-2.6,-0.7,
2954,29.540,32.5,-3.4,-0.7,
2955,29.550,12.9,-1.3,-0.5,
2956,29.560,10.3,-0.9,-0.4,
2957,29.570,9.3,-1.2,-0.2,
2958,29.580,3.5,-0.4,0.0,
2959,29.590,2.6,-0.3,-0.2,
2960,29.600,9.4,-1.2,-0.3,
2961,29.610,14.8,-1.9,-0.5,
2962,29.620,14.1,-1.9,-0.7,
2963,29.630,14.0,-1.7,-0.7,
2964,29.640,12.1,-1.7,-0.7,
2965,29.650,6.3,-1.1,-0.6,
2966,29.660,2.7,-0.6,-0.7,
2967,29.670,4.2,-0.6,-0.6,
2968,29.680,17.7,-2.0,-0.7,
2969,29.690,31.1,-3.4,-0.8,
2970,29.700,28.2,-3.1,-0.8,
2971,29.710,20.2,-2.3,-0.7,
2972,29.720,12.3,-1.4,-0.5,
2973,29.730,13.7,-1.5,-0.2,
2974,29.740,18.3,-2.0,-0.2,
2975,29.750,27.6,-2.9,-0.5,
2976,29.760,31.4,-3.1,-0.7,
2977,29.770,44.7,-4.7,-1.0,
2978,29.780,34.5,-3.8,-0.9,
2979,29.790,1.4,-0.3,-0.4,
2980,29.800,7.5,-0.3,-0.2,
2981,29.810,0.8,0.1,0.0,
2982,29.820,1.7,-0.5,0.0,
2983,29.830,22.8,-2.7,-0.2,
2984,29.840,25.9,-2.7,-0.5,
2985,29.850,13.2,-1.3,-0.5,
2986,29.860,18.1,-2.1,-0.3,
2987,29.870,13.7,-1.6,-0.2,
2988,29.880,12.9,-1.3,-0.2,
2989,29.890,16.3,-1.5,-0.4,
2990,29.900,18.3,-1.8,-0.5,
2991,29.910,29.8,-3.2,-0.4,
2992,29.920,46.2,-4.9,-0.7,
2993,29.930,55.2,-5.8,-0.9,
2994,29.940,59.1,-6.2,-1.3,
2995,29.950,58.3,-6.3,-1.2,
2996,29.960,51.1,-5.6,-0.9,
2997,29.970,49.2,-5.3,-0.8,
2998,29.980,46.1,-4.9,-0.9,
2999,29.990,45.2,-4.7,-0.8,
3000,30.000,48.5,-5.1,-0.8,
3001,30.010,72.1,-7.7,-1.2,
3002,30.020,103.1,-10.7,-1.5,
3003,30.030,97.0,-10.2,-1.6,
3004,30.040,77.1,-8.1,-1.5,
3005,30.050,55.7,-6.1,-1.1,
3006,30.060,41.2,-4.8,-0.8,
3007,30.070,34.4,-3.9,-0.7,
3008,30.080,28.2,-3.1,-0.7,
3009,30.090,19.3,-2.0,-0.4,
3010,30.100,15.0,-1.6,-0.1,
3011,30.110,14.6,-1.6,0.0,
3012,30.120,9.2,-0.9,0.0,
3013,30.130,5.7,-0.5,-0.1,
3014,30.140,4.5,-0.3,0.0,
3015,30.150,3.1,-0.4,0.0,
3016,30.160,2.6,-0.2,0.1,
3017,30.170,2.6,-0.2,-0.1,
3018,30.180,2.7,-0.3,-0.1,
3019,30.190,2.3,-0.3,-0.1,
3020,30.200,1.6,-0.4,0.0,
3021,30.210,0.8,-0.3,0.0,
3022,30.220,0.4,-0.4,-0.1,
3023,30.230,0.2,-0.3,-0.1,
3024,30.240,0.2,-0.2,-0.1,
3025,30.250,0.1,-0.1,0.0,
3026,30.260,0.0,-0.1,0.0,
3027,30.270,0.0,0.0,0.0,
3028,30.280,0.1,0.0,0.0,
3029,30.290,0.1,0.1,0.0,
3030,30.300,0.1,0.1,0.0,
3031,30.310,0.1,0.0,0.0,
3032,30.320,0.2,0.0,0.0,
3033,30.330,0.4,-0.1,0.0,
3034,30.340,0.3,-0.1,0.0,
3035,30.350,0.3,-0.1,0.0,
3036,30.360,0.2,-0.1,0.0,
3037,30.370,0.2,-0.1,0.0,
3038,30.380,0.5,-0.1,-0.1,
3039,30.390,0.6,-0.1,-0.1,
3040,30.400,0.7,0.0,0.0,
3041,30.410,0.5,0.0,0.0,
3042,30.420,0.7,0.0,0.0,
3043,30.430,0.8,0.0,-0.1,
3044,30.440,0.6,0.0,0.0,
3045,30.450,0.5,-0.1,0.0,
3046,30.460,0.9,-0.1,0.0,
3047,30.470,1.8,-0.2,-0.2,
3048,30.480,3.3,-0.2,-0.2,
3049,30.490,4.4,-0.4,-0.1,
3050,30.500,4.4,-0.5,0.0,
3051,30.510,4.0,-0.5,-0.2,
3052,30.520,3.5,-0.3,-0.2,
3053,30.530,2.8,-0.3,-0.1,
3054,30.540,1.8,-0.2,-0.1,
3055,30.550,0.9,-0.1,0.0,
3056,30.560,0.9,0.0,0.0,
3057,30.570,1.0,0.0,-0.1,
3058,30.580,1.1,-0.1,0.0,
3059,30.590,1.3,-0.1,0.0,
3060,30.600,1.7,-0.2,-0.1,
3061,30.610,2.6,-0.2,-0.1,
3062,30.620,3.1,-0.2,-0.1,
3063,30.630,3.2,-0.3,-0.1,
3064,30.640,3.1,-0.3,0.0,
3065,30.650,3.0,-0.2,0.0,
3066,30.660,2.8,-0.2,-0.1,
3067,30.670,2.2,-0.1,-0.1,
3068,30.680,1.2,-0.1,0.0,
3069,30.690,0.5,-0.1,0.0,
3070,30.700,0.3,0.0,0.0,
3071,30.710,0.6,0.0,0.0,
3072,30.720,3.1,-0.1,0.1,
3073,30.730,3.1,-0.2,0.0,
3074,30.740,4.0,-0.4,-0.1,
3075,30.750,5.1,-0.5,-0.2,
3076,30.760,5.9,-0.5,-0.1,
3077,30.770,5.4,-0.5,-0.1,
3078,30.780,4.8,-0.5,0.0,
3079,30.790,4.3,-0.5,0.0,
3080,30.800,3.2,-0.2,0.0,
3081,30.810,2.4,-0.2,-0.1,
3082,30.820,1.7,-0.2,0.0,
3083,30.830,1.3,-0.2,0.0,
3084,30.840,1.1,-0.1,0.0,
3085,30.850,1.2,-0.1,-0.1,
3086,30.860,1.2,-0.1,-0.1,
3087,30.870,1.3,-0.2,0.0,
3088,30.880,1.6,-0.1,-0.1,
3089,30.890,2.0,-0.2,-0.1,
3090,30.900,2.4,-0.2,-0.1,
3091,30.910,2.6,-0.2,-0.1,
3092,30.920,2.6,-0.2,-0.1,
3093,30.930,2.6,-0.3,0.0,
3094,30.940,2.0,-0.2,-0.1,
3095,30.950,1.3,-0.1,0.0,
3096,30.960,0.9,-0.1,0.0,
3097,30.970,0.7,-0.1,0.0,
3098,30.980,0.5,-0.1,0.0,
3099,30.990,0.7,0.1,-0.1,
3100,31.000,0.7,-0.1,-0.1,
3101,31.010,0.7,-0.1,0.0,
3102,31.020,0.8,-0.2,-0.1,
3103,31.030,1.0,-0.1,-0.1,
3104,31.040,1.2,-0.1,-0.1,
3105,31.050,1.4,-0.2,0.0,
3106,31.060,1.5,-0.1,0.0,
3107,31.070,1.4,-0.2,0.0,
3108,31.080,1.1,-0.1,0.0,
3109,31.090,0.8,-0.1,-0.1,
3110,31.100,0.7,0.0,0.0,
3111,31.110,0.5,-0.1,0.0,
3112,31.120,0.3,-0.1,-0.1,
3113,31.130,0.4,-0.1,-0.1,
3114,31.140,0.4,-0.2,-0.1,
3115,31.150,0.5,-0.1,-0.1,
3116,31.160,0.5,-0.1,0.0,
3117,31.170,0.7,-0.1,0.0,
3118,31.180,0.8,-0.1,0.0,
3119,31.190,0.9,-0.1,-0.1,
3120,31.200,1.0,-0.1,0.0,
3121,31.210,0.9,-0.1,0.1,
3122,31.220,0.6,0.0,0.0,
3123,31.230,0.4,0.0,0.0,
3124,31.240,0.5,0.0,-0.1,
3125,31.250,0.5,-0.1,0.1,
3126,31.260,0.2,-0.1,0.0,
3127,31.270,0.2,-0.1,0.1,
3128,31.280,0.2,-0.1,0.1,
3129,31.290,0.4,-0.1,0.0,
3130,31.300,0.4,-0.1,0.1,
3131,31.310,0.4,-0.2,0.0,
3132,31.320,0.4,-0.2,0.0,
3133,31.330,0.5,-0.2,0.0,
3134,31.340,0.6,0.0,0.0,
3135,31.350,0.4,0.0,0.0,
3136,31.360,0.3,-0.1,0.0,
3137,31.370,0.3,0.0,0.0,
3138,31.380,0.2,0.0,0.0,
3139,31.390,0.2,0.0,0.0,
3140,31.400,0.2,0.0,0.0,
3141,31.410,0.2,-0.1,-0.1,
3142,31.420,0.3,0.0,0.0,
3143,31.430,0.4,-0.2,-0.1,
3144,31.440,0.4,-0.1,-0.1,
3145,31.450,0.4,-0.2,0.0,
3146,31.460,0.4,-0.1,0.0,
3147,31.470,0.4,-0.1,0.0,
3148,31.480,0.5,-0.2,0.0,
3149,31.490,0.4,-0.1,0.0,
3150,31.500,0.3,-0.1,0.0,
3151,31.510,0.4,-0.2,0.1,
3152,31.520,0.4,-0.2,0.1,
3153,31.530,0.4,-0.1,0.0,
3154,31.540,0.3,-0.1,0.0,
3155,31.550,0.2,-0.1,0.0,
3156,31.560,0.2,0.0,0.0,
3157,31.570,0.2,0.0,0.0,
3158,31.580,0.4,0.0,-0.1,
3159,31.590,0.3,0.0,-0.1,
3160,31.600,0.2,0.0,0.0,
3161,31.610,0.3,0.0,0.0,
3162,31.620,0.3,0.0,-0.1,
3163,31.630,0.2,0.0,-0.1,
3164,31.640,0.2,0.0,0.0,
3165,31.650,0.2,0.1,0.0,
3166,31.660,0.3,0.1,-0.1,
3167,31.670,0.2,0.2,-0.1,
3168,31.680,0.1,0.2,-0.1,
3169,31.690,0.3,0.1,-0.2,
3170,31.700,0.3,0.1,-0.2,
3171,31.710,0.5,0.1,-0.2,
3172,31.720,0.4,0.1,-0.1,
3173,31.730,0.3,0.2,-0.1,
3174,31.740,0.2,0.1,-0.2,
3175,31.750,0.3,0.2,-0.2,
3176,31.760,0.2,0.2,-0.2,
3177,31.770,0.2,0.2,-0.2,
3178,31.780,0.2,0.2,-0.1,
3179,31.790,0.2,0.1,-0.1,
3180,31.800,0.2,0.1,-0.1,
3181,31.810,0.2,0.1,-0.1,
3182,31.820,0.2,0.0,0.0,
3183,31.830,0.2,0.0,0.0,
3184,31.840,0.2,0.1,-0.1,
3185,31.850,0.2,0.2,-0.1,
3186,31.860,0.2,0.2,-0.2,
3187,31.870,0.3,0.2,-0.1,
3188,31.880,0.2,0.1,-0.1,
3189,31.890,0.2,0.1,-0.1,
3190,31.900,0.2,0.1,-0.1,
3191,31.910,0.3,0.0,0.0,
3192,31.920,0.1,-0.1,0.0,
3193,31.930,0.2,0.0,0.0,
3194,31.940,0.1,0.0,0.0,
3195,31.950,0.2,-0.1,0.0,
3196,31.960,0.2,-0.1,0.0,
3197,31.970,0.1,-0.1,0.1,
3198,31.980,0.2,-0.2,0.1,
3199,31.990,0.2,-0.2,0.1,
3200,32.000,0.2,-0.3,0.1,
3201,32.010,0.2,-0.2,0.1,
3202,32.020,0.2,-0.3,0.0,
3203,32.030,0.0,-0.1,0.1,
3204,32.040,0.2,0.1,0.0,
3205,32.050,0.2,0.2,-0.1,
3206,32.060,0.2,0.2,-0.2,
3207,32.070,0.1,0.1,-0.1,
3208,32.080,0.0,0.0,-0.1,
3209,32.090,0.1,-0.1,-0.1,
3210,32.100,0.1,-0.1,0.1,
3211,32.110,0.0,-0.1,0.1,
3212,32.120,0.1,0.0,0.1,
3213,32.130,0.2,0.0,0.0,
3214,32.140,0.2,0.1,-0.1,
3215,32.150,0.2,0.4,-0.3,
3216,32.160,0.2,0.4,-0.3,
3217,32.170,0.1,0.4,-0.2,
3218,32.180,0.1,0.3,-0.2,
3219,32.190,0.2,0.2,-0.1,
3220,32.200,0.2,0.0,-0.1,
3221,32.210,0.1,-0.1,0.1,
3222,32.220,0.1,-0.2,0.1,
3223,32.230,0.1,-0.1,0.2,
3224,32.240,0.1,-0.1,0.0,
3225,32.250,0.1,0.0,0.0,
3226,32.260,0.2,0.1,-0.1,
3227,32.270,0.2,0.2,-0.2,
3228,32.280,0.2,0.1,-0.2,
3229,32.290,0.2,0.1,-0.2,
3230,32.300,0.1,0.1,-0.2,
3231,32.310,0.1,0.2,-0.2,
3232,32.320,0.1,0.2,-0.1,
3233,32.330,0.1,0.1,-0.1,
3234,32.340,0.1,0.0,0.0,
3235,32.350,0.1,0.0,0.0,
3236,32.360,0.0,-0.1,0.1,
3237,32.370,0.1,-0.1,0.0,
3238,32.380,0.1,-0.1,-0.1,
3239,32.390,0.1,-0.1,0.0,
3240,32.400,0.2,-0.1,0.0,
3241,32.410,0.1,-0.2,0.1,
3242,32.420,0.1,-0.1,0.1,
3243,32.430,0.1,-0.1,0.0,
3244,32.440,0.1,0.1,-0.1,
3245,32.450,0.1,0.0,0.0,
3246,32.460,0.2,0.0,0.0,
3247,32.470,0.1,0.0,-0.1,
3248,32.480,0.1,0.0,0.0,
3249,32.490,0.1,-0.1,0.0,
3250,32.500,0.1,-0.2,0.2,
3251,32.510,0.0,-0.1,0.2,
3252,32.520,0.1,0.0,0.0,
3253,32.530,0.2,0.0,0.0,
3254,32.540,0.2,0.1,-0.1,
3255,32.550,0.1,0.2,-0.2,
3256,32.560,0.1,0.1,-0.2,
3257,32.570,0.2,0.0,-0.1,
3258,32.580,0.1,-0.1,-0.1,
3259,32.590,0.0,-0.2,0.1,
3260,32.600,0.0,-0.2,0.2,
3261,32.610,0.0,-0.2,0.2,
3262,32.620,0.1,-0.1,0.1,
3263,32.630,0.2,0.1,-0.1,
3264,32.640,0.2,0.4,-0.2,
3265,32.650,0.1,0.2,-0.3,
3266,32.660,0.3,0.1,-0.3,
3267,32.670,0.3,0.0,-0.1,
3268,32.680,0.2,-0.3,0.0,
3269,32.690,0.1,-0.5,0.4,
3270,32.700,0.1,-0.6,0.4,
3271,32.710,0.1,-0.5,0.4,
3272,32.720,0.1,-0.5,0.3,
3273,32.730,0.0,-0.3,0.1,
3274,32.740,0.0,0.0,0.0,
3275,32.750,0.1,0.2,-0.2,
3276,32.760,0.1,0.4,-0.4,
3277,32.770,0.2,0.4,-0.4,
3278,32.780,0.2,0.4,-0.2,
3279,32.790,0.2,0.1,-0.1,
3280,32.800,0.1,0.0,0.0,
3281,32.810,0.1,-0.2,0.1,
3282,32.820,0.1,-0.4,0.3,
3283,32.830,0.1,-0.3,0.2,
3284,32.840,0.2,-0.3,0.2,
3285,32.850,0.2,-0.1,0.1,
3286,32.860,0.1,0.0,0.0,
3287,32.870,0.1,0.1,-0.2,
3288,32.880,0.1,0.2,-0.2,
3289,32.890,0.1,0.2,-0.2,
3290,32.900,0.2,0.2,-0.2,
3291,32.910,0.2,0.1,-0.1,
3292,32.920,0.1,0.0,0.0,
3293,32.930,0.1,-0.2,0.1,
3294,32.940,0.1,-0.2,0.1,
3295,32.950,0.1,-0.2,0.1,
3296,32.960,0.1,-0.2,0.1,
3297,32.970,0.1,-0.1,0.1,
3298,32.980,0.1,0.0,0.0,
3299,32.990,0.1,0.1,-0.1,
3300,33.000,0.1,0.1,-0.2,
3301,33.010,0.2,0.1,-0.2,
3302,33.020,0.1,0.1,-0.2,
3303,33.030,0.1,0.0,-0.1,
3304,33.040,0.1,0.0,0.0,
3305,33.050,0.1,-0.1,0.1,
3306,33.060,0.1,-0.1,0.1,
3307,33.070,0.0,-0.2,0.1,
3308,33.080,0.2,-0.2,0.1,
3309,33.090,0.1,-0.1,0.0,
3310,33.100,0.2,0.0,0.0,
3311,33.110,0.2,0.1,-0.1,
3312,33.120,0.2,0.2,-0.1,
3313,33.130,0.2,0.2,-0.1,
3314,33.140,0.1,0.1,-0.1,
3315,33.150,0.1,0.0,0.0,
3316,33.160,0.1,0.0,0.0,
3317,33.170,0.0,-0.1,0.1,
3318,33.180,0.0,-0.1,0.1,
3319,33.190,0.1,-0.2,0.1,
3320,33.200,0.1,-0.1,0.1,
3321,33.210,0.1,-0.1,0.1,
3322,33.220,0.1,0.0,0.0,
3323,33.230,0.2,0.1,0.0,
3324,33.240,0.4,0.1,-0.1,
3325,33.250,0.2,0.1,-0.1,
3326,33.260,0.2,0.1,-0.1,
3327,33.270,0.1,0.1,0.0,
3328,33.280,0.0,-0.1,0.0,
3329,33.290,0.1,0.0,0.0,
3330,33.300,0.0,-0.2,0.1,
3331,33.310,0.0,-0.1,0.1,
3332,33.320,0.0,-0.1,0.0,
