PacketCounter,SampleTimeFine,Euler_X,Euler_Y,Euler_Z,Acc_X,Acc_Y,Acc_Z,Gyr_X,Gyr_Y,Gyr_Z,
0, 345297018, 4.635171413421631, -77.65930938720703, 148.8126678466797, 0, 0, 0, 0, 0, 0, 
1, 345313685, 4.651220798492432, -77.60305786132812, 148.8830108642578, 9.697488784790039, 0.13678713142871857, 2.0642597675323486, -0.9398324489593506, 1.7058379650115967, -1.9262800216674805, 
2, 345330352, 4.584886074066162, -77.63311004638672, 149.0146942138672, 9.783405303955078, 0.12910006940364838, 2.051079273223877, -1.0062717199325562, 1.5041762590408325, -1.7804795503616333, 
3, 345347019, 4.491608619689941, -77.70476531982422, 149.14218139648438, 9.953393936157227, 0.05676199868321419, 1.9224485158920288, -0.4759479761123657, 1.1890759468078613, -1.6027913093566895, 
4, 345363686, 4.230376720428467, -77.82286834716797, 149.47340393066406, 10.102653503417969, 0.005181071348488331, 1.8417904376983643, 1.7153019905090332, 3.4157679080963135, -0.8310042023658752, 
5, 345380353, 3.878140449523926, -77.94144439697266, 149.8708953857422, 10.112960815429688, 0.012151731178164482, 1.8715684413909912, 1.5698603391647339, 5.694107532501221, -0.8223215341567993, 
6, 345397020, 3.5189661979675293, -78.02579498291016, 150.21270751953125, 10.026372909545898, 0.09223464876413345, 1.8476980924606323, 1.9065263271331787, 6.408598899841309, -0.23472759127616882, 
7, 345413687, 3.2371532917022705, -78.0689926147461, 150.4978485107422, 9.899523735046387, 0.1447633057832718, 1.9075863361358643, 2.649423122406006, 7.31006383895874, 0.6519522070884705, 
8, 345430354, 3.0408732891082764, -78.09429168701172, 150.67771911621094, 9.728005409240723, 0.16336970031261444, 1.9443849325180054, 1.8279720544815063, 6.121737003326416, 1.0137698650360107, 
9, 345447021, 2.9078166484832764, -78.09378814697266, 150.7764434814453, 9.5692777633667, 0.18554173409938812, 1.9388720989227295, 0.7015255093574524, 5.649182319641113, 1.0177271366119385, 
10, 345463688, 2.846637725830078, -78.06441497802734, 150.81455993652344, 9.613797187805176, 0.11775976419448853, 2.021559953689575, 2.8969695568084717, 5.9394636154174805, 1.2767868041992188, 
11, 345480355, 2.847221851348877, -78.00760650634766, 150.87445068359375, 9.707444190979004, 0.053920064121484756, 2.0339736938476562, 5.3025803565979, 6.321363925933838, 1.0152429342269897, 
12, 345497022, 2.800283193588257, -77.93335723876953, 150.96653747558594, 9.70884895324707, 0.12124385684728622, 2.009789228439331, 6.262659549713135, 6.666866302490234, 1.5485634803771973, 
13, 345513689, 2.6536922454833984, -77.84317016601562, 151.19578552246094, 9.685226440429688, 0.19105587899684906, 2.045753240585327, 7.049712657928467, 7.3217453956604, 3.089667797088623, 
14, 345530356, 2.386924982070923, -77.76904296875, 151.5157928466797, 9.665160179138184, 0.32741859555244446, 2.1431310176849365, 6.064736366271973, 6.059882640838623, 4.816168308258057, 
15, 345547023, 2.0694613456726074, -77.72705078125, 151.8701934814453, 9.643534660339355, 0.31807941198349, 2.1108667850494385, 5.307113170623779, 3.6595115661621094, 6.011410713195801, 
16, 345563690, 1.8024382591247559, -77.674560546875, 152.21029663085938, 9.771185874938965, 0.1661103218793869, 2.1232893466949463, 7.041816711425781, 4.015829563140869, 6.114086627960205, 
17, 345580357, 1.6989041566848755, -77.59285736083984, 152.41502380371094, 9.840089797973633, 0.008914029225707054, 2.169978380203247, 8.940084457397461, 5.565033435821533, 4.314160346984863, 
18, 345597024, 1.6966569423675537, -77.50131225585938, 152.51231384277344, 9.795511245727539, 0.024652861058712006, 2.0127522945404053, 8.352643966674805, 5.978204727172852, 2.5275068283081055, 
19, 345613691, 1.6661150455474854, -77.38275909423828, 152.65257263183594, 9.713383674621582, 0.2043706178665161, 1.9576292037963867, 8.29004192352295, 7.768489837646484, 2.646305561065674, 
20, 345630358, 1.579472303390503, -77.27458953857422, 152.8522491455078, 9.770512580871582, 0.289953351020813, 2.033238649368286, 8.000514030456543, 7.336273670196533, 3.482034683227539, 
21, 345647025, 1.4225202798843384, -77.21183776855469, 153.1049346923828, 9.810697555541992, 0.3385534882545471, 1.9425970315933228, 7.23844575881958, 4.708858013153076, 4.54984188079834, 
22, 345663692, 1.2165117263793945, -77.1911392211914, 153.363525390625, 9.860147476196289, 0.33153876662254333, 1.989366888999939, 6.7416229248046875, 2.3605308532714844, 5.3789496421813965, 
23, 345680359, 1.0538578033447266, -77.19568634033203, 153.51251220703125, 9.859299659729004, 0.2201937735080719, 1.8388350009918213, 3.6726248264312744, 0.9212440848350525, 4.265007972717285, 
24, 345697026, 0.9337974190711975, -77.18437957763672, 153.59820556640625, 9.884272575378418, 0.2150215357542038, 1.8996262550354004, 0.3330163359642029, 2.0391552448272705, 2.90602970123291, 
25, 345713693, 0.8293865919113159, -77.18465423583984, 153.64175415039062, 10.006999015808105, 0.14172740280628204, 1.7560712099075317, -2.19948410987854, 1.441354751586914, 2.1216022968292236, 
26, 345730360, 0.7261011004447937, -77.16252136230469, 153.66012573242188, 10.09195613861084, 0.2138371765613556, 1.6948161125183105, -3.413090705871582, 3.0014240741729736, 1.743866205215454, 
27, 345747027, 0.6579150557518005, -77.10057067871094, 153.62997436523438, 9.969346046447754, 0.14662045240402222, 1.6745604276657104, -4.793962478637695, 5.598348617553711, 0.9210073947906494, 
28, 345763694, 0.6604370474815369, -77.00141906738281, 153.5198974609375, 9.901378631591797, 0.11574961990118027, 1.697270154953003, -4.377358436584473, 7.983364105224609, -0.03290592506527901, 
29, 345780361, 0.6961857080459595, -76.93643951416016, 153.3704376220703, 9.908089637756348, -0.05451767519116402, 1.7441538572311401, -4.728213787078857, 6.048862457275391, -0.6240471005439758, 
30, 345797028, 0.8573013544082642, -76.87287902832031, 153.0563201904297, 9.86817455291748, -0.28169041872024536, 1.7129590511322021, -6.578437805175781, 5.997317790985107, -2.976100444793701, 
31, 345813695, 1.1475236415863037, -76.81462860107422, 152.60890197753906, 9.752474784851074, -0.39415907859802246, 1.9273027181625366, -7.59485387802124, 5.689197540283203, -5.314438819885254, 
32, 345830362, 1.5030152797698975, -76.79452514648438, 152.10519409179688, 9.688258171081543, -0.2159663587808609, 2.000142812728882, -6.75913667678833, 3.2896323204040527, -6.305791854858398, 
33, 345847029, 1.8144220113754272, -76.78495025634766, 151.68411254882812, 9.672003746032715, -0.0763428658246994, 2.058420419692993, -4.439263820648193, 2.557274580001831, -5.295047760009766, 
34, 345863696, 2.024815559387207, -76.76537322998047, 151.43492126464844, 9.629383087158203, -0.0937848687171936, 2.1526546478271484, -0.8803470134735107, 3.082040309906006, -3.1406807899475098, 
35, 345880363, 2.1453588008880615, -76.75888061523438, 151.31495666503906, 9.578583717346191, -0.20822817087173462, 2.3043887615203857, 1.4854211807250977, 2.2063674926757812, -1.373794674873352, 
36, 345897030, 2.2076189517974854, -76.78057861328125, 151.25509643554688, 9.4722900390625, -0.31151944398880005, 2.29215407371521, 1.7708489894866943, 0.3623684048652649, -0.5401397347450256, 
37, 345913697, 2.2226364612579346, -76.82574462890625, 151.24713134765625, 9.44672679901123, -0.31636521220207214, 2.3312973976135254, 2.155045986175537, -1.188864827156067, 0.12753203511238098, 
38, 345930364, 2.1760873794555664, -76.89246368408203, 151.36636352539062, 9.496478080749512, -0.28657394647598267, 2.370260000228882, 4.548624038696289, -2.6033198833465576, 1.4697338342666626, 
39, 345947031, 2.0619733333587646, -76.96746063232422, 151.58889770507812, 9.621251106262207, -0.20126760005950928, 2.2980082035064697, 6.789498805999756, -3.206339120864868, 2.8343594074249268, 
40, 345963698, 1.9291517734527588, -77.05091094970703, 151.81724548339844, 9.795845985412598, -0.14912474155426025, 2.237619400024414, 6.460190296173096, -3.829810380935669, 2.951198101043701, 
41, 345980365, 1.8734791278839111, -77.14098358154297, 151.9439697265625, 9.960848808288574, -0.11499463766813278, 2.1483209133148193, 5.523839950561523, -4.354037284851074, 1.6296207904815674, 
42, 345997032, 1.905329704284668, -77.20590209960938, 151.96722412109375, 10.021279335021973, -0.048602718859910965, 2.1214137077331543, 5.001456260681152, -2.926743984222412, 0.23886404931545258, 
43, 346013699, 2.058744430541992, -77.24308776855469, 151.87643432617188, 9.989655494689941, -0.041003067046403885, 2.135767936706543, 5.595696449279785, -1.3378986120224, -1.3254894018173218, 
44, 346030366, 2.317056179046631, -77.24866485595703, 151.7302703857422, 9.91268253326416, -0.08376362174749374, 2.172211170196533, 8.311131477355957, 0.49331358075141907, -2.188535451889038, 
45, 346047033, 2.5752503871917725, -77.21894073486328, 151.59884643554688, 9.746140480041504, -0.07313410937786102, 2.2126505374908447, 9.332874298095703, 2.5636401176452637, -2.051891565322876, 
46, 346063700, 2.7346510887145996, -77.18306732177734, 151.54747009277344, 9.60702133178711, 0.010622536763548851, 2.2514452934265137, 8.825165748596191, 2.9307339191436768, -0.853069543838501, 
47, 346080367, 2.7528185844421387, -77.15208435058594, 151.6297607421875, 9.524313926696777, 0.1806030124425888, 2.331171751022339, 7.0850629806518555, 2.64154052734375, 0.705860435962677, 
48, 346097034, 2.634509325027466, -77.12661743164062, 151.7842559814453, 9.446614265441895, 0.25686970353126526, 2.3707470893859863, 4.4625396728515625, 2.284832239151001, 2.0494515895843506, 
49, 346113701, 2.4220123291015625, -77.10858917236328, 152.04627990722656, 9.37767219543457, 0.2592717111110687, 2.394653081893921, 3.5604729652404785, 1.8032234907150269, 3.229121208190918, 
50, 346130368, 2.2011799812316895, -77.08094024658203, 152.2805633544922, 9.387381553649902, 0.19153326749801636, 2.409388303756714, 2.4163665771484375, 2.275291681289673, 3.1322031021118164, 
51, 346147035, 2.0264663696289062, -77.05783081054688, 152.453369140625, 9.524036407470703, 0.10883309692144394, 2.3512492179870605, 1.097568392753601, 1.8779743909835815, 2.2632405757904053, 
52, 346163702, 1.9195798635482788, -77.02656555175781, 152.5174102783203, 9.672197341918945, 0.10253244638442993, 2.2804811000823975, -0.036152325570583344, 2.2641050815582275, 1.0841022729873657, 
53, 346180369, 1.8615518808364868, -76.96793365478516, 152.51011657714844, 9.777318954467773, 0.12315395474433899, 2.277172088623047, -2.3174431324005127, 3.845285654067993, -0.14277157187461853, 
54, 346197036, 1.844093680381775, -76.91690063476562, 152.42945861816406, 9.804350852966309, 0.10519757121801376, 2.31734037399292, -4.303286552429199, 3.3341081142425537, -1.12289297580719, 
55, 346213703, 1.846419334411621, -76.87313079833984, 152.31771850585938, 9.869619369506836, 0.058083031326532364, 2.2719886302948, -5.446662902832031, 2.861105442047119, -1.634135127067566, 
56, 346230370, 1.833918571472168, -76.81709289550781, 152.21229553222656, 9.907332420349121, 0.004981292877346277, 2.3496007919311523, -6.357008934020996, 3.591644287109375, -1.6580897569656372, 
57, 346247037, 1.8007997274398804, -76.7333755493164, 152.10842895507812, 9.869837760925293, -0.02093104086816311, 2.3678035736083984, -6.87825870513916, 5.2366838455200195, -1.54732084274292, 
58, 346263704, 1.7274335622787476, -76.63795471191406, 152.06883239746094, 9.856269836425781, -0.03250893950462341, 2.42488431930542, -6.414035797119141, 5.948941230773926, -0.8961116671562195, 
59, 346280371, 1.6112639904022217, -76.52266693115234, 152.09242248535156, 9.797442436218262, -0.06005796790122986, 2.3613884449005127, -5.0343122482299805, 7.139695644378662, 0.010616467334330082, 
60, 346297038, 1.5113283395767212, -76.34660339355469, 152.11277770996094, 9.694525718688965, -0.08286651968955994, 2.2990915775299072, -4.369470596313477, 10.768799781799316, -0.1533753126859665, 
61, 346313705, 1.4421337842941284, -76.12483215332031, 152.1203155517578, 9.565825462341309, -0.10094894468784332, 2.192018508911133, -3.4620964527130127, 13.50886344909668, -0.4439451992511749, 
62, 346330372, 1.4053393602371216, -75.83329772949219, 152.09446716308594, 9.428754806518555, -0.13691624999046326, 2.007373571395874, -3.1887011528015137, 17.699878692626953, -0.9620843529701233, 
63, 346347039, 1.4251400232315063, -75.45520782470703, 151.9842987060547, 9.169371604919434, -0.2819787263870239, 1.9649139642715454, -4.57904052734375, 22.89841079711914, -2.3359272480010986, 
64, 346363706, 1.5915322303771973, -74.98406982421875, 151.70379638671875, 8.793889045715332, -0.45888566970825195, 2.0025060176849365, -6.2435302734375, 28.445589065551758, -5.359723091125488, 
65, 346380373, 1.8236936330795288, -74.49076080322266, 151.35707092285156, 8.500558853149414, -0.3081250786781311, 2.4654717445373535, -6.1411333084106445, 29.751598358154297, -6.751473903656006, 
66, 346397040, 1.8581267595291138, -74.17913055419922, 151.1737823486328, 8.464540481567383, 0.3710467517375946, 2.7523696422576904, -8.432794570922852, 18.89761734008789, -3.974501132965088, 
67, 346413707, 1.6017524003982544, -74.10006713867188, 151.2551727294922, 8.842985153198242, 0.9846071004867554, 2.4006974697113037, -10.559513092041016, 5.029554843902588, 0.8492278456687927, 
68, 346430374, 1.4117858409881592, -74.07212829589844, 151.20318603515625, 9.567545890808105, 0.672225832939148, 1.9270340204238892, -14.340361595153809, 1.9093384742736816, -1.1278367042541504, 
69, 346447041, 1.7464338541030884, -74.02680969238281, 150.56809997558594, 10.609293937683105, -0.4067760109901428, 1.656696081161499, -16.490652084350586, 2.7674560546875, -10.683001518249512, 
70, 346463708, 2.591594696044922, -73.91413116455078, 149.53616333007812, 11.245071411132812, -1.7690597772598267, 1.398584246635437, -8.729991912841797, 6.602144241333008, -17.533832550048828, 
71, 346480375, 3.4474337100982666, -73.60260009765625, 148.7720184326172, 10.985498428344727, -2.0827386379241943, 1.077868103981018, 7.453579902648926, 18.67146873474121, -14.191020965576172, 
72, 346497042, 3.73294997215271, -73.22557830810547, 148.6153564453125, 10.196637153625488, -1.070141315460205, 0.897182285785675, 8.32616901397705, 23.29850196838379, -4.725649356842041, 
73, 346513709, 3.364236354827881, -72.89659881591797, 149.05125427246094, 9.95002269744873, -0.05067093297839165, 1.067170262336731, 3.1440157890319824, 21.26926040649414, 5.637545108795166, 
74, 346530376, 2.721608877182007, -72.66726684570312, 149.68603515625, 9.76270580291748, 0.5263567566871643, 1.1423836946487427, -1.940138578414917, 15.604714393615723, 9.775129318237305, 
75, 346547043, 2.1761953830718994, -72.46572875976562, 150.20787048339844, 9.545373916625977, 0.6208146214485168, 1.2066179513931274, -2.6327896118164062, 13.90263843536377, 8.164734840393066, 
76, 346563710, 1.9459006786346436, -72.26008605957031, 150.34307861328125, 9.590112686157227, 0.5008135437965393, 1.6405004262924194, -5.881570339202881, 13.984659194946289, 1.3946380615234375, 
77, 346580377, 2.0457658767700195, -72.01596069335938, 150.05169677734375, 9.744086265563965, 0.15340502560138702, 2.2557361125946045, -10.458416938781738, 16.113460540771484, -6.425730228424072, 
78, 346597044, 2.375317096710205, -71.70201873779297, 149.3754119873047, 9.630088806152344, -0.04355722293257713, 2.8841142654418945, -18.60527801513672, 20.043006896972656, -13.881115913391113, 
79, 346613711, 2.9848241806030273, -71.38984680175781, 148.37168884277344, 9.064873695373535, -0.2575007379055023, 3.0860798358917236, -20.381380081176758, 19.505298614501953, -20.441713333129883, 
80, 346630378, 3.480246067047119, -71.09732055664062, 147.6054229736328, 8.305858612060547, -0.21913088858127594, 3.0035934448242188, -13.62969970703125, 18.333362579345703, -16.289703369140625, 
81, 346647045, 3.6980974674224854, -70.82289123535156, 147.26869201660156, 8.12801456451416, -0.4224938750267029, 2.8869428634643555, -5.842143535614014, 17.609642028808594, -8.167562484741211, 
82, 346663712, 3.827831745147705, -70.57575988769531, 147.1287078857422, 9.12075424194336, -0.7892429828643799, 2.4232888221740723, 0.056584909558296204, 16.152889251708984, -4.342458248138428, 
83, 346680379, 3.8042843341827393, -70.06748962402344, 147.35374450683594, 10.836811065673828, -0.569753110408783, 1.908937931060791, 11.530743598937988, 32.30725860595703, 1.8293946981430054, 
84, 346697046, 3.4046881198883057, -69.32923126220703, 148.10491943359375, 11.927484512329102, 0.30448073148727417, 1.9049243927001953, 18.55083656311035, 46.89555358886719, 12.07961368560791, 
85, 346713713, 3.0901920795440674, -68.62705993652344, 148.6950225830078, 11.830219268798828, 0.8473673462867737, 1.7371459007263184, 14.440018653869629, 44.66610336303711, 9.564165115356445, 
86, 346730380, 3.319108247756958, -67.9089584350586, 148.7810516357422, 12.586469650268555, 0.5011927485466003, 1.6589784622192383, 18.770896911621094, 45.20646286010742, -1.171617865562439, 
87, 346747047, 3.9748427867889404, -67.28931427001953, 148.1490020751953, 11.492108345031738, 0.7050092816352844, 1.605259895324707, 4.506903171539307, 38.50419998168945, -17.432069778442383, 
88, 346763714, 5.210316181182861, -66.62672424316406, 146.89556884765625, 10.690296173095703, 0.9152819514274597, 1.748948574066162, 5.10929536819458, 39.80029296875, -33.126068115234375, 
89, 346780381, 6.517060279846191, -65.88823699951172, 145.56150817871094, 9.389839172363281, 1.0288655757904053, 2.146726369857788, 5.272563934326172, 43.48773193359375, -37.1334342956543, 
90, 346797048, 7.906134605407715, -65.10702514648438, 144.22103881835938, 8.383750915527344, 1.0167932510375977, 2.1857337951660156, 10.24581527709961, 45.125972747802734, -39.47084426879883, 
91, 346813715, 9.161849975585938, -64.28992462158203, 143.18560791015625, 7.9712114334106445, 0.41016122698783875, 2.3471250534057617, 19.210609436035156, 47.42351150512695, -33.98988723754883, 
92, 346830382, 10.217839241027832, -63.390960693359375, 142.56161499023438, 7.7753496170043945, 0.23950695991516113, 2.3140273094177246, 29.774761199951172, 53.32571792602539, -25.83005714416504, 
93, 346847049, 10.853231430053711, -62.48125457763672, 142.22256469726562, 7.177192687988281, 0.4456668496131897, 2.371633291244507, 20.02311134338379, 54.95901870727539, -19.604623794555664, 
94, 346863716, 11.385344505310059, -61.68871307373047, 142.00790405273438, 6.972440242767334, 0.4659571051597595, 2.1432528495788574, 20.55608558654785, 48.5250129699707, -15.638106346130371, 
95, 346880383, 11.893208503723145, -60.96066665649414, 141.83941650390625, 7.635713577270508, 0.7548416256904602, 1.8455647230148315, 21.6075382232666, 44.886077880859375, -14.14113998413086, 
96, 346897050, 12.286075592041016, -60.32897186279297, 141.68820190429688, 8.007232666015625, 1.5879544019699097, 1.7257983684539795, 15.655266761779785, 39.323089599609375, -12.877891540527344, 
97, 346913717, 12.570344924926758, -59.71846008300781, 141.5343475341797, 8.84547233581543, 1.6438573598861694, 1.5541249513626099, 9.00111198425293, 38.110015869140625, -12.934996604919434, 
98, 346930384, 13.1845703125, -59.26112747192383, 140.9405059814453, 9.758382797241211, 1.8803021907806396, 1.6427342891693115, 6.038567543029785, 26.237409591674805, -24.257749557495117, 
99, 346947051, 13.905484199523926, -59.014373779296875, 140.15093994140625, 10.43332576751709, 2.9205431938171387, 1.0505362749099731, 2.396921396255493, 12.440513610839844, -27.5552978515625, 
100, 346963718, 14.441892623901367, -58.6400032043457, 139.36476135253906, 11.129989624023438, 3.043654680252075, 0.4510429799556732, -8.489605903625488, 19.82492446899414, -29.525596618652344, 
101, 346980385, 14.82030200958252, -58.15468215942383, 138.55020141601562, 12.145586013793945, 3.248020648956299, -0.055181149393320084, -19.370983123779297, 26.081348419189453, -32.37408447265625, 
102, 346997052, 14.793896675109863, -57.60166931152344, 138.0655517578125, 12.459308624267578, 3.0234920978546143, -0.20991823077201843, -26.804025650024414, 32.92620086669922, -23.54578399658203, 
103, 347013719, 15.072800636291504, -57.260868072509766, 136.86386108398438, 12.210856437683105, 3.186098098754883, -0.546208918094635, -44.7680778503418, 14.99405288696289, -42.77373504638672, 
104, 347030386, 15.400080680847168, -57.03424072265625, 135.52284240722656, 11.996011734008789, 2.8948891162872314, -0.4086778163909912, -48.871334075927734, 7.329036235809326, -45.546104431152344, 
105, 347047053, 15.651691436767578, -56.88352966308594, 134.3012237548828, 11.971182823181152, 3.254011392593384, 0.3387356400489807, -47.41828536987305, 4.11483907699585, -40.655052185058594, 
106, 347063720, 15.790238380432129, -56.80199432373047, 133.29110717773438, 11.800506591796875, 3.3822240829467773, 1.251641035079956, -43.65184020996094, 2.1900367736816406, -32.81536865234375, 
107, 347080387, 15.941666603088379, -56.847347259521484, 132.363037109375, 11.873733520507812, 2.84989857673645, 1.1249299049377441, -38.88397216796875, -4.19442081451416, -27.99872589111328, 
108, 347097054, 15.882587432861328, -56.98627853393555, 131.89059448242188, 11.115045547485352, 3.3456223011016846, 2.0111193656921387, -28.75649642944336, -5.205562591552734, -11.930135726928711, 
109, 347113721, 15.29832649230957, -57.27951431274414, 132.37100219726562, 9.349605560302734, 4.22949743270874, 5.755745887756348, -12.360426902770996, -5.463399410247803, 20.574495315551758, 
110, 347130388, 14.530097007751465, -57.7465934753418, 133.43026733398438, 7.651314735412598, 3.844839334487915, 10.954034805297852, 6.001401424407959, -11.083512306213379, 41.137718200683594, 
111, 347147055, 13.777793884277344, -58.59318161010742, 134.00746154785156, 4.866015911102295, 0.8137288093566895, 8.127948760986328, -17.160808563232422, -38.03886413574219, 31.239519119262695, 
112, 347163722, 13.035176277160645, -58.859703063964844, 134.5123748779297, 4.823996543884277, -6.2282609939575195, 6.48537540435791, -19.98778533935547, -5.561160087585449, 20.14072608947754, 
113, 347180389, 13.248051643371582, -59.31671142578125, 134.8468017578125, 5.766425609588623, -7.329909324645996, 5.589297771453857, 28.990270614624023, -18.308238983154297, 16.94443702697754, 
114, 347197056, 13.002484321594238, -59.465301513671875, 136.1500244140625, 9.879733085632324, -2.377161979675293, 5.2427144050598145, 51.92110824584961, 6.203403472900391, 40.8839111328125, 
115, 347213723, 10.666120529174805, -59.7519645690918, 139.41232299804688, 15.135499000549316, 3.4753928184509277, 7.711486339569092, 28.260360717773438, 9.294066429138184, 100.22267150878906, 
116, 347230390, 6.448115825653076, -59.94617462158203, 144.3754425048828, 13.874510765075684, 6.184207439422607, 5.909332752227783, 4.17410135269165, 16.56968879699707, 149.47213745117188, 
117, 347247057, 3.434368371963501, -59.75648498535156, 147.82037353515625, 13.649669647216797, 3.644845962524414, 4.78535795211792, -2.353214979171753, 26.191749572753906, 102.61149597167969, 
118, 347263724, 2.3930416107177734, -59.84474563598633, 149.6986846923828, 11.823132514953613, 1.5674906969070435, 1.856956124305725, 34.660953521728516, 3.6569430828094482, 57.217071533203125, 
119, 347280391, 1.140137791633606, -59.79752731323242, 151.6310272216797, 14.162158966064453, 2.244427442550659, 1.891108751296997, 24.833717346191406, 10.948461532592773, 58.52430725097656, 
120, 347297058, -1.4150828123092651, -59.52022933959961, 154.38453674316406, 15.680444717407227, 3.545745611190796, 1.2364275455474854, -10.896368026733398, 23.088468551635742, 83.95059204101562, 
121, 347313725, -5.257083415985107, -59.084320068359375, 157.98428344726562, 15.95561408996582, 3.4143316745758057, 0.736435055732727, -44.903263092041016, 26.76087760925293, 112.30442810058594, 
122, 347330392, -9.19941234588623, -58.360511779785156, 161.13902282714844, 16.425384521484375, 3.006678342819214, -0.08869269490242004, -74.78901672363281, 38.226436614990234, 104.00765991210938, 
123, 347347059, -12.831602096557617, -57.495452880859375, 163.51763916015625, 16.905126571655273, 2.895693063735962, 0.0479171946644783, -96.95384979248047, 44.47649002075195, 85.7694091796875, 
124, 347363726, -16.012678146362305, -56.74079132080078, 165.18038940429688, 15.506841659545898, 1.3108477592468262, -0.09763696044683456, -107.01055145263672, 38.85750961303711, 65.68849182128906, 
125, 347380393, -18.691162109375, -55.911277770996094, 166.2465362548828, 13.59042739868164, -0.5236024260520935, 0.3605189323425293, -107.34989929199219, 45.84761047363281, 51.082252502441406, 
126, 347397060, -20.875919342041016, -55.247920989990234, 166.81622314453125, 11.616742134094238, -2.918164014816284, 1.5948052406311035, -102.69728088378906, 40.146934509277344, 34.362674713134766, 
127, 347413727, -22.355661392211914, -54.97895812988281, 167.01390075683594, 8.654974937438965, -3.76676607131958, 4.397322654724121, -78.76541137695312, 21.91771697998047, 15.113780975341797, 
128, 347430394, -23.197721481323242, -55.35859680175781, 167.1325225830078, 7.537428855895996, -3.82002854347229, 4.9829607009887695, -44.33094024658203, -13.228438377380371, -2.20827317237854, 
129, 347447061, -22.757246017456055, -55.75460433959961, 166.81417846679688, 5.804450511932373, -5.660649299621582, 4.700308799743652, 11.049681663513184, -8.408605575561523, -16.473480224609375, 
130, 347463728, -20.52676773071289, -57.669864654541016, 165.23583984375, 1.914007544517517, -6.968891143798828, 5.136773586273193, 55.03602981567383, -78.4967269897461, -88.30442810058594, 
131, 347480395, -18.422800064086914, -59.71986389160156, 162.9501953125, -0.3705875873565674, -7.23341178894043, 6.193922519683838, 9.408740997314453, -83.31560516357422, -106.2841796875, 
132, 347497062, -16.762630462646484, -62.2428092956543, 160.89227294921875, -4.043417930603027, -1.610547423362732, 1.5471211671829224, -8.052788734436035, -117.7352523803711, -101.42290496826172, 
133, 347513729, -13.506688117980957, -63.48411560058594, 158.68157958984375, -3.7075557708740234, 0.09955241531133652, -3.4355404376983643, 77.52079772949219, -47.919921875, -76.6525650024414, 
134, 347530396, -9.472217559814453, -63.3069953918457, 156.61546325683594, -1.4498848915100098, 0.06746704876422882, -0.8811222314834595, 131.33685302734375, 29.70073890686035, -51.34250259399414, 
135, 347547063, -8.771285057067871, -63.06654739379883, 156.17591857910156, -0.5074375867843628, -2.059375524520874, 15.85740852355957, 18.572860717773438, 24.323484420776367, -8.673004150390625, 
136, 347563730, -10.272814750671387, -63.5350227355957, 157.05120849609375, 1.057021975517273, -2.859294891357422, 5.852890491485596, -43.12958526611328, -24.463979721069336, 19.301219940185547, 
137, 347580397, -12.540814399719238, -62.98215866088867, 159.88580322265625, 10.578292846679688, 5.5869293212890625, 7.671960830688477, 15.973480224609375, 24.158737182617188, 82.09510803222656, 
138, 347597064, -16.342044830322266, -62.506195068359375, 163.53440856933594, 36.33137130737305, -1.3735544681549072, 1.0636452436447144, -33.360233306884766, 9.231919288635254, 105.12098693847656, 
139, 347613731, -14.276427268981934, -61.79759979248047, 160.20831298828125, 14.16191577911377, -1.7175127267837524, 11.009078025817871, -52.40849685668945, 73.13243103027344, -77.5225601196289, 
140, 347630398, -11.16880989074707, -61.24789047241211, 157.29901123046875, 14.53862190246582, -11.852289199829102, 8.141414642333984, 32.947933197021484, 57.74403762817383, -72.73860931396484, 
141, 347647065, -9.37197494506836, -60.87192916870117, 156.19606018066406, 13.740137100219727, -3.536059617996216, 4.4416093826293945, 50.03219985961914, 35.07990264892578, -26.975143432617188, 
142, 347663732, -7.924808979034424, -60.666507720947266, 155.3443145751953, 16.311824798583984, -1.9209421873092651, 4.514760494232178, 42.40151596069336, 23.236942291259766, -22.517047882080078, 
143, 347680399, -5.277369499206543, -60.59837341308594, 153.4095458984375, 17.25140953063965, -2.0069620609283447, 3.3899447917938232, 57.812191009521484, 18.112592697143555, -55.897743225097656, 
144, 347697066, 0.08940083533525467, -60.76811218261719, 149.4873046875, 16.45595359802246, -1.4822845458984375, 2.0170445442199707, 116.81962585449219, 2.8572535514831543, -115.58052825927734, 
145, 347713733, 5.583532333374023, -61.08372116088867, 145.8837127685547, 13.482260704040527, -0.6444737911224365, 1.4244557619094849, 140.53404235839844, -15.95522689819336, -104.31083679199219, 
146, 347730400, 10.009109497070312, -61.402950286865234, 143.88992309570312, 11.562713623046875, 2.549133539199829, 1.3894284963607788, 160.413818359375, -18.375661849975586, -55.06639099121094, 
147, 347747067, 14.160680770874023, -61.88187789916992, 142.62667846679688, 9.509831428527832, 3.5874574184417725, 2.6417388916015625, 182.00132751464844, -27.058374404907227, -30.03990364074707, 
148, 347763734, 17.10330581665039, -62.39021301269531, 141.890869140625, 10.807329177856445, 5.8932108879089355, 2.0265259742736816, 137.01571655273438, -26.323101043701172, -12.630668640136719, 
149, 347780401, 19.160114288330078, -63.040523529052734, 141.78860473632812, 8.085628509521484, 3.8193013668060303, 2.1445837020874023, 117.29794311523438, -29.242156982421875, 8.531610488891602, 
150, 347797068, 18.322696685791016, -63.40720748901367, 143.49014282226562, 8.186396598815918, 5.633274078369141, 3.9684014320373535, 40.22296905517578, 2.6885523796081543, 49.70970153808594, 
151, 347813735, 16.026926040649414, -64.35892486572266, 145.84657287597656, 3.663252830505371, 5.417974948883057, 7.210968017578125, -11.451251029968262, -27.4779109954834, 75.65618133544922, 
152, 347830402, 13.613588333129883, -66.25186920166016, 148.4761962890625, -2.2273473739624023, 4.250193119049072, 6.842883110046387, -2.02180552482605, -84.57354736328125, 92.4314193725586, 
153, 347847069, 11.17435073852539, -68.52690124511719, 151.93563842773438, -7.591941833496094, 1.1189055442810059, 2.4584801197052, 44.801029205322266, -108.29556274414062, 107.1534423828125, 
154, 347863736, 7.810853481292725, -69.77264404296875, 156.01925659179688, -6.341602802276611, -2.529416561126709, -0.10362452268600464, 26.82750129699707, -51.82126235961914, 98.32950592041016, 
155, 347880403, 4.745750904083252, -70.18234252929688, 158.92123413085938, -4.124631881713867, -2.3170971870422363, -0.27600395679473877, -20.501405715942383, -10.613138198852539, 61.837154388427734, 
156, 347897070, 2.4377167224884033, -70.61869812011719, 160.87103271484375, -1.0940866470336914, -0.656730055809021, 1.3963507413864136, -28.358610153198242, -16.49471664428711, 40.61959457397461, 
157, 347913737, 1.5251964330673218, -71.54354858398438, 161.3948211669922, 1.1285550594329834, 0.322519451379776, 3.8077964782714844, -25.068283081054688, -48.08187484741211, 11.928040504455566, 
158, 347930404, 3.917015314102173, -72.83832550048828, 159.376953125, 2.3801205158233643, 3.412259101867676, 21.25520896911621, 28.15682601928711, -72.5650863647461, -33.44379806518555, 
159, 347947071, 7.163009166717529, -74.2326431274414, 155.50042724609375, 5.643802165985107, 1.04014253616333, -0.6437037587165833, -28.46493148803711, -84.05904388427734, -57.462928771972656, 
160, 347963738, 10.330994606018066, -73.18562316894531, 150.49447631835938, 42.16266632080078, -1.4223116636276245, 5.886519432067871, -104.67803955078125, 54.59190368652344, -94.32762145996094, 
161, 347980405, 10.280654907226562, -72.51612091064453, 152.05136108398438, 16.35735321044922, 1.9083235263824463, 4.233564853668213, 85.98871612548828, 50.41227340698242, 19.90071678161621, 
162, 347997072, 8.22765064239502, -71.64747619628906, 153.6484375, 17.25640106201172, 8.27598762512207, 4.052694320678711, -32.24724578857422, 62.150665283203125, 20.741209030151367, 
163, 348013739, 6.049427032470703, -71.31379699707031, 154.9994354248047, 15.297270774841309, 4.511651992797852, 1.007009506225586, -54.199825286865234, 29.08352279663086, 23.55851173400879, 
164, 348030406, 2.6868274211883545, -71.2673110961914, 157.31857299804688, 19.83238410949707, 6.934416770935059, 0.6448161005973816, -70.37777709960938, 12.392285346984863, 45.07502365112305, 
165, 348047073, -2.313542366027832, -71.00054931640625, 160.72705078125, 17.7507381439209, 4.808984756469727, -1.47248113155365, -106.98873138427734, 22.71211051940918, 67.3171157836914, 
166, 348063740, -10.012452125549316, -70.6131591796875, 165.28358459472656, 17.1931209564209, 2.5699303150177, 0.007790789008140564, -204.21627807617188, 20.27734375, 93.53654479980469, 
167, 348080407, -16.047515869140625, -70.613037109375, 168.43211364746094, 12.262245178222656, -2.393702983856201, -0.3383140563964844, -184.3607635498047, -7.101529598236084, 63.19500732421875, 
168, 348097074, -21.188770294189453, -70.78887939453125, 170.88772583007812, 12.371428489685059, -4.571385860443115, 0.8326433897018433, -169.7618865966797, -18.395566940307617, 44.999794006347656, 
169, 348113741, -26.226970672607422, -71.42216491699219, 173.48629760742188, 12.994256019592285, -5.355100154876709, 4.50748348236084, -154.9795379638672, -47.88348388671875, 33.17229461669922, 
170, 348130408, -29.203508377075195, -72.12313079833984, 175.07980346679688, 12.642618179321289, -6.395562648773193, 4.466944217681885, -87.88092803955078, -44.07154083251953, 9.051518440246582, 
171, 348147075, -28.534908294677734, -73.3246841430664, 174.81617736816406, 9.568290710449219, -6.145963191986084, 7.370306491851807, 24.9716739654541, -53.90203857421875, -37.03239440917969, 
172, 348163742, -25.21072006225586, -75.49791717529297, 171.13555908203125, 4.1980414390563965, -5.726639747619629, 8.220154762268066, -13.36347770690918, -82.77220153808594, -110.2519760131836, 
173, 348180409, -19.031339645385742, -78.1080093383789, 164.15933227539062, -4.494500637054443, -0.433400958776474, 4.977552890777588, -37.00513458251953, -102.63994598388672, -146.05245971679688, 
174, 348197076, -12.415473937988281, -80.9386978149414, 156.90037536621094, -12.05679988861084, 1.83702552318573, 0.127653568983078, -31.68115997314453, -135.8838348388672, -120.864990234375, 
175, 348213743, -2.4371135234832764, -82.2115707397461, 146.87425231933594, -11.576980590820312, -1.196207880973816, -1.1025047302246094, 3.269280433654785, -58.42045974731445, -95.80084228515625, 
176, 348230410, 9.77608871459961, -81.67081451416016, 135.04827880859375, -3.9050655364990234, -2.864755392074585, 1.6527104377746582, 29.842065811157227, 31.439838409423828, -99.94935607910156, 
177, 348247077, 18.406835556030273, -80.6442642211914, 127.22478485107422, -0.17101028561592102, -2.215259075164795, 2.7413995265960693, 53.59210968017578, 47.4868278503418, -83.8917236328125, 
178, 348263744, 21.368820190429688, -79.66226959228516, 125.3907699584961, 4.041457176208496, -0.8615120053291321, -0.9725601673126221, 68.89662170410156, 54.262794494628906, -36.913936614990234, 
179, 348280411, 13.462016105651855, -78.69467163085938, 132.27740478515625, 8.746912956237793, 0.033720463514328, 14.400253295898438, -68.9192886352539, 83.83451843261719, 57.379058837890625, 
180, 348297078, -3.3866512775421143, -79.5273208618164, 148.09884643554688, 26.95966911315918, -2.8054378032684326, 9.044297218322754, -78.7618408203125, -29.020780563354492, 183.1768341064453, 
181, 348313745, -7.458532333374023, -77.99882507324219, 151.22984313964844, 26.431310653686523, -5.898464202880859, 2.659956455230713, -60.240882873535156, 92.14215850830078, 45.675811767578125, 
182, 348330412, -7.8036346435546875, -76.0124740600586, 151.3452911376953, 20.894790649414062, -5.558946132659912, 3.719388008117676, -14.082533836364746, 122.3863525390625, 17.649545669555664, 
183, 348347079, -4.374939918518066, -74.9580078125, 149.1569366455078, 18.64396858215332, -4.084530353546143, 2.1190309524536133, 78.5443344116211, 70.8952407836914, -26.018817901611328, 
184, 348363746, -0.2607501745223999, -73.98746490478516, 146.77264404296875, 18.42048454284668, -4.655144691467285, 0.8475622534751892, 108.99723052978516, 64.34780883789062, -36.15106964111328, 
185, 348380413, 3.8558509349823, -73.25366973876953, 144.91409301757812, 17.36530876159668, -3.7651588916778564, -1.9224404096603394, 140.0665283203125, 47.838314056396484, -33.349830627441406, 
186, 348397080, 8.158390998840332, -72.74454498291016, 143.04977416992188, 14.545618057250977, -0.09515200555324554, -1.631652593612671, 151.2952423095703, 32.103973388671875, -36.550228118896484, 
187, 348413747, 12.705218315124512, -72.17610931396484, 140.85057067871094, 11.6986083984375, 4.3707194328308105, 0.27386873960494995, 147.07972717285156, 31.74311637878418, -46.22599411010742, 
188, 348430414, 16.275146484375, -71.24100494384766, 139.7671661376953, 12.293087005615234, 6.736231327056885, 1.7646043300628662, 152.47262573242188, 54.741539001464844, -34.62499237060547, 
189, 348447081, 19.43854522705078, -70.53028106689453, 138.0137939453125, 13.288165092468262, 8.313608169555664, 5.429836273193359, 90.26464080810547, 35.60948181152344, -46.467742919921875, 
190, 348463748, 22.42560386657715, -69.8355712890625, 137.1315460205078, 11.90328598022461, 7.967057704925537, 8.105464935302734, 129.14437866210938, 38.01223373413086, -31.95975685119629, 
191, 348480415, 23.854795455932617, -69.63411712646484, 138.5421905517578, 6.865520000457764, 6.17900276184082, 8.690260887145996, 164.78294372558594, 27.88136863708496, 22.15715217590332, 
192, 348497082, 22.739879608154297, -70.0546646118164, 141.47386169433594, 1.2320973873138428, 2.2221102714538574, 6.175173759460449, 97.84552764892578, 5.695379257202148, 65.80232238769531, 
193, 348513749, 20.33490753173828, -71.74811553955078, 144.60519409179688, -8.654903411865234, -3.7315399646759033, 2.370737314224243, 32.916831970214844, -67.3237075805664, 94.70877075195312, 
194, 348530416, 16.059240341186523, -73.8834228515625, 149.4691925048828, -11.617037773132324, -5.203603267669678, -1.7249337434768677, 22.106233596801758, -90.3768310546875, 121.97467803955078, 
195, 348547083, 8.367995262145996, -74.72321319580078, 156.75181579589844, -6.85767126083374, -1.0042014122009277, -3.4594054222106934, -40.872711181640625, -19.945796966552734, 126.01002502441406, 
196, 348563750, 0.37554123997688293, -74.70173645019531, 163.4276885986328, -3.1849377155303955, 0.9541610479354858, 1.6363564729690552, -93.21066284179688, 13.612785339355469, 105.04978942871094, 
197, 348580417, -5.30161714553833, -75.08519744873047, 167.72354125976562, -0.263022780418396, 1.4209707975387573, 3.0161783695220947, -91.84620666503906, -21.710676193237305, 66.08814239501953, 
198, 348597084, -6.328041076660156, -75.75553131103516, 168.99636840820312, 4.600076675415039, 1.8291738033294678, 15.600394248962402, 12.236162185668945, -37.98345947265625, 15.113791465759277, 
199, 348613751, -0.6846053600311279, -78.47188568115234, 164.2196502685547, 5.052932262420654, 4.187532424926758, 10.199446678161621, 58.986854553222656, -155.41209411621094, -73.5799789428711, 
200, 348630418, 5.05397367477417, -78.30622863769531, 157.275146484375, 49.832679748535156, 5.839374542236328, 1.5663021802902222, -64.01920318603516, 9.46019172668457, -83.74474334716797, 
201, 348647085, 7.924428939819336, -77.34158325195312, 155.1315155029297, 18.21533203125, -6.016786575317383, 2.3036584854125977, 46.23622131347656, 57.619728088378906, -32.82853317260742, 
202, 348663752, 7.122286796569824, -76.46099853515625, 155.36781311035156, 17.20126724243164, 8.160272598266602, 1.9831781387329102, -34.493812561035156, 56.081993103027344, -3.407085657119751, 
203, 348680419, 4.398334503173828, -75.47306060791016, 156.30636596679688, 16.346439361572266, 8.842477798461914, -0.9043174982070923, -109.091552734375, 63.71602249145508, 8.350096702575684, 
204, 348697086, 0.5583420991897583, -74.92060852050781, 157.6238555908203, 17.95966148376465, 8.887876510620117, -2.4716343879699707, -154.40615844726562, 37.5726318359375, 19.89049530029297, 
205, 348713753, -3.919437885284424, -74.22313690185547, 159.1802520751953, 16.53117561340332, 4.4301862716674805, -1.1810884475708008, -179.2267608642578, 44.97666931152344, 27.658628463745117, 
206, 348730420, -9.497801780700684, -73.5867919921875, 161.6710968017578, 13.916492462158203, 0.13442575931549072, -0.5049121379852295, -191.76377868652344, 37.145423889160156, 47.45936965942383, 
207, 348747087, -14.870810508728027, -73.32845306396484, 164.00592041015625, 10.504671096801758, -3.4283478260040283, 0.5073894262313843, -188.74378967285156, 10.931441307067871, 44.171417236328125, 
208, 348763754, -21.704771041870117, -73.31101989746094, 167.52780151367188, 10.84864330291748, -8.106830596923828, 3.455728769302368, -208.1915283203125, -13.801816940307617, 59.72836685180664, 
209, 348780421, -28.735702514648438, -73.44475555419922, 172.266357421875, 12.270660400390625, -10.664875030517578, 5.4647064208984375, -149.84400939941406, -37.752994537353516, 71.63567352294922, 
210, 348797088, -33.30913162231445, -74.16731262207031, 175.5168914794922, 10.747535705566406, -10.631636619567871, 8.776334762573242, -87.39501190185547, -61.15696716308594, 25.328100204467773, 
211, 348813755, -34.016693115234375, -75.99299621582031, 175.2458038330078, 6.83823823928833, -8.162285804748535, 9.691612243652344, -58.37006759643555, -85.15497589111328, -63.59303665161133, 
212, 348830422, -27.645999908447266, -77.4302978515625, 168.47503662109375, -0.8614164590835571, 0.7461404204368591, 4.275684356689453, -13.350420951843262, -22.80400276184082, -124.00316619873047, 
213, 348847089, -19.207565307617188, -79.60734558105469, 160.02584838867188, -13.943885803222656, 8.565217018127441, 0.41009068489074707, 9.178482055664062, -76.38404846191406, -144.02059936523438, 
214, 348863756, -10.362506866455078, -80.97343444824219, 151.6336669921875, -14.737530708312988, 4.0297698974609375, -1.5194097757339478, 34.058013916015625, -54.46929931640625, -102.24803161621094, 
215, 348880423, -2.154360055923462, -80.16857147216797, 144.2924346923828, -6.492964744567871, -1.7652469873428345, 1.4104747772216797, 57.63895034790039, 58.6469612121582, -65.60818481445312, 
216, 348897090, 4.965195178985596, -80.1714096069336, 137.52586364746094, -1.457421064376831, -2.982107162475586, 3.926487684249878, 26.85745620727539, 0.9019492268562317, -68.5212631225586, 
217, 348913757, 7.4225640296936035, -80.54701232910156, 134.56033325195312, 3.174468994140625, -5.021209239959717, 12.080862998962402, -28.2026309967041, -23.043916702270508, -26.61305809020996, 
218, 348930424, -2.2995822429656982, -78.94139099121094, 143.102294921875, 21.264785766601562, -3.159113883972168, 17.669099807739258, -79.08737182617188, 102.05900573730469, 87.09504699707031, 
219, 348947091, -10.639945030212402, -77.84561920166016, 150.89642333984375, 45.551612854003906, -8.978682518005371, -0.3409518599510193, -42.4714469909668, 55.937538146972656, 100.92496490478516, 
220, 348963758, -11.536808967590332, -76.38764190673828, 151.3019561767578, 22.927976608276367, -7.343699932098389, 7.326068878173828, -30.183303833007812, 86.64083862304688, 21.875164031982422, 
221, 348980425, -7.431859016418457, -75.20745086669922, 148.72018432617188, 14.374140739440918, -4.857182025909424, 3.5871260166168213, 96.11215209960938, 77.84069061279297, -26.3607234954834, 
222, 348997092, -4.503662586212158, -74.61763000488281, 147.5586700439453, 16.883663177490234, -3.2549965381622314, 4.0701093673706055, 108.4791030883789, 38.815128326416016, -15.046140670776367, 
223, 349013759, -1.8225843906402588, -74.56550598144531, 147.12139892578125, 16.197080612182617, -4.441669940948486, -1.094916820526123, 135.70460510253906, 5.255241870880127, -7.528959274291992, 
224, 349030426, 0.19345223903656006, -74.49430084228516, 147.68785095214844, 15.480204582214355, -0.5497666001319885, -1.4247654676437378, 153.91061401367188, 6.112612247467041, 8.254782676696777, 
225, 349047093, 2.5383620262145996, -74.5220947265625, 148.2047882080078, 13.050359725952148, 2.2848446369171143, 0.3791448175907135, 170.7816619873047, 0.7322017550468445, 7.491117000579834, 
226, 349063760, 5.869056224822998, -74.61750793457031, 147.86021423339844, 11.447421073913574, 4.387991905212402, 2.0454695224761963, 180.0677947998047, -3.7970755100250244, -5.741211891174316, 
227, 349080427, 10.023808479309082, -74.57686614990234, 146.02609252929688, 9.49758243560791, 5.243798732757568, 3.2472403049468994, 143.2838134765625, 0.7279550433158875, -29.72028160095215, 
228, 349097094, 13.165911674499512, -74.28707885742188, 145.10873413085938, 9.387300491333008, 4.903167724609375, 4.750723361968994, 135.5311737060547, 16.385114669799805, -18.13407325744629, 
229, 349113761, 14.628273010253906, -73.6287841796875, 146.58323669433594, 5.423901081085205, 2.0222506523132324, 6.9004316329956055, 172.73118591308594, 46.4364128112793, 14.32676887512207, 
230, 349130428, 13.333481788635254, -73.32432556152344, 149.5155487060547, 3.094040632247925, 2.5388143062591553, 5.377474784851074, 90.93765258789062, 31.799772262573242, 44.34123229980469, 
231, 349147095, 9.264726638793945, -74.3547134399414, 154.29490661621094, -3.7661547660827637, 2.4763686656951904, 4.8499755859375, 31.231115341186523, -43.133819580078125, 90.67789459228516, 
232, 349163762, 1.9736882448196411, -77.14778900146484, 163.27468872070312, -10.705680847167969, 1.771159291267395, 1.9485299587249756, 84.77021789550781, -151.74642944335938, 148.69569396972656, 
233, 349180429, -9.76143741607666, -78.18517303466797, 175.886474609375, -7.950150966644287, -0.038945261389017105, -2.7336058616638184, 35.03679656982422, -71.30250549316406, 157.34127807617188, 
234, 349197096, -18.026132583618164, -77.57136535644531, -176.6255645751953, -3.9681742191314697, 0.11803510040044785, -1.5994278192520142, -56.894317626953125, 14.483114242553711, 100.91783905029297, 
235, 349213763, -24.348039627075195, -77.93206024169922, -171.4966278076172, -2.3821749687194824, 1.7777214050292969, -0.3050924241542816, -78.91397857666016, -42.240447998046875, 53.569488525390625, 
236, 349230430, -29.633790969848633, -78.85823822021484, -167.2429962158203, 0.11249092221260071, 1.9947152137756348, 4.729823112487793, -67.49856567382812, -71.26860809326172, 21.095073699951172, 
237, 349247097, -28.28203773498535, -80.28295135498047, -168.2158660888672, 2.3977537155151367, 3.519594669342041, 28.341676712036133, 23.30602264404297, -68.3607406616211, -49.995521545410156, 
238, 349263764, -12.66372013092041, -81.93898010253906, 174.61810302734375, 29.369590759277344, -7.287031650543213, -2.908512592315674, -81.15669250488281, -36.522823333740234, -182.16033935546875, 
239, 349280431, -10.503274917602539, -81.71883392333984, 173.86941528320312, 38.210079193115234, 2.8549928665161133, 9.55663013458252, 84.89908599853516, 14.639205932617188, -3.094050168991089, 
240, 349297098, -11.993754386901855, -80.38240051269531, 175.40634155273438, 20.695968627929688, 8.459528923034668, 4.540768146514893, 1.3576973676681519, 76.12077331542969, 30.420259475708008, 
241, 349313765, -12.409271240234375, -79.32588958740234, 174.64453125, 17.08724594116211, 6.345914363861084, -0.18794266879558563, -70.34600067138672, 63.901466369628906, 6.593355655670166, 
242, 349330432, -11.591361999511719, -78.97306060791016, 171.71095275878906, 18.26864242553711, 8.867366790771484, -0.7782011032104492, -124.28179931640625, 27.970788955688477, -26.732667922973633, 
243, 349347099, -13.004024505615234, -78.5276107788086, 170.4281768798828, 17.020898818969727, 5.360109329223633, -3.1817874908447266, -160.8212432861328, 29.848182678222656, -7.4108195304870605, 
244, 349363766, -16.490543365478516, -78.48374938964844, 170.6148223876953, 16.056007385253906, 0.0804559513926506, -0.0849435031414032, -198.84536743164062, 2.7456164360046387, 4.52230978012085, 
245, 349380433, -19.926103591918945, -78.87747955322266, 171.06893920898438, 12.677841186523438, -3.8470282554626465, 0.5760530829429626, -180.035888671875, -23.257038116455078, -0.7053852081298828, 
246, 349397100, -24.725770950317383, -79.10977172851562, 173.9315185546875, 12.166586875915527, -6.934601306915283, 2.6999130249023438, -119.96089172363281, -24.427812576293945, 26.39906883239746, 
247, 349413767, -30.597492218017578, -79.69637298583984, 178.14486694335938, 11.029407501220703, -6.7111711502075195, 3.8298301696777344, -104.32538604736328, -51.832313537597656, 25.866395950317383, 
248, 349430434, -40.44461441040039, -81.7094955444336, -173.52806091308594, 8.792180061340332, -8.99514389038086, 8.104569435119629, -98.11788940429688, -144.08253479003906, -3.6325576305389404, 
249, 349447101, -50.02349853515625, -84.00302124023438, -164.98118591308594, 6.761903285980225, -8.007512092590332, 5.853981018066406, -66.18216705322266, -141.31796264648438, -52.237247467041016, 
250, 349463768, -44.351463317871094, -85.64891052246094, -171.02308654785156, 0.9148716330528259, -1.8025492429733276, 5.449375629425049, -21.073808670043945, -42.68410110473633, -94.57422637939453, 
251, 349480435, -31.116905212402344, -87.32958221435547, 176.04299926757812, -9.641758918762207, 4.042719841003418, 5.387271881103516, 19.13368797302246, -50.04322052001953, -98.90855407714844, 
252, 349497102, 4.342073917388916, -88.41020965576172, 140.88174438476562, -13.359210968017578, 2.8088126182556152, -1.3429120779037476, 18.976411819458008, -42.295772552490234, -89.32876586914062, 
253, 349513769, 32.79088592529297, -87.57675170898438, 112.89631652832031, -6.542365550994873, 0.21960732340812683, -1.5153242349624634, 28.578664779663086, 27.446582794189453, -70.4013671875, 
254, 349530436, 42.79281234741211, -86.6070785522461, 103.28612518310547, -3.108259439468384, -0.787621259689331, 1.3073413372039795, 24.135360717773438, 28.021333694458008, -58.35225296020508, 
255, 349547103, 60.599544525146484, -86.55480194091797, 85.79290008544922, -2.910552740097046, -2.1632533073425293, 2.8558847904205322, 20.592479705810547, -46.92625045776367, -40.817626953125, 
256, 349563770, 67.82078552246094, -86.36552429199219, 78.50886535644531, 3.3439414501190186, -3.119354486465454, 8.1157808303833, -2.9436891078948975, -19.34394645690918, -21.75989532470703, 
257, 349580437, 35.67706298828125, -85.73143768310547, 108.14842224121094, 9.014155387878418, -1.0045825242996216, 24.681358337402344, -151.55963134765625, 117.81766510009766, 46.2827262878418, 
258, 349597104, -4.1944966316223145, -85.34196472167969, 147.74594116210938, 48.329654693603516, -3.7523608207702637, -4.011712551116943, -36.1430549621582, 68.78529357910156, 167.21487426757812, 
259, 349613771, 0.28888916969299316, -82.79813385009766, 142.26318359375, 22.13184928894043, -1.4759657382965088, 4.8707122802734375, -58.423458099365234, 152.6309814453125, -29.172765731811523, 
260, 349630438, 3.4844486713409424, -81.50560760498047, 139.9270782470703, 20.883413314819336, -11.243219375610352, 4.009929180145264, 52.780555725097656, 75.91793060302734, -22.136505126953125, 
261, 349647105, 4.561193943023682, -80.74732208251953, 140.46005249023438, 18.367721557617188, -4.2482523918151855, 2.8815371990203857, 96.2164077758789, 44.76161575317383, 0.9162474870681763, 
262, 349663772, 4.025064468383789, -80.57837677001953, 143.1123504638672, 18.899620056152344, -5.963455677032471, -0.095730721950531, 124.90692138671875, 11.08403205871582, 24.13772964477539, 
263, 349680439, 3.2788453102111816, -80.78036499023438, 146.3999786376953, 17.330984115600586, -0.8583787083625793, -0.9722790122032166, 149.934326171875, -10.89345645904541, 31.717220306396484, 
264, 349697106, 4.162542343139648, -80.81108856201172, 147.99826049804688, 15.025927543640137, 2.266953706741333, -1.0200881958007812, 147.71820068359375, -1.5272308588027954, 14.614727973937988, 
265, 349713773, 6.50411319732666, -80.53598022460938, 148.54910278320312, 13.914831161499023, 3.7979345321655273, 0.7542102932929993, 173.1103057861328, 16.38861083984375, 3.238161325454712, 
266, 349730440, 11.551177024841309, -80.31089782714844, 145.8197021484375, 12.2978515625, 4.392307758331299, 1.9731647968292236, 141.3279266357422, 8.59538459777832, -29.28996467590332, 
267, 349747107, 15.602744102478027, -80.01651000976562, 143.281982421875, 11.883585929870605, 7.4540934562683105, 3.3615081310272217, 93.05265808105469, 10.637328147888184, -29.424772262573242, 
268, 349763774, 15.085333824157715, -79.12092590332031, 145.24325561523438, 8.113676071166992, 6.796525001525879, 7.186579704284668, 84.6142349243164, 57.00360107421875, 6.688055992126465, 
269, 349780441, 10.859095573425293, -78.70467376708984, 150.37393188476562, 3.0425801277160645, 5.311171531677246, 7.629469871520996, 48.381832122802734, 36.98380661010742, 52.73143005371094, 
270, 349797108, 5.912611961364746, -80.18812561035156, 156.0344696044922, -4.941931247711182, -0.0928766056895256, 5.36922550201416, 36.89114761352539, -79.71209716796875, 75.3777084350586, 
271, 349813775, -1.2574667930603027, -83.37818908691406, 164.34866333007812, -13.649993896484375, -3.093172788619995, 1.0646940469741821, 63.4183349609375, -188.87657165527344, 79.87959289550781, 
272, 349830442, -12.71939468383789, -83.68742370605469, 176.16522216796875, -8.277755737304688, -0.22803878784179688, -5.4011549949646, 16.460390090942383, -29.10721778869629, 77.73677062988281, 
273, 349847109, -20.32455062866211, -82.18058776855469, -177.09738159179688, -3.825497627258301, -0.09723260998725891, 0.18402817845344543, -55.49956130981445, 71.5362777709961, 74.1280746459961, 
274, 349863776, -27.621870040893555, -81.8440170288086, -170.52719116210938, -1.5297468900680542, -0.6734690070152283, 2.580449104309082, -47.92074966430664, -4.674508571624756, 58.953609466552734, 
275, 349880443, -35.549827575683594, -82.99249267578125, -162.93246459960938, 0.729461669921875, -0.6093060970306396, 1.5888354778289795, -24.45079231262207, -90.94953918457031, 15.829028129577637, 
276, 349897110, -33.80454635620117, -83.62612915039062, -163.97695922851562, 6.08206844329834, 0.7649274468421936, 14.543879508972168, 41.99087142944336, -28.040042877197266, -26.99317741394043, 
277, 349913777, -15.560023307800293, -85.87645721435547, 178.11260986328125, 9.356415748596191, -5.8118157386779785, 22.57842445373535, 23.854663848876953, -81.71083068847656, -143.9436492919922, 
278, 349930444, 0.5378645062446594, -85.15123748779297, 162.7890167236328, 38.283958435058594, 6.677781105041504, -0.2923361659049988, 48.93954849243164, 49.942588806152344, -64.89823150634766, 
279, 349947111, -3.3504648208618164, -84.29627990722656, 167.5057830810547, 20.193025588989258, -2.009955883026123, -2.027599573135376, 48.22514343261719, 48.61604309082031, 28.133562088012695, 
280, 349963778, -10.18565559387207, -82.7880859375, 174.2457733154297, 22.60062599182129, 8.720447540283203, 1.4599573612213135, -8.581283569335938, 82.55857849121094, 56.588836669921875, 
281, 349980445, -10.314088821411133, -81.4786376953125, 173.58485412597656, 20.032346725463867, 5.738807201385498, 1.6131067276000977, -47.435333251953125, 76.57962036132812, 9.720352172851562, 
282, 349997112, -12.508235931396484, -80.683837890625, 174.02818298339844, 17.5776309967041, 10.960542678833008, -4.1810407638549805, -105.87834167480469, 44.30204391479492, 14.672529220581055, 
283, 350013779, -16.66765022277832, -79.88520050048828, 175.49160766601562, 16.776201248168945, 4.398955345153809, -2.7773852348327637, -163.62158203125, 41.26658630371094, 27.8531436920166, 
284, 350030446, -20.28709602355957, -79.820556640625, 176.6137237548828, 15.069380760192871, -0.6944838762283325, -1.0803583860397339, -151.5487823486328, -1.2675800323486328, 13.922574996948242, 
285, 350047113, -23.822656631469727, -79.5057373046875, 177.39027404785156, 13.018460273742676, -3.2478625774383545, -0.53113853931427, -166.9523468017578, 13.307278633117676, 16.112276077270508, 
286, 350063780, -28.499889373779297, -78.74754333496094, 179.4111785888672, 13.417396545410156, -5.858975887298584, 2.008235454559326, -162.21041870117188, 29.785486221313477, 41.59657669067383, 
287, 350080447, -33.166873931884766, -78.66083526611328, -178.69549560546875, 10.815672874450684, -3.6821746826171875, 6.041727542877197, -169.26385498046875, -7.862685203552246, 22.447105407714844, 
288, 350097114, -40.76066207885742, -80.3186264038086, -171.7787322998047, 10.553376197814941, -8.528365135192871, 7.465015411376953, -48.1674919128418, -125.86145782470703, 1.2301926612854004, 
289, 350113781, -46.06087875366211, -82.36634826660156, -168.12913513183594, 5.699703216552734, -7.629008769989014, 8.402119636535645, -102.07872009277344, -113.0592269897461, -60.2933235168457, 
290, 350130448, -39.23310470581055, -83.90532684326172, -176.04649353027344, -1.3167399168014526, -1.9609471559524536, 4.9029436111450195, -62.52469253540039, -30.743377685546875, -104.30433654785156, 
291, 350147115, -28.092247009277344, -85.98224639892578, 172.09381103515625, -13.351447105407715, 5.042148590087891, 3.4061074256896973, -40.87769317626953, -70.02059173583984, -121.10657501220703, 
292, 350163782, -4.135217189788818, -87.16911315917969, 148.09262084960938, -12.886889457702637, 3.985501766204834, -1.412007451057434, -0.5114437937736511, -44.889835357666016, -101.51838684082031, 
293, 350180449, 17.020950317382812, -86.26178741455078, 128.01785278320312, -5.917465686798096, -0.3936265707015991, 0.18120169639587402, 66.5963363647461, 43.97349548339844, -74.21306610107422, 
294, 350197116, 30.19085693359375, -85.12279510498047, 115.60454559326172, -1.5945881605148315, -0.9231730699539185, 2.7763710021972656, 47.334869384765625, 38.3269157409668, -78.28035736083984, 
295, 350213783, 39.5198974609375, -84.4830322265625, 106.75338745117188, 2.177241802215576, -0.21325552463531494, 0.5499845147132874, 30.81841468811035, 2.3211827278137207, -61.198638916015625, 
296, 350230450, 29.729047775268555, -83.26927185058594, 115.90299987792969, 9.440913200378418, -1.72683846950531, 13.325674057006836, -41.56425094604492, 91.39513397216797, 6.996454238891602, 
297, 350247117, -4.056577682495117, -84.29888916015625, 147.29776000976562, 32.797630310058594, -1.1550493240356445, 11.644115447998047, -153.9725799560547, -15.201725006103516, 209.55084228515625, 
298, 350263784, -0.4156489670276642, -82.6283950805664, 142.74600219726562, 27.44681739807129, -9.471997261047363, 4.368744850158691, -53.108123779296875, 99.11152648925781, -27.43550682067871, 
299, 350280451, 1.828029751777649, -80.67897033691406, 140.5437774658203, 22.889474868774414, -8.549668312072754, 2.160245418548584, 3.748335361480713, 114.53519439697266, -21.24062728881836, 
300, 350297118, 5.250003814697266, -79.22464752197266, 138.26153564453125, 18.99553108215332, -4.478357315063477, 2.04412579536438, 70.4539566040039, 83.52864074707031, -30.073442459106445, 
301, 350313785, 8.19355297088623, -78.4623031616211, 137.11895751953125, 16.72311782836914, -5.938930034637451, 0.2861163020133972, 109.40550231933594, 41.86538314819336, -19.393150329589844, 
302, 350330452, 11.008393287658691, -78.32757568359375, 137.09228515625, 16.857044219970703, -3.8320655822753906, -3.241753101348877, 167.43429565429688, 6.019157409667969, -2.558725118637085, 
303, 350347119, 12.862841606140137, -78.43842315673828, 138.10540771484375, 14.589919090270996, 0.877187967300415, -2.243129014968872, 170.92703247070312, -5.666774749755859, 12.519400596618652, 
304, 350363786, 14.318070411682129, -78.31192016601562, 139.36508178710938, 11.931253433227539, 3.868544578552246, 0.8518287539482117, 161.43930053710938, 9.44005012512207, 12.387115478515625, 
305, 350380453, 15.25508975982666, -77.86274719238281, 140.63275146484375, 12.938959121704102, 5.610419273376465, 1.2791364192962646, 130.69711303710938, 28.607738494873047, 7.939441204071045, 
306, 350397120, 17.04515838623047, -77.40416717529297, 141.0647430419922, 10.348236083984375, 5.121758460998535, 6.225390434265137, 132.74359130859375, 26.602428436279297, -2.3868541717529297, 
307, 350413787, 21.457195281982422, -77.01871490478516, 140.02061462402344, 10.485243797302246, 7.389639854431152, 6.638206958770752, 203.62384033203125, 15.794571876525879, -20.462697982788086, 
308, 350430454, 22.589427947998047, -76.53235626220703, 140.88705444335938, 3.3638617992401123, 4.572535991668701, 10.035429000854492, 118.505615234375, 29.96346664428711, 0.7157974243164062, 
309, 350447121, 21.10332489013672, -76.56065368652344, 143.52120971679688, -2.446280002593994, 4.757546424865723, 6.518657207489014, 64.48001861572266, 10.323066711425781, 35.6190299987793, 
310, 350463788, 18.26587677001953, -78.23176574707031, 147.31655883789062, -9.660074234008789, -0.7936787009239197, 2.820714235305786, 51.863834381103516, -79.56383514404297, 81.60247039794922, 
311, 350480455, 12.70009708404541, -80.48603820800781, 153.5410614013672, -11.296635627746582, -5.169147968292236, -1.7328311204910278, 32.95176696777344, -113.7945785522461, 103.58416748046875, 
312, 350497122, 3.79677677154541, -80.91267395019531, 161.71163940429688, -4.481537818908691, -2.067775011062622, -2.6152286529541016, -50.68019485473633, -15.914694786071777, 82.93272399902344, 
313, 350513789, -5.346130847930908, -81.19197082519531, 170.20257568359375, -2.291339635848999, -0.17359566688537598, 1.4059463739395142, -45.66908645629883, -19.677370071411133, 79.726806640625, 
314, 350530456, -13.714107513427734, -82.68104553222656, 178.17088317871094, -1.3249003887176514, 0.6760284900665283, 1.1624330282211304, -29.089065551757812, -100.89816284179688, 52.0667610168457, 
315, 350547123, -15.929210662841797, -83.4679946899414, -179.39871215820312, 4.0067572593688965, 1.9941658973693848, 12.36872673034668, 11.39801025390625, -52.03632736206055, 5.660015106201172, 
316, 350563790, -3.3603367805480957, -84.70650482177734, 168.69479370117188, 5.551289081573486, 4.329473495483398, 20.03889274597168, 43.04499816894531, -62.788543701171875, -83.98015594482422, 
317, 350580457, 6.284329891204834, -83.5372314453125, 157.71481323242188, 54.79783630371094, 7.7952728271484375, -3.868762731552124, -77.05553436279297, 65.30030822753906, -68.2063980102539, 
318, 350597124, 12.698443412780762, -82.50603485107422, 152.0428924560547, 20.305837631225586, -2.9853742122650146, 0.6836132407188416, 46.7326545715332, 51.695091247558594, -49.83047103881836, 
319, 350613791, 8.951255798339844, -81.6224594116211, 155.20651245117188, 18.35944938659668, 7.541694641113281, -1.3357784748077393, -37.114742279052734, 54.627410888671875, 16.793163299560547, 
320, 350630458, 5.550643444061279, -80.78437042236328, 156.41452026367188, 18.10681915283203, 5.76812744140625, 0.028785288333892822, -132.73866271972656, 49.08863067626953, 5.758269786834717, 
321, 350647125, 2.099839687347412, -80.40523529052734, 157.52865600585938, 16.791963577270508, 10.62615966796875, -4.758986949920654, -141.46478271484375, 21.333017349243164, 10.482999801635742, 
322, 350663792, -4.030125617980957, -79.95532989501953, 160.33909606933594, 15.41291332244873, 5.36638879776001, -3.71165132522583, -202.0767059326172, 24.616775512695312, 30.431432723999023, 
323, 350680459, -9.159354209899902, -79.90716552734375, 162.49266052246094, 14.546874046325684, -2.3104631900787354, 0.7450127601623535, -181.0086212158203, -1.421895980834961, 23.950777053833008, 
324, 350697126, -14.737285614013672, -79.49588012695312, 165.92515563964844, 13.422335624694824, -6.263335704803467, 1.5458687543869019, -132.5386505126953, 14.873908042907715, 42.07173156738281, 
325, 350713793, -20.498844146728516, -79.29869842529297, 169.6361083984375, 11.742657661437988, -8.367252349853516, 3.2104578018188477, -127.34664916992188, -2.7045342922210693, 43.26077651977539, 
326, 350730460, -25.30838966369629, -79.69441223144531, 172.8822479248047, 12.757323265075684, -10.077048301696777, 7.22150182723999, -97.5753173828125, -37.24654006958008, 23.764385223388672, 
327, 350747127, -30.152023315429688, -81.38933563232422, 175.89700317382812, 8.036355972290039, -8.379316329956055, 10.237479209899902, -112.65128326416016, -105.48699951171875, -21.071428298950195, 
328, 350763794, -27.22734832763672, -81.80912017822266, 172.02056884765625, 3.261186361312866, -3.912719249725342, 7.100741386413574, -55.07603073120117, -7.646897792816162, -42.27245330810547, 
329, 350780461, -21.233322143554688, -83.42440032958984, 165.84783935546875, -7.537569046020508, 2.263702154159546, 3.3173298835754395, -8.106571197509766, -70.74301147460938, -83.6126708984375, 
330, 350797128, -6.092669486999512, -85.16998291015625, 150.75721740722656, -16.807273864746094, 4.713864803314209, 0.185996413230896, 7.00746488571167, -81.80656433105469, -112.15139770507812, 
331, 350813795, 9.238320350646973, -84.14228057861328, 136.16580200195312, -9.629950523376465, 2.404930830001831, -2.634209394454956, 47.87592697143555, 56.78197479248047, -83.24455261230469, 
332, 350830462, 15.337722778320312, -82.55458068847656, 130.97581481933594, -3.8503425121307373, -0.4354102909564972, 0.9351533651351929, 56.489742279052734, 83.28755950927734, -55.62394714355469, 
333, 350847129, 24.004140853881836, -82.85106658935547, 122.7145004272461, -1.542356014251709, -1.427045226097107, 2.2784583568573, 28.213613510131836, -39.91425704956055, -53.35472869873047, 
334, 350863796, 29.09296989440918, -83.41960144042969, 117.30831146240234, 4.328465938568115, 0.5926636457443237, 7.777824878692627, -16.76966667175293, -49.854881286621094, -19.562286376953125, 
335, 350880463, 11.626520156860352, -82.62059783935547, 132.11483764648438, 9.050942420959473, 1.3724751472473145, 25.36079978942871, -166.14234924316406, 79.8320083618164, 84.19396209716797, 
336, 350897130, -9.878252983093262, -81.90034484863281, 152.80923461914062, 52.77513885498047, -9.222838401794434, -3.1180667877197266, -59.87876510620117, 42.20475769042969, 165.33389282226562, 
337, 350913797, -3.9087021350860596, -79.81961059570312, 145.89639282226562, 19.96747398376465, -2.88558292388916, 5.3816237449646, -51.652069091796875, 129.13600158691406, -51.06127166748047, 
338, 350930464, 2.4998130798339844, -78.7457046508789, 140.270751953125, 20.336992263793945, -10.633831977844238, 2.1340525150299072, 52.682090759277344, 62.6287727355957, -62.65055847167969, 
339, 350947131, 3.0143814086914062, -77.6390151977539, 141.46180725097656, 16.691530227661133, -4.900636196136475, 3.2802813053131104, 100.75418090820312, 64.5977554321289, 10.521885871887207, 
340, 350963798, 2.265265703201294, -77.18807220458984, 144.33685302734375, 18.289182662963867, -6.772558689117432, -0.9167664051055908, 123.34465026855469, 26.343769073486328, 35.41956329345703, 
341, 350980465, 3.3678770065307617, -77.2905502319336, 145.9628143310547, 17.184722900390625, -1.1074637174606323, -2.0943241119384766, 161.23443603515625, -7.3536376953125, 20.92348289489746, 
342, 350997132, 5.908422470092773, -77.13410949707031, 146.220703125, 14.551891326904297, 1.7079495191574097, -1.2642931938171387, 167.4418487548828, 7.520607948303223, 1.9094363451004028, 
343, 351013799, 8.801773071289062, -76.49851989746094, 146.30137634277344, 12.606531143188477, 3.906057834625244, 0.800228476524353, 178.22116088867188, 35.971649169921875, -4.302403926849365, 
344, 351030466, 13.864507675170898, -75.85270690917969, 144.0234832763672, 11.761518478393555, 4.966513156890869, 2.467390298843384, 170.96456909179688, 29.655353546142578, -39.86817169189453, 
345, 351047133, 19.852266311645508, -75.89054107666016, 140.5503387451172, 9.566523551940918, 6.573225021362305, 5.892471790313721, 157.1194305419922, -18.792842864990234, -47.96457290649414, 
346, 351063800, 22.08717155456543, -75.3824691772461, 140.18331909179688, 7.768202781677246, 6.0106120109558105, 8.95927906036377, 112.70760345458984, 24.58420753479004, -15.663023948669434, 
347, 351080467, 20.8742733001709, -74.83084869384766, 142.56396484375, -0.20879009366035461, 4.165530681610107, 7.18490743637085, 65.19261932373047, 42.17149353027344, 22.61964225769043, 
348, 351097134, 18.771560668945312, -76.15052032470703, 145.52633666992188, -6.4002251625061035, 1.158575415611267, 4.722092151641846, 45.78875732421875, -61.56825637817383, 69.46800231933594, 
349, 351113801, 15.513030052185059, -78.6590805053711, 149.8283233642578, -13.859118461608887, -4.5065999031066895, 1.1514925956726074, 56.24003982543945, -129.4540252685547, 98.93453979492188, 
350, 351130468, 7.834854602813721, -79.49121856689453, 157.52386474609375, -7.252396583557129, -2.0668628215789795, -4.383142948150635, -7.584195137023926, -33.4662971496582, 96.4566421508789, 
351, 351147135, -1.1819285154342651, -79.65139770507812, 165.7482452392578, -2.673147678375244, 0.3596460521221161, 0.000017354264855384827, -56.054039001464844, -6.64555025100708, 90.3034439086914, 
352, 351163802, -8.866720199584961, -80.14451599121094, 172.7649688720703, -0.6787434220314026, 1.1922767162322998, 1.3132672309875488, -47.05927658081055, -38.10118865966797, 71.52719116210938, 
353, 351180469, -15.187521934509277, -81.26055145263672, 178.57427978515625, 0.9409312009811401, 2.312602996826172, 0.12118703871965408, -35.77007293701172, -79.35179138183594, 41.69913864135742, 
354, 351197136, -13.292255401611328, -81.27040100097656, 177.1951141357422, 8.275225639343262, 2.949477195739746, 19.424531936645508, 31.392406463623047, 0.34469708800315857, -11.691339492797852, 
355, 351213803, 4.914101600646973, -83.24390411376953, 157.44863891601562, 29.315946578979492, -6.1176910400390625, 12.026288032531738, -82.42342376708984, -107.3730239868164, -166.2775115966797, 
356, 351230470, 8.125126838684082, -82.06501770019531, 154.50486755371094, 33.36145782470703, 4.480749130249023, 5.7030768394470215, 17.129047393798828, 64.90096282958984, -29.988039016723633, 
357, 351247137, 8.886993408203125, -80.8252182006836, 154.93397521972656, 18.890785217285156, 4.219493389129639, 0.41535645723342896, 70.8362808227539, 71.36872100830078, -6.593027591705322, 
358, 351263804, 3.099243640899658, -79.8824234008789, 160.09938049316406, 19.32377815246582, 6.3147735595703125, -0.06557348370552063, -42.07097244262695, 58.9671745300293, 46.45826721191406, 
359, 351280471, 2.9246318340301514, -79.54114532470703, 158.3609161376953, 16.932106018066406, 8.623246192932129, 1.059409737586975, -113.50299072265625, 16.925655364990234, -18.89511489868164, 
360, 351297138, 0.4238468408584595, -79.27989959716797, 158.40780639648438, 15.863037109375, 10.197138786315918, -5.947360038757324, -147.67672729492188, 13.212936401367188, 0.9088088870048523, 
361, 351313805, -2.8479654788970947, -79.350830078125, 158.74359130859375, 17.04060173034668, 2.356107234954834, -1.5933868885040283, -176.91470336914062, -6.576909065246582, 4.5829644203186035, 
362, 351330472, -5.131180763244629, -79.78723907470703, 158.62109375, 14.726405143737793, -3.208540916442871, 0.9182020425796509, -144.6220703125, -28.15045166015625, -2.31671142578125, 
363, 351347139, -8.911935806274414, -79.69395446777344, 160.2671661376953, 12.582197189331055, -5.752001762390137, 0.12062545865774155, -130.0549774169922, 1.353188395500183, 18.759307861328125, 
364, 351363806, -14.404775619506836, -79.63014221191406, 163.86279296875, 11.143714904785156, -6.380209922790527, 0.8012234568595886, -117.7396240234375, -6.035096168518066, 39.0416145324707, 
365, 351380473, -21.090456008911133, -80.74215698242188, 168.71881103515625, 9.570982933044434, -6.234412670135498, 7.305196285247803, -114.44755554199219, -80.51471710205078, 27.06545639038086, 
366, 351397140, -28.27541160583496, -82.83924865722656, 173.7853546142578, 7.182522773742676, -6.829136848449707, 7.993851184844971, -109.97142028808594, -135.55416870117188, -9.539299011230469, 
367, 351413807, -28.56585693359375, -84.23387908935547, 173.0828094482422, 1.9916653633117676, -4.5755510330200195, 5.787779331207275, -41.877864837646484, -74.41411590576172, -41.76584243774414, 
368, 351430474, -20.438722610473633, -86.29419708251953, 164.43026733398438, -9.165175437927246, 0.8505992293357849, 5.267055511474609, -13.94144344329834, -97.20531463623047, -88.63524627685547, 
369, 351447141, 10.43462085723877, -87.12377166748047, 133.2440185546875, -15.68044662475586, 2.2148220539093018, 1.7590770721435547, -2.303126811981201, -40.923824310302734, -108.97592163085938, 
370, 351463808, 25.842695236206055, -85.8981704711914, 118.15959930419922, -7.238449573516846, 0.898210883140564, -3.238436698913574, 33.07929229736328, 50.05852127075195, -74.04341125488281, 
371, 351480475, 30.339153289794922, -84.69061279296875, 114.63623046875, -2.2887520790100098, -0.8182147741317749, 2.153477191925049, 71.41775512695312, 53.95758819580078, -48.25371170043945, 
372, 351497142, 39.719642639160156, -84.2152099609375, 105.64994049072266, -1.0809242725372314, -0.9431108236312866, 1.981770634651184, 38.58490753173828, -8.17063045501709, -57.6885986328125, 
373, 351513809, 56.968109130859375, -84.60897064208984, 88.81748962402344, -0.6992965340614319, -1.1915040016174316, 1.8862262964248657, 29.913822174072266, -91.0120620727539, -47.9289436340332, 
374, 351530476, 44.44355392456055, -84.02561950683594, 100.6141128540039, 9.694011688232422, -0.9959315657615662, 15.34958553314209, -46.84819793701172, 73.93646240234375, 17.066072463989258, 
375, 351547143, -6.221136093139648, -85.07041931152344, 149.33534240722656, 34.0766487121582, 12.85899829864502, 20.11078643798828, -128.00347900390625, 31.706567764282227, 272.9644775390625, 
376, 351563810, -2.1817665100097656, -83.86428833007812, 143.8305206298828, 33.33905792236328, -15.02426528930664, 0.7800859212875366, -86.40147399902344, 71.49185180664062, -26.707305908203125, 
377, 351580477, 0.40928101539611816, -80.72945404052734, 140.69662475585938, 21.83648681640625, -10.28584098815918, 4.239999294281006, -30.869190216064453, 185.5853271484375, -22.96038246154785, 
378, 351597144, 3.906169891357422, -79.74620056152344, 138.40182495117188, 20.133651733398438, -6.777909278869629, 0.41658562421798706, 74.25495147705078, 55.27144241333008, -26.42041778564453, 
379, 351613811, 0.11749377101659775, -79.38177490234375, 144.01101684570312, 18.549823760986328, -4.909738540649414, 0.9501461982727051, 103.8165512084961, 21.252120971679688, 59.218360900878906, 
380, 351630478, -2.0946357250213623, -79.15215301513672, 148.85443115234375, 20.60614013671875, -3.7708775997161865, -0.35368573665618896, 152.8898468017578, 10.167951583862305, 53.459205627441406, 
381, 351647145, -1.852707028388977, -79.34584045410156, 151.1711883544922, 15.900059700012207, 0.32783475518226624, -2.0704236030578613, 151.14227294921875, -15.072004318237305, 24.726322174072266, 
382, 351663812, -0.8042213320732117, -79.07569885253906, 151.9476776123047, 14.007701873779297, 3.7081687450408936, 0.9129043817520142, 108.71870422363281, 13.550782203674316, 8.463871955871582, 
383, 351680479, 0.5732120275497437, -78.54085540771484, 152.35321044921875, 13.449865341186523, 4.822648525238037, 0.523668110370636, 106.54595947265625, 29.68711280822754, 4.3640031814575195, 
384, 351697146, 2.779541492462158, -77.8858642578125, 151.3234100341797, 12.551912307739258, 6.1810622215271, 2.28886342048645, 71.92704010009766, 36.59428024291992, -13.980055809020996, 
385, 351713813, 5.543290615081787, -77.19791412353516, 148.99012756347656, 9.496191024780273, 5.704641819000244, 4.086869239807129, 29.164060592651367, 36.690635681152344, -33.132713317871094, 
386, 351730480, 5.543277740478516, -76.35989379882812, 148.9809112548828, 4.140604496002197, 4.789854526519775, 7.8805999755859375, -0.490288645029068, 47.747440338134766, -4.859223365783691, 
387, 351747147, 4.3146491050720215, -76.29698181152344, 150.45553588867188, -1.4761478900909424, 3.2857754230499268, 5.865164756774902, 12.278203964233398, 3.1543262004852295, 20.746728897094727, 
388, 351763814, 1.0556291341781616, -76.806640625, 154.07008361816406, -7.738687038421631, -0.32772335410118103, 3.238953113555908, 15.368844032287598, -30.67101287841797, 52.130638122558594, 
389, 351780481, -4.032496929168701, -78.24723052978516, 159.89910888671875, -13.34972095489502, -2.5087294578552246, 0.053804829716682434, 36.14949417114258, -90.82394409179688, 73.58511352539062, 
390, 351797148, -10.934514045715332, -78.39094543457031, 166.6763916015625, -5.881680011749268, -1.551041603088379, -3.819744110107422, -16.04469871520996, -21.840551376342773, 80.75774383544922, 
391, 351813815, -18.675756454467773, -78.08344268798828, 173.7305908203125, -2.4805564880371094, -1.883989930152893, 1.0669792890548706, -50.320716857910156, -6.723944664001465, 88.29891967773438, 
392, 351830482, -26.512258529663086, -78.6751937866211, -178.625732421875, -1.3815873861312866, -1.7000750303268433, 2.5429282188415527, -21.25133514404297, -70.64800262451172, 71.76634216308594, 
393, 351847149, -33.54800033569336, -80.22925567626953, -171.97021484375, -0.5477787256240845, 0.017873167991638184, 1.5267709493637085, -29.868017196655273, -119.64935302734375, 16.75836944580078, 
394, 351863816, -33.45903396606445, -80.68999481201172, -171.72657775878906, 5.013335227966309, 1.2139049768447876, 13.975412368774414, 19.38949966430664, -26.878530502319336, -13.145193099975586, 
395, 351880483, -19.990163803100586, -81.67447662353516, 175.23619079589844, 9.963726043701172, -9.519526481628418, 26.496477127075195, 34.717124938964844, -1.3574930429458618, -133.10577392578125, 
396, 351897150, -5.791656017303467, -81.51931762695312, 161.3404998779297, 42.41758346557617, 5.525270462036133, -2.6275572776794434, 26.82558250427246, 32.86132049560547, -116.42353820800781, 
397, 351913817, -8.133514404296875, -80.93789672851562, 164.17210388183594, 20.424715042114258, -0.148409903049469, -1.671527624130249, 27.255861282348633, 28.446775436401367, 30.12602424621582, 
398, 351930484, -13.694846153259277, -79.85063171386719, 169.16481018066406, 22.0727596282959, 9.581252098083496, 2.628587484359741, -38.486061096191406, 51.64576721191406, 61.5881233215332, 
399, 351947151, -12.986506462097168, -79.18131256103516, 166.98358154296875, 19.024293899536133, 7.479781627655029, 1.649071455001831, -86.40801239013672, 41.74168014526367, -13.569384574890137, 
400, 351963818, -13.861852645874023, -78.89739227294922, 165.61526489257812, 16.116540908813477, 9.933871269226074, -4.442608833312988, -133.3321990966797, 17.444786071777344, -10.82974910736084, 
401, 351980485, -16.00419807434082, -78.95162200927734, 164.9049072265625, 18.24811363220215, 1.2335740327835083, -1.3336142301559448, -170.5676727294922, -3.6050314903259277, -8.273439407348633, 
402, 351997152, -17.865631103515625, -79.34778594970703, 164.85794067382812, 16.186355590820312, -2.9734303951263428, 1.2144052982330322, -114.6380615234375, -25.024999618530273, -7.043572902679443, 
403, 352013819, -21.18389320373535, -79.25440979003906, 166.32298278808594, 13.70920467376709, -4.203536510467529, -0.8549400568008423, -112.90206146240234, -2.5373685359954834, 17.49207878112793, 
404, 352030486, -25.2789306640625, -78.63294219970703, 168.68772888183594, 11.664719581604004, -5.267944812774658, 1.4438070058822632, -106.64483642578125, 21.26831817626953, 39.775146484375, 
405, 352047153, -30.99254035949707, -79.51549530029297, 173.2207794189453, 12.477724075317383, -6.29261589050293, 3.4741714000701904, -75.96525573730469, -73.16332244873047, 20.39569854736328, 
406, 352063820, -40.08869552612305, -81.58466339111328, -178.56478881835938, 10.17551040649414, -7.420982360839844, 8.340043067932129, -59.72328567504883, -149.9402313232422, -6.437364101409912, 
407, 352080487, -42.9815673828125, -82.81157684326172, -176.91162109375, 4.089675426483154, -6.162454605102539, 6.457482814788818, -75.5343246459961, -66.3085708618164, -39.165252685546875, 
408, 352097154, -43.27104568481445, -84.1769790649414, -177.08004760742188, -2.7856802940368652, -0.9719961285591125, 5.362857818603516, -27.641130447387695, -61.36470031738281, -57.42300796508789, 
409, 352113821, -44.051734924316406, -86.05424499511719, -176.13800048828125, -14.409255027770996, 3.3407962322235107, 4.427076816558838, 9.290436744689941, -87.24478912353516, -74.8780288696289, 
410, 352130488, -32.40045928955078, -87.07229614257812, 172.7877655029297, -13.648974418640137, 2.652665853500366, -2.144239902496338, 35.644840240478516, -25.676542282104492, -69.37175750732422, 
411, 352147155, -13.770444869995117, -86.51451873779297, 155.0534210205078, -3.9424030780792236, 1.3208461999893188, -1.0805844068527222, 55.29812240600586, 51.18486022949219, -41.9867057800293, 
412, 352163822, -3.391274929046631, -85.94672393798828, 145.47850036621094, -0.9543354511260986, -0.2995162308216095, 1.5670597553253174, 49.460418701171875, 36.76976776123047, -32.563594818115234, 
413, 352180489, 7.8485517501831055, -86.53298950195312, 134.8369903564453, -0.20720170438289642, -0.3907566964626312, 1.2171467542648315, 37.26585388183594, -39.05961608886719, -40.7027587890625, 
414, 352197156, 17.25823402404785, -86.23995971679688, 126.3195571899414, 7.014915466308594, -2.443453550338745, 6.965767860412598, 54.58403396606445, 7.697237491607666, -35.46026611328125, 
415, 352213823, -4.458247661590576, -83.2870101928711, 146.92910766601562, 19.240934371948242, 3.481326103210449, 31.615694046020508, -71.03205108642578, 183.258056640625, 91.85664367675781, 
416, 352230490, -37.844993591308594, -83.8347396850586, 179.0591278076172, 32.992000579833984, -5.629010200500488, -5.012283802032471, -87.01504516601562, -109.43546295166016, 187.35971069335938, 
417, 352247157, -26.315073013305664, -82.20230102539062, 166.8424072265625, 28.128517150878906, -7.004523277282715, 4.787129878997803, -36.07033157348633, 127.08589935302734, -24.032621383666992, 
418, 352263824, -13.547510147094727, -81.73692321777344, 155.84292602539062, 22.639034271240234, -9.988787651062012, 1.5308864116668701, 112.38204193115234, 54.93229675292969, -77.51873779296875, 
419, 352280491, -13.551087379455566, -80.87161254882812, 157.7664031982422, 19.52717399597168, -3.8900957107543945, 0.8888396620750427, 113.78044128417969, 43.94468307495117, 28.64429473876953, 
420, 352297158, -17.621774673461914, -80.0824203491211, 164.7534942626953, 17.72417640686035, -6.5672607421875, -2.1156210899353027, 169.09890747070312, 24.624181747436523, 79.0919418334961, 
421, 352313825, -19.85379981994629, -79.9117431640625, 170.4215850830078, 18.618968963623047, -1.2994019985198975, -0.680500864982605, 200.82672119140625, -11.3487548828125, 58.907310485839844, 
422, 352330492, -19.854206085205078, -79.77481079101562, 173.10496520996094, 16.70108985900879, 2.0962636470794678, -1.1630090475082397, 158.2694091796875, -3.7867934703826904, 29.349559783935547, 
423, 352347159, -18.446327209472656, -79.22573852539062, 173.4057159423828, 16.391345977783203, 6.001537322998047, 0.038173165172338486, 102.03473663330078, 28.38445281982422, 13.935660362243652, 
424, 352363826, -14.832254409790039, -79.0203857421875, 171.46339416503906, 12.519006729125977, 5.701162338256836, 0.6176480054855347, 102.23322296142578, 16.626384735107422, -17.32948875427246, 
425, 352380493, -8.555061340332031, -79.37759399414062, 166.64479064941406, 8.691439628601074, 6.150208473205566, 4.017131328582764, 92.49858093261719, -11.301931381225586, -57.0078239440918, 
426, 352397160, -2.7025206089019775, -79.84493255615234, 161.48324584960938, 9.17391300201416, 7.079806804656982, 4.357122898101807, 46.4365119934082, -23.60751724243164, -57.800537109375, 
427, 352413827, 1.5422416925430298, -79.83980560302734, 157.7237548828125, 0.318429559469223, 3.5067527294158936, 6.718326091766357, 32.5885124206543, -0.40948033332824707, -39.152164459228516, 
428, 352430494, 2.376018524169922, -80.27061462402344, 157.31414794921875, -5.721651077270508, 2.4359354972839355, 5.54711389541626, 25.774738311767578, -27.05718994140625, -2.703542947769165, 
429, 352447161, -2.737060070037842, -81.23863983154297, 162.71519470214844, -12.7034912109375, -2.2508609294891357, 1.5409947633743286, 13.03217887878418, -59.22616195678711, 52.53268814086914, 
430, 352463828, -10.673990249633789, -81.18416595458984, 170.53042602539062, -7.22929048538208, -3.8288960456848145, -2.9942591190338135, -12.863306999206543, -6.086300849914551, 72.09062957763672, 
431, 352480495, -20.52227783203125, -81.27210998535156, 179.81321716308594, -3.896282911300659, -3.3662033081054688, -0.3557114601135254, -40.513126373291016, -28.705902099609375, 80.82782745361328, 
432, 352497162, -32.27307891845703, -81.7096176147461, -168.6134796142578, -1.4581652879714966, -1.9028700590133667, 0.18714077770709991, -18.35198211669922, -69.72423553466797, 80.7126235961914, 
433, 352513829, -43.39997482299805, -82.28253173828125, -157.60560607910156, -0.27117300033569336, -0.4290573000907898, 1.1916157007217407, -13.66188907623291, -83.9740982055664, 51.93482971191406, 
434, 352530496, -51.761924743652344, -82.66658020019531, -149.40122985839844, 0.9570869207382202, 1.1894677877426147, 1.4426473379135132, -13.818376541137695, -63.596622467041016, 26.873470306396484, 
435, 352547163, -46.99863052368164, -82.61964416503906, -153.73153686523438, 6.59915018081665, 2.3463807106018066, 23.07956314086914, 27.995346069335938, 26.605785369873047, -19.127168655395508, 
436, 352563830, -20.257816314697266, -84.22338104248047, 178.622314453125, 42.039615631103516, -12.13849925994873, 8.739692687988281, -44.05133056640625, 25.795516967773438, -208.06890869140625, 
437, 352580497, -8.0441255569458, -84.36160278320312, 168.57411193847656, 16.853681564331055, 4.563045501708984, 7.151235103607178, 132.8335723876953, 6.035725116729736, -59.774681091308594, 
438, 352597164, -14.784794807434082, -82.92272186279297, 175.8694305419922, 21.560766220092773, 4.920045375823975, -1.6437336206436157, 30.564680099487305, 74.30502319335938, 64.91875457763672, 
439, 352613831, -21.706443786621094, -81.6087417602539, -178.67172241210938, 19.65587615966797, 8.347055435180664, 1.6991486549377441, -90.7813949584961, 60.55107498168945, 66.92176818847656, 
440, 352630498, -19.749977111816406, -81.89765930175781, 177.57200622558594, 18.641687393188477, 9.150914192199707, 0.3810824155807495, -105.7197036743164, -5.118109703063965, -35.89175033569336, 
441, 352647165, -17.42409896850586, -81.98626708984375, 172.81454467773438, 16.390592575073242, 7.065601348876953, -2.0014777183532715, -143.11094665527344, 7.4320244789123535, -39.095924377441406, 
442, 352663832, -14.949973106384277, -82.67908477783203, 167.78587341308594, 17.3012638092041, -1.3621597290039062, 1.1463662385940552, -150.58522033691406, -28.861709594726562, -49.69340515136719, 
443, 352680499, -13.08164119720459, -83.11054992675781, 164.86363220214844, 15.009050369262695, -3.9631733894348145, 2.9627788066864014, -61.88420486450195, -20.001155853271484, -26.82042694091797, 
444, 352697166, -15.420564651489258, -83.15644836425781, 166.51258850097656, 12.993778228759766, -5.5244669914245605, 0.21896012127399445, -42.10396194458008, -5.6798787117004395, 11.217977523803711, 
445, 352713833, -22.601932525634766, -83.0979995727539, 173.2570343017578, 9.526728630065918, -4.998940467834473, -0.670655369758606, -29.119842529296875, -12.501054763793945, 47.26747131347656, 
446, 352730500, -33.11351013183594, -83.86624145507812, -176.18716430664062, 8.556604385375977, -3.8915085792541504, 0.698965311050415, -1.4136972427368164, -74.11692810058594, 42.34640884399414, 
447, 352747167, -53.76155090332031, -85.55970764160156, -155.97711181640625, 6.695620059967041, -5.430543422698975, 2.4796597957611084, -31.227800369262695, -149.01351928710938, 12.235539436340332, 
448, 352763834, -63.039546966552734, -86.0392837524414, -147.03060913085938, 6.220646858215332, -4.405542850494385, 0.9834580421447754, -21.33271598815918, -48.4156608581543, -3.6109721660614014, 
449, 352780501, -61.61764907836914, -86.27985382080078, -148.86129760742188, -2.1281042098999023, 0.21628814935684204, 4.152953624725342, -24.31427574157715, -0.08332475274801254, -15.977420806884766, 
450, 352797168, -86.66487884521484, -87.4317398071289, -123.73908233642578, -8.151558876037598, 3.6212053298950195, 5.146994590759277, 2.345876932144165, -97.22813415527344, -42.25709533691406, 
451, 352813835, -124.11200714111328, -88.18177795410156, -85.69194793701172, -9.9866304397583, 4.291757583618164, -0.6080108880996704, 34.45887756347656, -71.3165512084961, -63.529483795166016, 
452, 352830502, -120.71795654296875, -89.26432037353516, -88.1412124633789, -5.468599319458008, 1.7865434885025024, -1.003726840019226, 56.70249938964844, 37.6959342956543, -52.767154693603516, 
453, 352847169, 15.995206832885742, -89.7316665649414, 136.20603942871094, -2.539811134338379, -0.9411167502403259, 1.7644131183624268, 63.75362777709961, 37.883113861083984, -42.171573638916016, 
